"table","column","property","type","nullable","status","table_purpose","assessment","schema","introduced_in","read_evidence","write_evidence","review_evidence","database_dependencies"
"accounts","id","id","text","false","FRAMEWORK","Credential and OIDC account identities, passwords and provider tokens.","Better Auth core model/adapter owns this field; absence from application queries does not make it unused.","packages/db/src/schema/auth.ts:110","0000_auth","apps/api/src/modules/auth/routes.ts:381; apps/api/src/modules/auth/routes.ts:450; apps/api/src/modules/auth/routes.ts:518; apps/api/src/modules/users/routes.ts:91","","apps/api/src/auth/instance.ts:216; apps/api/node_modules/better-auth/dist/db/internal-adapter.mjs","foreign_key:accounts_user_id_users_id_fk; primary_key:accounts_pkey"
"accounts","user_id","userId","text","false","FRAMEWORK","Credential and OIDC account identities, passwords and provider tokens.","Better Auth core model/adapter owns this field; absence from application queries does not make it unused.","packages/db/src/schema/auth.ts:111","0000_auth","apps/api/src/modules/auth/routes.ts:383; apps/api/src/modules/auth/routes.ts:452; apps/api/src/modules/auth/routes.ts:520; apps/api/src/modules/users/routes.ts:93; apps/api/src/modules/users/routes.ts:139","","apps/api/src/auth/instance.ts:216; apps/api/node_modules/better-auth/dist/db/internal-adapter.mjs","index:accounts_user_id_idx; foreign_key:accounts_user_id_users_id_fk"
"accounts","account_id","accountId","text","false","FRAMEWORK","Credential and OIDC account identities, passwords and provider tokens.","Better Auth core model/adapter owns this field; absence from application queries does not make it unused.","packages/db/src/schema/auth.ts:114","0000_auth","","","apps/api/src/auth/instance.ts:216; apps/api/node_modules/better-auth/dist/db/internal-adapter.mjs","index:accounts_provider_account_unique"
"accounts","provider_id","providerId","text","false","FRAMEWORK","Credential and OIDC account identities, passwords and provider tokens.","Better Auth core model/adapter owns this field; absence from application queries does not make it unused.","packages/db/src/schema/auth.ts:115","0000_auth","","","apps/api/src/auth/instance.ts:216; apps/api/node_modules/better-auth/dist/db/internal-adapter.mjs","index:accounts_provider_account_unique"
"accounts","password","password","text","true","FRAMEWORK","Credential and OIDC account identities, passwords and provider tokens.","Better Auth core model/adapter owns this field; absence from application queries does not make it unused.","packages/db/src/schema/auth.ts:121","0000_auth","","","apps/api/src/auth/instance.ts:216; apps/api/node_modules/better-auth/dist/db/internal-adapter.mjs",""
"accounts","access_token","accessToken","text","true","FRAMEWORK","Credential and OIDC account identities, passwords and provider tokens.","Better Auth core model/adapter owns this field; absence from application queries does not make it unused.","packages/db/src/schema/auth.ts:141","0000_auth","","","apps/api/src/auth/instance.ts:216; apps/api/node_modules/better-auth/dist/db/internal-adapter.mjs",""
"accounts","refresh_token","refreshToken","text","true","FRAMEWORK","Credential and OIDC account identities, passwords and provider tokens.","Better Auth core model/adapter owns this field; absence from application queries does not make it unused.","packages/db/src/schema/auth.ts:142","0000_auth","","","apps/api/src/auth/instance.ts:216; apps/api/node_modules/better-auth/dist/db/internal-adapter.mjs",""
"accounts","access_token_expires_at","accessTokenExpiresAt","timestamp with time zone","true","FRAMEWORK","Credential and OIDC account identities, passwords and provider tokens.","Better Auth core model/adapter owns this field; absence from application queries does not make it unused.","packages/db/src/schema/auth.ts:143","0000_auth","","","apps/api/src/auth/instance.ts:216; apps/api/node_modules/better-auth/dist/db/internal-adapter.mjs",""
"accounts","refresh_token_expires_at","refreshTokenExpiresAt","timestamp with time zone","true","FRAMEWORK","Credential and OIDC account identities, passwords and provider tokens.","Better Auth core model/adapter owns this field; absence from application queries does not make it unused.","packages/db/src/schema/auth.ts:144","0000_auth","","","apps/api/src/auth/instance.ts:216; apps/api/node_modules/better-auth/dist/db/internal-adapter.mjs",""
"accounts","scope","scope","text","true","FRAMEWORK","Credential and OIDC account identities, passwords and provider tokens.","Better Auth core model/adapter owns this field; absence from application queries does not make it unused.","packages/db/src/schema/auth.ts:145","0000_auth","","","apps/api/src/auth/instance.ts:216; apps/api/node_modules/better-auth/dist/db/internal-adapter.mjs",""
"accounts","id_token","idToken","text","true","FRAMEWORK","Credential and OIDC account identities, passwords and provider tokens.","Better Auth core model/adapter owns this field; absence from application queries does not make it unused.","packages/db/src/schema/auth.ts:150","0000_auth","","","apps/api/src/auth/instance.ts:216; apps/api/node_modules/better-auth/dist/db/internal-adapter.mjs",""
"accounts","created_at","createdAt","timestamp with time zone","false","FRAMEWORK","Credential and OIDC account identities, passwords and provider tokens.","Better Auth core model/adapter owns this field; absence from application queries does not make it unused.","packages/db/src/schema/auth.ts:151","0000_auth","","","apps/api/src/auth/instance.ts:216; apps/api/node_modules/better-auth/dist/db/internal-adapter.mjs",""
"accounts","updated_at","updatedAt","timestamp with time zone","false","FRAMEWORK","Credential and OIDC account identities, passwords and provider tokens.","Better Auth core model/adapter owns this field; absence from application queries does not make it unused.","packages/db/src/schema/auth.ts:152","0000_auth","","","apps/api/src/auth/instance.ts:216; apps/api/node_modules/better-auth/dist/db/internal-adapter.mjs",""
"activity_log","id","id","text","false","ACTIVE","Append-only activity feeds and administrator audit history.","Current runtime query, row projection, filtering, authorization or processing reads this field; see evidence and table purpose.","packages/db/src/schema/activity.ts:42","0004_activity_log","apps/api/src/pipeline/contract-analysis.ts:318; apps/api/src/modules/audit-log/routes.ts:190; apps/api/src/modules/audit-log/routes.ts:269; apps/api/src/modules/audit-log/routes.ts:270; apps/api/src/modules/audit-log/routes.ts:272","","apps/api/src/pipeline/contract-analysis.ts:318; apps/api/src/modules/audit-log/routes.ts:190; apps/api/src/modules/audit-log/routes.ts:269; apps/api/src/modules/audit-log/routes.ts:270","index:activity_log_entity_idx; index:activity_log_created_at_idx; foreign_key:activity_log_actor_id_users_id_fk; primary_key:activity_log_pkey"
"activity_log","entity_type","entityType","text","false","ACTIVE","Append-only activity feeds and administrator audit history.","Current runtime query, row projection, filtering, authorization or processing reads this field; see evidence and table purpose.","packages/db/src/schema/activity.ts:43","0004_activity_log","apps/api/src/pipeline/contract-analysis.ts:322; apps/api/src/pipeline/morning-round.ts:788; apps/api/src/modules/audit-log/routes.ts:192; apps/api/src/modules/audit-log/routes.ts:235; apps/api/src/modules/audit-log/routes.ts:296","","apps/api/src/pipeline/contract-analysis.ts:322; apps/api/src/pipeline/morning-round.ts:788; apps/api/src/modules/audit-log/routes.ts:192; apps/api/src/modules/audit-log/routes.ts:235","index:activity_log_entity_idx; check:activity_log_entity_type_check"
"activity_log","entity_id","entityId","text","true","ACTIVE","Append-only activity feeds and administrator audit history.","Current runtime query, row projection, filtering, authorization or processing reads this field; see evidence and table purpose.","packages/db/src/schema/activity.ts:48","0004_activity_log","apps/api/src/pipeline/contract-analysis.ts:323; apps/api/src/pipeline/morning-round.ts:789; apps/api/src/modules/audit-log/routes.ts:193; apps/api/src/modules/audit-log/routes.ts:243; apps/api/src/modules/audit-log/routes.ts:300","","apps/api/src/pipeline/contract-analysis.ts:323; apps/api/src/pipeline/morning-round.ts:789; apps/api/src/modules/audit-log/routes.ts:193; apps/api/src/modules/audit-log/routes.ts:243","index:activity_log_entity_idx"
"activity_log","actor_id","actorId","text","true","ACTIVE","Append-only activity feeds and administrator audit history.","Current runtime query, row projection, filtering, authorization or processing reads this field; see evidence and table purpose.","packages/db/src/schema/activity.ts:50","0004_activity_log","apps/api/src/modules/audit-log/routes.ts:233; apps/api/src/modules/audit-log/routes.ts:392; apps/api/src/modules/activity/routes.ts:261; apps/api/src/modules/contracts/routes.ts:1201; apps/api/src/lib/activity.ts:212","","apps/api/src/modules/audit-log/routes.ts:233; apps/api/src/modules/audit-log/routes.ts:392; apps/api/src/modules/activity/routes.ts:261; apps/api/src/modules/contracts/routes.ts:1201","index:activity_log_actor_idx; foreign_key:activity_log_actor_id_users_id_fk"
"activity_log","action","action","text","false","ACTIVE","Append-only activity feeds and administrator audit history.","Current runtime query, row projection, filtering, authorization or processing reads this field; see evidence and table purpose.","packages/db/src/schema/activity.ts:52","0004_activity_log","apps/api/src/pipeline/contract-analysis.ts:326; apps/api/src/pipeline/contract-analysis.ts:330; apps/api/src/pipeline/morning-round.ts:790; apps/api/src/modules/audit-log/routes.ts:191; apps/api/src/modules/audit-log/routes.ts:234","","apps/api/src/pipeline/contract-analysis.ts:326; apps/api/src/pipeline/contract-analysis.ts:330; apps/api/src/pipeline/morning-round.ts:790; apps/api/src/modules/audit-log/routes.ts:191","index:activity_log_action_idx; foreign_key:activity_log_actor_id_users_id_fk"
"activity_log","visibility","visibility","text","false","ACTIVE","Append-only activity feeds and administrator audit history.","Current runtime query, row projection, filtering, authorization or processing reads this field; see evidence and table purpose.","packages/db/src/schema/activity.ts:53","0004_activity_log","apps/api/src/modules/audit-log/routes.ts:194; apps/api/src/modules/activity/routes.ts:249; apps/api/src/modules/activity/routes.ts:266; apps/api/src/lib/activity.ts:129; apps/api/src/lib/activity.ts:138","","apps/api/src/modules/audit-log/routes.ts:194; apps/api/src/modules/activity/routes.ts:249; apps/api/src/modules/activity/routes.ts:266; apps/api/src/lib/activity.ts:129","check:activity_log_visibility_check"
"activity_log","payload","payload","jsonb","false","ACTIVE","Append-only activity feeds and administrator audit history.","Current runtime query, row projection, filtering, authorization or processing reads this field; see evidence and table purpose.","packages/db/src/schema/activity.ts:55","0004_activity_log","apps/api/src/lib/contract-access.ts:617; apps/api/src/lib/contract-access.ts:620; apps/api/src/pipeline/contract-analysis.ts:327; apps/api/src/pipeline/contract-analysis.ts:331; apps/api/src/modules/audit-log/routes.ts:196","","apps/api/src/lib/contract-access.ts:617; apps/api/src/lib/contract-access.ts:620; apps/api/src/pipeline/contract-analysis.ts:327; apps/api/src/pipeline/contract-analysis.ts:331",""
"activity_log","created_at","createdAt","timestamp with time zone","false","ACTIVE","Append-only activity feeds and administrator audit history.","Current runtime query, row projection, filtering, authorization or processing reads this field; see evidence and table purpose.","packages/db/src/schema/activity.ts:56","0004_activity_log","apps/api/src/pipeline/morning-round.ts:784; apps/api/src/pipeline/morning-round.ts:793; apps/api/src/modules/audit-log/routes.ts:195; apps/api/src/modules/audit-log/routes.ts:236; apps/api/src/modules/audit-log/routes.ts:237","","apps/api/src/pipeline/morning-round.ts:784; apps/api/src/pipeline/morning-round.ts:793; apps/api/src/modules/audit-log/routes.ts:195; apps/api/src/modules/audit-log/routes.ts:236","index:activity_log_entity_idx; index:activity_log_actor_idx; index:activity_log_action_idx; index:activity_log_created_at_idx"
"ai_connector","id","id","text","false","ACTIVE","Runtime AI credentials, provider selection and preparation switches.","Current runtime query, row projection, filtering, authorization or processing reads this field; see evidence and table purpose.","packages/db/src/schema/ai-connector.ts:33","0085_loud_scourge","packages/db/src/rewrap.ts:82; apps/api/src/modules/ai-connector/routes.ts:204; apps/api/src/modules/ai-connector/routes.ts:275; apps/api/src/modules/ai-connector/routes.ts:402; apps/api/src/modules/ai-connector/routes.ts:436","","packages/db/src/rewrap.ts:82; apps/api/src/modules/ai-connector/routes.ts:204; apps/api/src/modules/ai-connector/routes.ts:275; apps/api/src/modules/ai-connector/routes.ts:402","primary_key:ai_connector_pkey"
"ai_connector","preset","preset","text","false","ACTIVE","Runtime AI credentials, provider selection and preparation switches.","Current runtime query, row projection, filtering, authorization or processing reads this field; see evidence and table purpose.","packages/db/src/schema/ai-connector.ts:34","0085_loud_scourge","apps/api/src/pipeline/conversion-analysis.ts:49; apps/api/src/lib/ai/resolver.ts:28; apps/api/src/lib/ai/resolver.ts:37; apps/api/src/modules/ai-connector/routes.ts:100; apps/api/src/modules/ai-connector/routes.ts:147","","apps/api/src/pipeline/conversion-analysis.ts:49; apps/api/src/lib/ai/resolver.ts:28; apps/api/src/lib/ai/resolver.ts:37; apps/api/src/modules/ai-connector/routes.ts:100","check:ai_connector_preset_check"
"ai_connector","protocol","protocol","text","false","ACTIVE","Runtime AI credentials, provider selection and preparation switches.","Current runtime query, row projection, filtering, authorization or processing reads this field; see evidence and table purpose.","packages/db/src/schema/ai-connector.ts:35","0085_loud_scourge","apps/api/src/lib/ai/resolver.ts:29; apps/api/src/lib/ai/resolver.ts:38; apps/api/src/modules/ai-connector/routes.ts:101; apps/api/src/modules/ai-connector/routes.ts:147; apps/api/src/modules/ai-connector/routes.ts:473","","apps/api/src/lib/ai/resolver.ts:29; apps/api/src/lib/ai/resolver.ts:38; apps/api/src/modules/ai-connector/routes.ts:101; apps/api/src/modules/ai-connector/routes.ts:147","check:ai_connector_protocol_check"
"ai_connector","base_url","baseUrl","text","false","ACTIVE","Runtime AI credentials, provider selection and preparation switches.","Current runtime query, row projection, filtering, authorization or processing reads this field; see evidence and table purpose.","packages/db/src/schema/ai-connector.ts:36","0085_loud_scourge","apps/api/src/lib/ai/resolver.ts:30; apps/api/src/lib/ai/resolver.ts:39; apps/api/src/modules/ai-connector/routes.ts:102; apps/api/src/modules/ai-connector/routes.ts:156; apps/api/src/modules/ai-connector/routes.ts:474","","apps/api/src/lib/ai/resolver.ts:30; apps/api/src/lib/ai/resolver.ts:39; apps/api/src/modules/ai-connector/routes.ts:102; apps/api/src/modules/ai-connector/routes.ts:156",""
"ai_connector","api_key","apiKey","text","true","ACTIVE","Runtime AI credentials, provider selection and preparation switches.","Current runtime query, row projection, filtering, authorization or processing reads this field; see evidence and table purpose.","packages/db/src/schema/ai-connector.ts:38","0085_loud_scourge","apps/api/src/lib/ai/resolver.ts:31; apps/api/src/lib/ai/resolver.ts:40; apps/api/src/modules/ai-connector/routes.ts:103; apps/api/src/modules/ai-connector/routes.ts:264; apps/api/src/modules/ai-connector/routes.ts:272","apps/api/src/modules/ai-connector/routes.ts:248; apps/api/src/modules/ai-connector/routes.ts:272","apps/api/src/lib/ai/resolver.ts:31; apps/api/src/lib/ai/resolver.ts:40; apps/api/src/modules/ai-connector/routes.ts:103; apps/api/src/modules/ai-connector/routes.ts:264",""
"ai_connector","model","model","text","false","ACTIVE","Runtime AI credentials, provider selection and preparation switches.","Current runtime query, row projection, filtering, authorization or processing reads this field; see evidence and table purpose.","packages/db/src/schema/ai-connector.ts:39","0085_loud_scourge","apps/api/src/pipeline/conversion-analysis.ts:50; apps/api/src/lib/ai/resolver.ts:32; apps/api/src/lib/ai/resolver.ts:41; apps/api/src/modules/ai-connector/routes.ts:104; apps/api/src/modules/ai-connector/routes.ts:475","","apps/api/src/pipeline/conversion-analysis.ts:50; apps/api/src/lib/ai/resolver.ts:32; apps/api/src/lib/ai/resolver.ts:41; apps/api/src/modules/ai-connector/routes.ts:104",""
"ai_connector","contract_conversion_analysis","contractConversionAnalysis","boolean","false","ACTIVE","Runtime AI credentials, provider selection and preparation switches.","Current runtime query, row projection, filtering, authorization or processing reads this field; see evidence and table purpose.","packages/db/src/schema/ai-connector.ts:40","0105_flowery_doctor_spectrum","apps/api/src/pipeline/conversion-analysis.ts:33; apps/api/src/modules/ai-connector/routes.ts:97","","apps/api/src/pipeline/conversion-analysis.ts:33; apps/api/src/modules/ai-connector/routes.ts:97",""
"ai_connector","contract_preparation","contractPreparation","boolean","false","ACTIVE","Runtime AI credentials, provider selection and preparation switches.","Current runtime query, row projection, filtering, authorization or processing reads this field; see evidence and table purpose.","packages/db/src/schema/ai-connector.ts:41","0104_contract_preparation","apps/api/src/lib/conversion-draft.ts:66; apps/api/src/modules/ai-connector/routes.ts:96","","apps/api/src/lib/conversion-draft.ts:66; apps/api/src/modules/ai-connector/routes.ts:96",""
"ai_connector","matter_preparation","matterPreparation","boolean","false","ACTIVE","Runtime AI credentials, provider selection and preparation switches.","Current runtime query, row projection, filtering, authorization or processing reads this field; see evidence and table purpose.","packages/db/src/schema/ai-connector.ts:42","0102_high_leo","apps/api/src/lib/conversion-draft.ts:66; apps/api/src/modules/ai-connector/routes.ts:95","","apps/api/src/lib/conversion-draft.ts:66; apps/api/src/modules/ai-connector/routes.ts:95",""
"ai_connector","disabled_at","disabledAt","timestamp with time zone","true","ACTIVE","Runtime AI credentials, provider selection and preparation switches.","Current runtime query, row projection, filtering, authorization or processing reads this field; see evidence and table purpose.","packages/db/src/schema/ai-connector.ts:43","0085_loud_scourge","apps/api/src/lib/conversion-draft.ts:67; apps/api/src/lib/ai/resolver.ts:20; apps/api/src/pipeline/conversion-analysis.ts:33; apps/api/src/modules/ai-connector/routes.ts:99; apps/api/src/modules/ai-connector/routes.ts:105","apps/api/src/modules/ai-connector/routes.ts:401; apps/api/src/modules/ai-connector/routes.ts:435","apps/api/src/lib/conversion-draft.ts:67; apps/api/src/lib/ai/resolver.ts:20; apps/api/src/pipeline/conversion-analysis.ts:33; apps/api/src/modules/ai-connector/routes.ts:99",""
"ai_connector","created_at","createdAt","timestamp with time zone","false","PASSIVE_METADATA","Runtime AI credentials, provider selection and preparation switches.","Stamped on insertion. No application reader identified after projections and generic helpers were checked. Retained by schema timestamp convention; not proven functionally integral.","packages/db/src/schema/ai-connector.ts:44","0085_loud_scourge","","","packages/db/src/schema/ai-connector.ts:44; docs/decision-records/SCHEMA.md:18",""
"ai_connector","updated_at","updatedAt","timestamp with time zone","false","ACTIVE","Runtime AI credentials, provider selection and preparation switches.","Current runtime query, row projection, filtering, authorization or processing reads this field; see evidence and table purpose.","packages/db/src/schema/ai-connector.ts:45","0085_loud_scourge","apps/api/src/lib/ai/resolver.ts:33; apps/api/src/modules/ai-connector/routes.ts:106","apps/api/src/modules/ai-connector/routes.ts:273; apps/api/src/modules/ai-connector/routes.ts:401; apps/api/src/modules/ai-connector/routes.ts:435","apps/api/src/lib/ai/resolver.ts:33; apps/api/src/modules/ai-connector/routes.ts:106",""
"ai_field_prompts","slug","slug","text","false","ACTIVE","Administrator overrides of the shipped extraction prompts.","Current runtime query, row projection, filtering, authorization or processing reads this field; see evidence and table purpose.","packages/db/src/schema/contract-analysis.ts:25","0086_free_invisible_woman","apps/api/src/modules/ai-field-prompts/routes.ts:60; apps/api/src/modules/ai-field-prompts/routes.ts:89; apps/api/src/modules/ai-field-prompts/routes.ts:95; apps/api/src/modules/ai-field-prompts/routes.ts:111; apps/api/src/lib/analysis-targets.ts:56","apps/api/src/modules/ai-field-prompts/routes.ts:109","apps/api/src/modules/ai-field-prompts/routes.ts:60; apps/api/src/modules/ai-field-prompts/routes.ts:89; apps/api/src/modules/ai-field-prompts/routes.ts:95; apps/api/src/modules/ai-field-prompts/routes.ts:111","primary_key:ai_field_prompts_pkey"
"ai_field_prompts","prompt","prompt","text","false","ACTIVE","Administrator overrides of the shipped extraction prompts.","Current runtime query, row projection, filtering, authorization or processing reads this field; see evidence and table purpose.","packages/db/src/schema/contract-analysis.ts:26","0086_free_invisible_woman","apps/api/src/lib/analysis-targets.ts:56; apps/api/src/modules/ai-field-prompts/routes.ts:38; apps/api/src/modules/ai-field-prompts/routes.ts:106","apps/api/src/modules/ai-field-prompts/routes.ts:109","apps/api/src/lib/analysis-targets.ts:56; apps/api/src/modules/ai-field-prompts/routes.ts:38; apps/api/src/modules/ai-field-prompts/routes.ts:106",""
"ai_field_prompts","updated_at","updatedAt","timestamp with time zone","false","PASSIVE_METADATA","Administrator overrides of the shipped extraction prompts.","Automatically refreshed by Drizzle. No application reader identified after projections and generic helpers were checked. Retained by schema timestamp convention; not proven functionally integral.","packages/db/src/schema/contract-analysis.ts:27","0086_free_invisible_woman","","","packages/db/src/schema/contract-analysis.ts:27; docs/decision-records/SCHEMA.md:18",""
"approver_group_members","group_id","groupId","text","false","ACTIVE","Reusable approval-group membership snapshots at application time.","Current runtime query, row projection, filtering, authorization or processing reads this field; see evidence and table purpose.","packages/db/src/schema/approver-groups.ts:74","0039_approver_groups","apps/api/src/modules/contract-approvals/routes.ts:621; apps/api/src/modules/approver-groups/routes.ts:131; apps/api/src/modules/approver-groups/routes.ts:138; apps/api/src/modules/approver-groups/routes.ts:382; apps/api/src/modules/approver-groups/routes.ts:392","","apps/api/src/modules/contract-approvals/routes.ts:621; apps/api/src/modules/approver-groups/routes.ts:131; apps/api/src/modules/approver-groups/routes.ts:138; apps/api/src/modules/approver-groups/routes.ts:382","foreign_key:approver_group_members_group_id_approver_groups_id_fk; primary_key:approver_group_members_pkey"
"approver_group_members","user_id","userId","text","false","ACTIVE","Reusable approval-group membership snapshots at application time.","Current runtime query, row projection, filtering, authorization or processing reads this field; see evidence and table purpose.","packages/db/src/schema/approver-groups.ts:81","0039_approver_groups","apps/api/src/modules/contract-approvals/routes.ts:620; apps/api/src/modules/approver-groups/routes.ts:137; apps/api/src/modules/approver-groups/routes.ts:377; apps/api/src/modules/approver-groups/routes.ts:381; apps/api/src/modules/approver-groups/routes.ts:394","","apps/api/src/modules/contract-approvals/routes.ts:620; apps/api/src/modules/approver-groups/routes.ts:137; apps/api/src/modules/approver-groups/routes.ts:377; apps/api/src/modules/approver-groups/routes.ts:381","index:approver_group_members_user_idx; foreign_key:approver_group_members_user_id_users_id_fk; primary_key:approver_group_members_pkey"
"approver_group_members","created_at","createdAt","timestamp with time zone","false","PASSIVE_METADATA","Reusable approval-group membership snapshots at application time.","Stamped on insertion. No application reader identified after projections and generic helpers were checked. Retained by schema timestamp convention; not proven functionally integral.","packages/db/src/schema/approver-groups.ts:86","0039_approver_groups","","","packages/db/src/schema/approver-groups.ts:86; docs/decision-records/SCHEMA.md:18",""
"approver_groups","id","id","text","false","ACTIVE","Named reusable approval groups and their archive state.","Current runtime query, row projection, filtering, authorization or processing reads this field; see evidence and table purpose.","packages/db/src/schema/approver-groups.ts:27","0039_approver_groups","apps/api/src/modules/contract-approvals/routes.ts:253; apps/api/src/modules/contract-approvals/routes.ts:598; apps/api/src/modules/contract-approvals/routes.ts:603; apps/api/src/modules/approver-groups/routes.ts:158; apps/api/src/modules/approver-groups/routes.ts:315","","apps/api/src/modules/contract-approvals/routes.ts:253; apps/api/src/modules/contract-approvals/routes.ts:598; apps/api/src/modules/contract-approvals/routes.ts:603; apps/api/src/modules/approver-groups/routes.ts:158","primary_key:approver_groups_pkey"
"approver_groups","name","name","text","false","ACTIVE","Named reusable approval groups and their archive state.","Current runtime query, row projection, filtering, authorization or processing reads this field; see evidence and table purpose.","packages/db/src/schema/approver-groups.ts:30","0039_approver_groups","apps/api/src/modules/contract-approvals/routes.ts:243; apps/api/src/modules/contract-approvals/routes.ts:599; apps/api/src/modules/approver-groups/routes.ts:203; apps/api/src/modules/contracts/routes.ts:1829; apps/api/src/modules/contracts/routes.ts:1837","apps/api/src/modules/approver-groups/routes.ts:240","apps/api/src/modules/contract-approvals/routes.ts:243; apps/api/src/modules/contract-approvals/routes.ts:599; apps/api/src/modules/approver-groups/routes.ts:203; apps/api/src/modules/contracts/routes.ts:1829","index:approver_groups_name_idx"
"approver_groups","description","description","text","true","ACTIVE","Named reusable approval groups and their archive state.","Current runtime query, row projection, filtering, authorization or processing reads this field; see evidence and table purpose.","packages/db/src/schema/approver-groups.ts:32","0039_approver_groups","apps/api/src/modules/approver-groups/routes.ts:113; apps/api/src/modules/approver-groups/routes.ts:304; apps/api/src/modules/approver-groups/routes.ts:340","apps/api/src/modules/approver-groups/routes.ts:240","apps/api/src/modules/approver-groups/routes.ts:113; apps/api/src/modules/approver-groups/routes.ts:304; apps/api/src/modules/approver-groups/routes.ts:340",""
"approver_groups","archived_at","archivedAt","timestamp with time zone","true","ACTIVE","Named reusable approval groups and their archive state.","Current runtime query, row projection, filtering, authorization or processing reads this field; see evidence and table purpose.","packages/db/src/schema/approver-groups.ts:35","0039_approver_groups","apps/api/src/modules/contract-approvals/routes.ts:600; apps/api/src/modules/approver-groups/routes.ts:201; apps/api/src/modules/contracts/routes.ts:1835; apps/api/src/modules/approver-groups/routes.ts:114; apps/api/src/modules/approver-groups/routes.ts:463","apps/api/src/modules/approver-groups/routes.ts:466; apps/api/src/modules/approver-groups/routes.ts:503","apps/api/src/modules/contract-approvals/routes.ts:600; apps/api/src/modules/approver-groups/routes.ts:201; apps/api/src/modules/contracts/routes.ts:1835; apps/api/src/modules/approver-groups/routes.ts:114","index:approver_groups_name_idx"
"approver_groups","created_at","createdAt","timestamp with time zone","false","ACTIVE","Named reusable approval groups and their archive state.","Current runtime query, row projection, filtering, authorization or processing reads this field; see evidence and table purpose.","packages/db/src/schema/approver-groups.ts:36","0039_approver_groups","apps/api/src/modules/approver-groups/routes.ts:203; apps/api/src/modules/contracts/routes.ts:1838","","apps/api/src/modules/approver-groups/routes.ts:203; apps/api/src/modules/contracts/routes.ts:1838",""
"approver_groups","updated_at","updatedAt","timestamp with time zone","false","PASSIVE_METADATA","Named reusable approval groups and their archive state.","Automatically refreshed by Drizzle. No application reader identified after projections and generic helpers were checked. Retained by schema timestamp convention; not proven functionally integral.","packages/db/src/schema/approver-groups.ts:39","0039_approver_groups","","","packages/db/src/schema/approver-groups.ts:39; docs/decision-records/SCHEMA.md:18",""
"comment_attachments","id","id","text","false","ACTIVE","Immutable comment paper, downloads, filing markers and conversion evidence.","Current runtime query, row projection, filtering, authorization or processing reads this field; see evidence and table purpose.","packages/db/src/schema/comment-attachments.ts:23","0068_glorious_mockingbird","apps/api/src/lib/conversion-draft.ts:191; apps/api/src/lib/conversion-source-privacy.ts:34; apps/api/src/pipeline/conversion-analysis.ts:122; apps/api/src/modules/comments/routes.ts:463; apps/api/src/modules/comments/routes.ts:483","","apps/api/src/lib/conversion-draft.ts:191; apps/api/src/lib/conversion-source-privacy.ts:34; apps/api/src/pipeline/conversion-analysis.ts:122; apps/api/src/modules/comments/routes.ts:463","index:comment_attachments_comment_idx; foreign_key:comment_attachments_comment_id_comments_id_fk; foreign_key:comment_attachments_uploaded_by_users_id_fk; foreign_key:comment_attachments_filed_version_fk; primary_key:comment_attachments_pkey"
"comment_attachments","comment_id","commentId","text","false","ACTIVE","Immutable comment paper, downloads, filing markers and conversion evidence.","Current runtime query, row projection, filtering, authorization or processing reads this field; see evidence and table purpose.","packages/db/src/schema/comment-attachments.ts:24","0068_glorious_mockingbird","apps/api/src/lib/conversion-draft.ts:187; apps/api/src/pipeline/conversion-analysis.ts:124; apps/api/src/modules/comments/routes.ts:462; apps/api/src/modules/comments/routes.ts:482; apps/api/src/modules/comments/routes.ts:1162","","apps/api/src/lib/conversion-draft.ts:187; apps/api/src/pipeline/conversion-analysis.ts:124; apps/api/src/modules/comments/routes.ts:462; apps/api/src/modules/comments/routes.ts:482","index:comment_attachments_comment_idx; foreign_key:comment_attachments_comment_id_comments_id_fk"
"comment_attachments","file_ref","fileRef","text","false","ACTIVE","Immutable comment paper, downloads, filing markers and conversion evidence.","Current runtime query, row projection, filtering, authorization or processing reads this field; see evidence and table purpose.","packages/db/src/schema/comment-attachments.ts:28","0068_glorious_mockingbird","apps/api/src/modules/comments/routes.ts:1151; apps/api/src/modules/comments/routes.ts:1582; apps/api/src/modules/comments/routes.ts:1799; apps/api/src/lib/conversion-draft.ts:197; apps/api/src/lib/conversion-draft.ts:198","","apps/api/src/modules/comments/routes.ts:1151; apps/api/src/modules/comments/routes.ts:1582; apps/api/src/modules/comments/routes.ts:1799; apps/api/src/lib/conversion-draft.ts:197",""
"comment_attachments","filename","filename","text","false","ACTIVE","Immutable comment paper, downloads, filing markers and conversion evidence.","Current runtime query, row projection, filtering, authorization or processing reads this field; see evidence and table purpose.","packages/db/src/schema/comment-attachments.ts:30","0068_glorious_mockingbird","apps/api/src/modules/comments/routes.ts:464; apps/api/src/modules/comments/routes.ts:1152; apps/api/src/modules/comments/routes.ts:1304; apps/api/src/modules/comments/routes.ts:1583; apps/api/src/lib/conversion-draft.ts:196","","apps/api/src/modules/comments/routes.ts:464; apps/api/src/modules/comments/routes.ts:1152; apps/api/src/modules/comments/routes.ts:1304; apps/api/src/modules/comments/routes.ts:1583",""
"comment_attachments","uploaded_by","uploadedBy","text","false","REDUNDANT_CANDIDATE","Immutable comment paper, downloads, filing markers and conversion evidence.","Written only as the parent comment author; no application reader. Parent comment is mandatory and author is immutable. Validate historical equality before removing duplicate attribution.","packages/db/src/schema/comment-attachments.ts:31","0068_glorious_mockingbird","","","apps/api/src/modules/comments/post.ts:98; apps/api/src/modules/comments/post.ts:111; packages/db/src/schema/comments.ts:67","foreign_key:comment_attachments_uploaded_by_users_id_fk"
"comment_attachments","filed_document_id","filedDocumentId","text","true","ACTIVE","Immutable comment paper, downloads, filing markers and conversion evidence.","Current runtime query, row projection, filtering, authorization or processing reads this field; see evidence and table purpose.","packages/db/src/schema/comment-attachments.ts:35","0068_glorious_mockingbird","apps/api/src/lib/conversion-source-privacy.ts:35; apps/api/src/modules/comments/routes.ts:465; apps/api/src/modules/comments/routes.ts:473; apps/api/src/modules/comments/routes.ts:1153; apps/api/src/modules/comments/routes.ts:1305","apps/api/src/modules/comments/routes.ts:1536","apps/api/src/lib/conversion-source-privacy.ts:35; apps/api/src/modules/comments/routes.ts:465; apps/api/src/modules/comments/routes.ts:473; apps/api/src/modules/comments/routes.ts:1153","foreign_key:comment_attachments_filed_version_fk; check:comment_attachments_filed_pair_check"
"comment_attachments","filed_version_id","filedVersionId","text","true","ACTIVE","Immutable comment paper, downloads, filing markers and conversion evidence.","Current runtime query, row projection, filtering, authorization or processing reads this field; see evidence and table purpose.","packages/db/src/schema/comment-attachments.ts:37","0068_glorious_mockingbird","apps/api/src/modules/comments/routes.ts:467; apps/api/src/modules/comments/routes.ts:478; apps/api/src/modules/comments/routes.ts:1154; apps/api/src/modules/comments/routes.ts:1306; apps/api/src/lib/conversion-draft.ts:200","apps/api/src/modules/comments/routes.ts:1536","apps/api/src/modules/comments/routes.ts:467; apps/api/src/modules/comments/routes.ts:478; apps/api/src/modules/comments/routes.ts:1154; apps/api/src/modules/comments/routes.ts:1306","foreign_key:comment_attachments_filed_version_fk; check:comment_attachments_filed_pair_check"
"comment_attachments","created_at","createdAt","timestamp with time zone","false","ACTIVE","Immutable comment paper, downloads, filing markers and conversion evidence.","Current runtime query, row projection, filtering, authorization or processing reads this field; see evidence and table purpose.","packages/db/src/schema/comment-attachments.ts:38","0068_glorious_mockingbird","apps/api/src/lib/conversion-draft.ts:191; apps/api/src/modules/comments/routes.ts:483","","apps/api/src/lib/conversion-draft.ts:191; apps/api/src/modules/comments/routes.ts:483","index:comment_attachments_comment_idx"
"comment_last_read","user_id","userId","text","false","ACTIVE","Per-user unread watermarks for visible record threads.","Current runtime query, row projection, filtering, authorization or processing reads this field; see evidence and table purpose.","packages/db/src/schema/comments.ts:224","0026_comment_last_read","apps/api/src/modules/comments/routes.ts:688; apps/api/src/modules/comments/routes.ts:774; apps/api/src/modules/requests/move-thread.ts:118; apps/api/src/modules/requests/move-thread.ts:139","apps/api/src/modules/comments/routes.ts:769","apps/api/src/modules/comments/routes.ts:688; apps/api/src/modules/comments/routes.ts:774; apps/api/src/modules/requests/move-thread.ts:118; apps/api/src/modules/requests/move-thread.ts:139","foreign_key:comment_last_read_user_id_users_id_fk; primary_key:comment_last_read_pkey"
"comment_last_read","entity_type","entityType","text","false","ACTIVE","Per-user unread watermarks for visible record threads.","Current runtime query, row projection, filtering, authorization or processing reads this field; see evidence and table purpose.","packages/db/src/schema/comments.ts:227","0026_comment_last_read","apps/api/src/modules/comments/routes.ts:689; apps/api/src/modules/comments/routes.ts:774; apps/api/src/modules/comments/audience.ts:634; apps/api/src/modules/requests/move-thread.ts:114; apps/api/src/modules/requests/move-thread.ts:139","apps/api/src/modules/comments/routes.ts:770","apps/api/src/modules/comments/routes.ts:689; apps/api/src/modules/comments/routes.ts:774; apps/api/src/modules/comments/audience.ts:634; apps/api/src/modules/requests/move-thread.ts:114","primary_key:comment_last_read_pkey; check:comment_last_read_entity_type_check"
"comment_last_read","entity_id","entityId","text","false","ACTIVE","Per-user unread watermarks for visible record threads.","Current runtime query, row projection, filtering, authorization or processing reads this field; see evidence and table purpose.","packages/db/src/schema/comments.ts:229","0026_comment_last_read","apps/api/src/modules/comments/routes.ts:690; apps/api/src/modules/comments/routes.ts:774; apps/api/src/modules/comments/audience.ts:634; apps/api/src/modules/requests/move-thread.ts:115; apps/api/src/modules/requests/move-thread.ts:139","apps/api/src/modules/comments/routes.ts:771","apps/api/src/modules/comments/routes.ts:690; apps/api/src/modules/comments/routes.ts:774; apps/api/src/modules/comments/audience.ts:634; apps/api/src/modules/requests/move-thread.ts:115","primary_key:comment_last_read_pkey"
"comment_last_read","read_at","readAt","timestamp with time zone","false","ACTIVE","Per-user unread watermarks for visible record threads.","Current runtime query, row projection, filtering, authorization or processing reads this field; see evidence and table purpose.","packages/db/src/schema/comments.ts:231","0026_comment_last_read","apps/api/src/modules/comments/routes.ts:684; apps/api/src/modules/comments/routes.ts:778; apps/api/src/modules/requests/move-thread.ts:118","","apps/api/src/modules/comments/routes.ts:684; apps/api/src/modules/comments/routes.ts:778; apps/api/src/modules/requests/move-thread.ts:118",""
"comment_mentions","comment_id","commentId","text","false","ACTIVE","Mention recipients for validation and notification fan-out.","Current runtime query, row projection, filtering, authorization or processing reads this field; see evidence and table purpose.","packages/db/src/schema/comments.ts:142","0024_comment_mentions","apps/api/src/modules/comments/routes.ts:429; apps/api/src/modules/comments/routes.ts:435; apps/api/src/modules/comments/routes.ts:1807; apps/api/src/lib/notifications/notifier.ts:1486","","apps/api/src/modules/comments/routes.ts:429; apps/api/src/modules/comments/routes.ts:435; apps/api/src/modules/comments/routes.ts:1807; apps/api/src/lib/notifications/notifier.ts:1486","foreign_key:comment_mentions_comment_id_comments_id_fk; primary_key:comment_mentions_pkey"
"comment_mentions","user_id","userId","text","false","ACTIVE","Mention recipients for validation and notification fan-out.","Current runtime query, row projection, filtering, authorization or processing reads this field; see evidence and table purpose.","packages/db/src/schema/comments.ts:145","0024_comment_mentions","apps/api/src/modules/comments/routes.ts:434; apps/api/src/lib/notifications/notifier.ts:1484","","apps/api/src/modules/comments/routes.ts:434; apps/api/src/lib/notifications/notifier.ts:1484","foreign_key:comment_mentions_user_id_users_id_fk; primary_key:comment_mentions_pkey"
"comment_revisions","id","id","text","false","RETAIN_HISTORY","Prior comment bodies retained through edits/soft deletes and purged on redaction.","CMT-006 explicitly retains prior bodies through edits/soft deletes, with identity and replacement time; redaction purges them. No runtime history-read endpoint exists.","packages/db/src/schema/comments.ts:177","0025_comment_revisions","","","apps/api/src/modules/comments/routes.ts:1698; apps/api/src/modules/comments/routes.ts:1747; apps/api/src/modules/comments/routes.ts:1806; docs/decision-records/DECISIONS-COMMENTS.md:92","foreign_key:comment_revisions_comment_id_comments_id_fk; primary_key:comment_revisions_pkey"
"comment_revisions","comment_id","commentId","text","false","RETAIN_HISTORY","Prior comment bodies retained through edits/soft deletes and purged on redaction.","CMT-006 explicitly retains prior bodies through edits/soft deletes, with identity and replacement time; redaction purges them. No runtime history-read endpoint exists.","packages/db/src/schema/comments.ts:178","0025_comment_revisions","apps/api/src/modules/comments/routes.ts:1806","apps/api/src/modules/comments/routes.ts:1698; apps/api/src/modules/comments/routes.ts:1747","apps/api/src/modules/comments/routes.ts:1698; apps/api/src/modules/comments/routes.ts:1747; apps/api/src/modules/comments/routes.ts:1806; docs/decision-records/DECISIONS-COMMENTS.md:92","index:comment_revisions_comment_idx; foreign_key:comment_revisions_comment_id_comments_id_fk"
"comment_revisions","body","body","text","false","RETAIN_HISTORY","Prior comment bodies retained through edits/soft deletes and purged on redaction.","CMT-006 explicitly retains prior bodies through edits/soft deletes, with identity and replacement time; redaction purges them. No runtime history-read endpoint exists.","packages/db/src/schema/comments.ts:182","0025_comment_revisions","","apps/api/src/modules/comments/routes.ts:1698; apps/api/src/modules/comments/routes.ts:1747","apps/api/src/modules/comments/routes.ts:1698; apps/api/src/modules/comments/routes.ts:1747; apps/api/src/modules/comments/routes.ts:1806; docs/decision-records/DECISIONS-COMMENTS.md:92",""
"comment_revisions","replaced_at","replacedAt","timestamp with time zone","false","RETAIN_HISTORY","Prior comment bodies retained through edits/soft deletes and purged on redaction.","CMT-006 explicitly retains prior bodies through edits/soft deletes, with identity and replacement time; redaction purges them. No runtime history-read endpoint exists.","packages/db/src/schema/comments.ts:184","0025_comment_revisions","","","apps/api/src/modules/comments/routes.ts:1698; apps/api/src/modules/comments/routes.ts:1747; apps/api/src/modules/comments/routes.ts:1806; docs/decision-records/DECISIONS-COMMENTS.md:92","index:comment_revisions_comment_idx"
"comments","id","id","text","false","ACTIVE","Audience-filtered record/task/document threads and edits/deletions.","Current runtime query, row projection, filtering, authorization or processing reads this field; see evidence and table purpose.","packages/db/src/schema/comments.ts:61","0023_comments","apps/api/src/lib/conversion-draft.ts:128; apps/api/src/lib/conversion-draft.ts:145; apps/api/src/pipeline/conversion-analysis.ts:117; apps/api/src/pipeline/conversion-analysis.ts:124; apps/api/src/modules/comments/routes.ts:372","apps/api/src/modules/comments/post.ts:97","apps/api/src/lib/conversion-draft.ts:128; apps/api/src/lib/conversion-draft.ts:145; apps/api/src/pipeline/conversion-analysis.ts:117; apps/api/src/pipeline/conversion-analysis.ts:124","index:comments_entity_idx; foreign_key:comments_author_id_users_id_fk; primary_key:comments_pkey"
"comments","entity_type","entityType","text","false","ACTIVE","Audience-filtered record/task/document threads and edits/deletions.","Current runtime query, row projection, filtering, authorization or processing reads this field; see evidence and table purpose.","packages/db/src/schema/comments.ts:62","0023_comments","apps/api/src/lib/conversion-draft.ts:140; apps/api/src/pipeline/conversion-analysis.ts:119; apps/api/src/pipeline/conversion-analysis.ts:125; apps/api/src/modules/comments/routes.ts:391; apps/api/src/modules/comments/routes.ts:573","apps/api/src/modules/comments/post.ts:98; apps/api/src/modules/requests/move-thread.ts:101","apps/api/src/lib/conversion-draft.ts:140; apps/api/src/pipeline/conversion-analysis.ts:119; apps/api/src/pipeline/conversion-analysis.ts:125; apps/api/src/modules/comments/routes.ts:391","index:comments_entity_idx; check:comments_entity_type_check"
"comments","entity_id","entityId","text","false","ACTIVE","Audience-filtered record/task/document threads and edits/deletions.","Current runtime query, row projection, filtering, authorization or processing reads this field; see evidence and table purpose.","packages/db/src/schema/comments.ts:64","0023_comments","apps/api/src/lib/conversion-draft.ts:139; apps/api/src/pipeline/conversion-analysis.ts:119; apps/api/src/pipeline/conversion-analysis.ts:125; apps/api/src/modules/comments/routes.ts:392; apps/api/src/modules/comments/routes.ts:574","apps/api/src/modules/comments/post.ts:99; apps/api/src/modules/requests/move-thread.ts:101","apps/api/src/lib/conversion-draft.ts:139; apps/api/src/pipeline/conversion-analysis.ts:119; apps/api/src/pipeline/conversion-analysis.ts:125; apps/api/src/modules/comments/routes.ts:392","index:comments_entity_idx"
"comments","author_id","authorId","text","false","ACTIVE","Audience-filtered record/task/document threads and edits/deletions.","Current runtime query, row projection, filtering, authorization or processing reads this field; see evidence and table purpose.","packages/db/src/schema/comments.ts:67","0023_comments","apps/api/src/lib/conversion-draft.ts:136; apps/api/src/modules/comments/routes.ts:407; apps/api/src/modules/comments/routes.ts:701; apps/api/src/modules/comments/routes.ts:1074","apps/api/src/modules/comments/post.ts:100","apps/api/src/lib/conversion-draft.ts:136; apps/api/src/modules/comments/routes.ts:407; apps/api/src/modules/comments/routes.ts:701; apps/api/src/modules/comments/routes.ts:1074","foreign_key:comments_author_id_users_id_fk"
"comments","body","body","text","false","ACTIVE","Audience-filtered record/task/document threads and edits/deletions.","Current runtime query, row projection, filtering, authorization or processing reads this field; see evidence and table purpose.","packages/db/src/schema/comments.ts:70","0023_comments","apps/api/src/lib/conversion-draft.ts:129; apps/api/src/modules/comments/routes.ts:393; apps/api/src/modules/comments/routes.ts:1075","apps/api/src/modules/comments/routes.ts:1701; apps/api/src/modules/comments/routes.ts:1753; apps/api/src/modules/comments/routes.ts:1811; apps/api/src/modules/comments/post.ts:101","apps/api/src/lib/conversion-draft.ts:129; apps/api/src/modules/comments/routes.ts:393; apps/api/src/modules/comments/routes.ts:1075",""
"comments","visibility","visibility","text","false","ACTIVE","Audience-filtered record/task/document threads and edits/deletions.","Current runtime query, row projection, filtering, authorization or processing reads this field; see evidence and table purpose.","packages/db/src/schema/comments.ts:72","0023_comments","apps/api/src/lib/conversion-draft.ts:130; apps/api/src/modules/comments/routes.ts:394; apps/api/src/modules/comments/routes.ts:581; apps/api/src/modules/comments/routes.ts:700; apps/api/src/modules/comments/routes.ts:1076","apps/api/src/modules/comments/post.ts:102","apps/api/src/lib/conversion-draft.ts:130; apps/api/src/modules/comments/routes.ts:394; apps/api/src/modules/comments/routes.ts:581; apps/api/src/modules/comments/routes.ts:700","check:comments_visibility_check"
"comments","edited_at","editedAt","timestamp with time zone","true","ACTIVE","Audience-filtered record/task/document threads and edits/deletions.","Current runtime query, row projection, filtering, authorization or processing reads this field; see evidence and table purpose.","packages/db/src/schema/comments.ts:74","0023_comments","apps/api/src/lib/conversion-draft.ts:133; apps/api/src/modules/comments/routes.ts:396","apps/api/src/modules/comments/routes.ts:1701","apps/api/src/lib/conversion-draft.ts:133; apps/api/src/modules/comments/routes.ts:396",""
"comments","deleted_at","deletedAt","timestamp with time zone","true","ACTIVE","Audience-filtered record/task/document threads and edits/deletions.","Current runtime query, row projection, filtering, authorization or processing reads this field; see evidence and table purpose.","packages/db/src/schema/comments.ts:78","0023_comments","apps/api/src/lib/conversion-draft.ts:141; apps/api/src/modules/comments/routes.ts:397; apps/api/src/modules/comments/routes.ts:702; apps/api/src/modules/comments/routes.ts:1077; apps/api/src/modules/comments/routes.ts:1158","apps/api/src/modules/comments/routes.ts:1753","apps/api/src/lib/conversion-draft.ts:141; apps/api/src/modules/comments/routes.ts:397; apps/api/src/modules/comments/routes.ts:702; apps/api/src/modules/comments/routes.ts:1077",""
"comments","redacted_at","redactedAt","timestamp with time zone","true","ACTIVE","Audience-filtered record/task/document threads and edits/deletions.","Current runtime query, row projection, filtering, authorization or processing reads this field; see evidence and table purpose.","packages/db/src/schema/comments.ts:88","0025_comment_revisions","apps/api/src/lib/conversion-draft.ts:142; apps/api/src/modules/comments/routes.ts:398; apps/api/src/modules/comments/routes.ts:703; apps/api/src/modules/comments/routes.ts:1078; apps/api/src/modules/comments/routes.ts:1159","apps/api/src/modules/comments/routes.ts:1811","apps/api/src/lib/conversion-draft.ts:142; apps/api/src/modules/comments/routes.ts:398; apps/api/src/modules/comments/routes.ts:703; apps/api/src/modules/comments/routes.ts:1078",""
"comments","created_at","createdAt","timestamp with time zone","false","ACTIVE","Audience-filtered record/task/document threads and edits/deletions.","Current runtime query, row projection, filtering, authorization or processing reads this field; see evidence and table purpose.","packages/db/src/schema/comments.ts:89","0023_comments","apps/api/src/lib/conversion-draft.ts:132; apps/api/src/lib/conversion-draft.ts:145; apps/api/src/modules/comments/routes.ts:372; apps/api/src/modules/comments/routes.ts:373; apps/api/src/modules/comments/routes.ts:395","","apps/api/src/lib/conversion-draft.ts:132; apps/api/src/lib/conversion-draft.ts:145; apps/api/src/modules/comments/routes.ts:372; apps/api/src/modules/comments/routes.ts:373","index:comments_entity_idx"
"comments","updated_at","updatedAt","timestamp with time zone","false","PASSIVE_METADATA","Audience-filtered record/task/document threads and edits/deletions.","Automatically refreshed by Drizzle. No application reader identified after projections and generic helpers were checked. Retained by schema timestamp convention; not proven functionally integral.","packages/db/src/schema/comments.ts:90","0023_comments","","","packages/db/src/schema/comments.ts:90; docs/decision-records/SCHEMA.md:18",""
"contract_analysis_runs","id","id","text","false","ACTIVE","Durable analysis queue state, lease recovery, results and source evidence.","Current runtime query, row projection, filtering, authorization or processing reads this field; see evidence and table purpose.","packages/db/src/schema/contract-analysis.ts:37","0086_free_invisible_woman","apps/api/src/pipeline/contract-analysis.ts:372; apps/api/src/pipeline/contract-analysis.ts:595; apps/api/src/pipeline/contract-analysis.ts:631; apps/api/src/pipeline/contract-analysis.ts:648; apps/api/src/pipeline/contract-analysis.ts:676","","apps/api/src/pipeline/contract-analysis.ts:372; apps/api/src/pipeline/contract-analysis.ts:595; apps/api/src/pipeline/contract-analysis.ts:631; apps/api/src/pipeline/contract-analysis.ts:648","index:contract_analysis_runs_contract_idx; foreign_key:contract_analysis_runs_contract_id_contracts_id_fk; foreign_key:contract_analysis_runs_version_id_document_versions_id_fk; foreign_key:contract_analysis_runs_requested_by_users_id_fk; primary_key:contract_analysis_runs_pkey"
"contract_analysis_runs","contract_id","contractId","text","false","ACTIVE","Durable analysis queue state, lease recovery, results and source evidence.","Current runtime query, row projection, filtering, authorization or processing reads this field; see evidence and table purpose.","packages/db/src/schema/contract-analysis.ts:38","0086_free_invisible_woman","apps/api/src/pipeline/automatic-contract-analysis.ts:86; apps/api/src/pipeline/automatic-contract-analysis.ts:139; apps/api/src/pipeline/automatic-contract-analysis.ts:158; apps/api/src/modules/contract-analysis/routes.ts:88; apps/api/src/modules/contract-analysis/routes.ts:171","apps/api/src/pipeline/conversion-analysis.ts:46; apps/api/src/pipeline/automatic-contract-analysis.ts:170; apps/api/src/modules/contract-analysis/routes.ts:340","apps/api/src/pipeline/automatic-contract-analysis.ts:86; apps/api/src/pipeline/automatic-contract-analysis.ts:139; apps/api/src/pipeline/automatic-contract-analysis.ts:158; apps/api/src/modules/contract-analysis/routes.ts:88","index:contract_analysis_runs_contract_idx; foreign_key:contract_analysis_runs_contract_id_contracts_id_fk"
"contract_analysis_runs","version_id","versionId","text","true","ACTIVE","Durable analysis queue state, lease recovery, results and source evidence.","Current runtime query, row projection, filtering, authorization or processing reads this field; see evidence and table purpose.","packages/db/src/schema/contract-analysis.ts:42","0086_free_invisible_woman","apps/api/src/pipeline/automatic-contract-analysis.ts:161; apps/api/src/modules/contract-analysis/routes.ts:87; apps/api/src/modules/contract-analysis/routes.ts:266; apps/api/src/pipeline/contract-analysis.ts:659; apps/api/src/pipeline/contract-analysis.ts:708","apps/api/src/pipeline/contract-analysis.ts:720; apps/api/src/pipeline/automatic-contract-analysis.ts:171; apps/api/src/modules/contract-analysis/routes.ts:341","apps/api/src/pipeline/automatic-contract-analysis.ts:161; apps/api/src/modules/contract-analysis/routes.ts:87; apps/api/src/modules/contract-analysis/routes.ts:266; apps/api/src/pipeline/contract-analysis.ts:659","foreign_key:contract_analysis_runs_version_id_document_versions_id_fk"
"contract_analysis_runs","state","state","text","false","ACTIVE","Durable analysis queue state, lease recovery, results and source evidence.","Current runtime query, row projection, filtering, authorization or processing reads this field; see evidence and table purpose.","packages/db/src/schema/contract-analysis.ts:45","0086_free_invisible_woman","apps/api/src/pipeline/contract-analysis.ts:789; apps/api/src/pipeline/contract-analysis.ts:812; apps/api/src/pipeline/conversion-analysis.ts:71; apps/api/src/pipeline/automatic-contract-analysis.ts:140; apps/api/src/pipeline/automatic-contract-analysis.ts:159","apps/api/src/pipeline/contract-analysis.ts:594; apps/api/src/pipeline/contract-analysis.ts:647; apps/api/src/pipeline/automatic-contract-analysis.ts:172; apps/api/src/modules/contract-analysis/routes.ts:342","apps/api/src/pipeline/contract-analysis.ts:789; apps/api/src/pipeline/contract-analysis.ts:812; apps/api/src/pipeline/conversion-analysis.ts:71; apps/api/src/pipeline/automatic-contract-analysis.ts:140","check:contract_analysis_runs_state_check"
"contract_analysis_runs","trigger","trigger","text","false","ACTIVE","Durable analysis queue state, lease recovery, results and source evidence.","Current runtime query, row projection, filtering, authorization or processing reads this field; see evidence and table purpose.","packages/db/src/schema/contract-analysis.ts:46","0086_free_invisible_woman","apps/api/src/pipeline/conversion-analysis.ts:70; apps/api/src/pipeline/automatic-contract-analysis.ts:87; apps/api/src/modules/contract-analysis/routes.ts:323; apps/api/src/modules/contract-analysis/routes.ts:227","apps/api/src/pipeline/conversion-analysis.ts:48; apps/api/src/pipeline/automatic-contract-analysis.ts:173; apps/api/src/modules/contract-analysis/routes.ts:343","apps/api/src/pipeline/conversion-analysis.ts:70; apps/api/src/pipeline/automatic-contract-analysis.ts:87; apps/api/src/modules/contract-analysis/routes.ts:323; apps/api/src/modules/contract-analysis/routes.ts:227","check:contract_analysis_runs_trigger_check"
"contract_analysis_runs","requested_by","requestedBy","text","true","ACTIVE","Durable analysis queue state, lease recovery, results and source evidence.","Current runtime query, row projection, filtering, authorization or processing reads this field; see evidence and table purpose.","packages/db/src/schema/contract-analysis.ts:47","0086_free_invisible_woman","apps/api/src/pipeline/conversion-analysis.ts:88; apps/api/src/pipeline/conversion-analysis.ts:90","apps/api/src/pipeline/conversion-analysis.ts:47; apps/api/src/pipeline/automatic-contract-analysis.ts:174; apps/api/src/modules/contract-analysis/routes.ts:344","apps/api/src/pipeline/conversion-analysis.ts:88; apps/api/src/pipeline/conversion-analysis.ts:90","foreign_key:contract_analysis_runs_requested_by_users_id_fk"
"contract_analysis_runs","preset","preset","text","false","ACTIVE_API","Durable analysis queue state, lease recovery, results and source evidence.","Run projection spreads the row into the analysis response schema; displayed analysis metadata/failure remains exposed.","packages/db/src/schema/contract-analysis.ts:48","0086_free_invisible_woman","","apps/api/src/pipeline/contract-analysis.ts:721; apps/api/src/pipeline/contract-analysis.ts:828; apps/api/src/pipeline/conversion-analysis.ts:49; apps/api/src/pipeline/automatic-contract-analysis.ts:175","apps/api/src/modules/contract-analysis/routes.ts:56; apps/api/src/modules/contract-analysis/routes.ts:74",""
"contract_analysis_runs","model","model","text","false","ACTIVE","Durable analysis queue state, lease recovery, results and source evidence.","Current runtime query, row projection, filtering, authorization or processing reads this field; see evidence and table purpose.","packages/db/src/schema/contract-analysis.ts:49","0086_free_invisible_woman","apps/api/src/pipeline/contract-analysis.ts:660","apps/api/src/pipeline/contract-analysis.ts:722; apps/api/src/pipeline/contract-analysis.ts:828; apps/api/src/pipeline/conversion-analysis.ts:50; apps/api/src/pipeline/automatic-contract-analysis.ts:176","apps/api/src/pipeline/contract-analysis.ts:660",""
"contract_analysis_runs","truncated","truncated","boolean","false","ACTIVE_API","Durable analysis queue state, lease recovery, results and source evidence.","Run projection spreads the row into the analysis response schema; displayed analysis metadata/failure remains exposed.","packages/db/src/schema/contract-analysis.ts:50","0086_free_invisible_woman","","apps/api/src/pipeline/contract-analysis.ts:723","apps/api/src/modules/contract-analysis/routes.ts:56; apps/api/src/modules/contract-analysis/routes.ts:74",""
"contract_analysis_runs","source_context","sourceContext","jsonb","true","ACTIVE","Durable analysis queue state, lease recovery, results and source evidence.","Current runtime query, row projection, filtering, authorization or processing reads this field; see evidence and table purpose.","packages/db/src/schema/contract-analysis.ts:52","0105_flowery_doctor_spectrum","apps/api/src/pipeline/contract-analysis.ts:368; apps/api/src/pipeline/contract-analysis.ts:411; apps/api/src/pipeline/contract-analysis.ts:412; apps/api/src/pipeline/contract-analysis.ts:417; apps/api/src/pipeline/contract-analysis.ts:460","apps/api/src/pipeline/contract-analysis.ts:594; apps/api/src/pipeline/conversion-analysis.ts:51","apps/api/src/pipeline/contract-analysis.ts:368; apps/api/src/pipeline/contract-analysis.ts:411; apps/api/src/pipeline/contract-analysis.ts:412; apps/api/src/pipeline/contract-analysis.ts:417",""
"contract_analysis_runs","outcome","outcome","jsonb","true","ACTIVE","Durable analysis queue state, lease recovery, results and source evidence.","Current runtime query, row projection, filtering, authorization or processing reads this field; see evidence and table purpose.","packages/db/src/schema/contract-analysis.ts:53","0086_free_invisible_woman","apps/api/src/modules/contract-analysis/routes.ts:101; apps/api/src/modules/contract-analysis/routes.ts:102; apps/api/src/modules/contract-analysis/routes.ts:133; apps/api/src/modules/contract-analysis/routes.ts:135; apps/api/src/modules/contract-analysis/routes.ts:136","apps/api/src/pipeline/contract-analysis.ts:594","apps/api/src/modules/contract-analysis/routes.ts:101; apps/api/src/modules/contract-analysis/routes.ts:102; apps/api/src/modules/contract-analysis/routes.ts:133; apps/api/src/modules/contract-analysis/routes.ts:135",""
"contract_analysis_runs","failure","failure","text","true","ACTIVE_API","Durable analysis queue state, lease recovery, results and source evidence.","Run projection spreads the row into the analysis response schema; displayed analysis metadata/failure remains exposed.","packages/db/src/schema/contract-analysis.ts:54","0086_free_invisible_woman","","apps/api/src/pipeline/contract-analysis.ts:594; apps/api/src/pipeline/contract-analysis.ts:647","apps/api/src/modules/contract-analysis/routes.ts:56; apps/api/src/modules/contract-analysis/routes.ts:74",""
"contract_analysis_runs","lease_at","leaseAt","timestamp with time zone","true","ACTIVE","Durable analysis queue state, lease recovery, results and source evidence.","Current runtime query, row projection, filtering, authorization or processing reads this field; see evidence and table purpose.","packages/db/src/schema/contract-analysis.ts:56","0106_funny_hulk","apps/api/src/pipeline/contract-analysis.ts:793; apps/api/src/pipeline/conversion-analysis.ts:75","apps/api/src/pipeline/contract-analysis.ts:785; apps/api/src/pipeline/contract-analysis.ts:808","apps/api/src/pipeline/contract-analysis.ts:793; apps/api/src/pipeline/conversion-analysis.ts:75",""
"contract_analysis_runs","started_at","startedAt","timestamp with time zone","true","ACTIVE","Durable analysis queue state, lease recovery, results and source evidence.","Current runtime query, row projection, filtering, authorization or processing reads this field; see evidence and table purpose.","packages/db/src/schema/contract-analysis.ts:57","0086_free_invisible_woman","apps/api/src/pipeline/contract-analysis.ts:791; apps/api/src/pipeline/contract-analysis.ts:793; apps/api/src/pipeline/contract-analysis.ts:813; apps/api/src/pipeline/conversion-analysis.ts:73; apps/api/src/pipeline/conversion-analysis.ts:75","apps/api/src/pipeline/contract-analysis.ts:724; apps/api/src/pipeline/contract-analysis.ts:785","apps/api/src/pipeline/contract-analysis.ts:791; apps/api/src/pipeline/contract-analysis.ts:793; apps/api/src/pipeline/contract-analysis.ts:813; apps/api/src/pipeline/conversion-analysis.ts:73",""
"contract_analysis_runs","finished_at","finishedAt","timestamp with time zone","true","ACTIVE","Durable analysis queue state, lease recovery, results and source evidence.","Current runtime query, row projection, filtering, authorization or processing reads this field; see evidence and table purpose.","packages/db/src/schema/contract-analysis.ts:58","0086_free_invisible_woman","apps/api/src/modules/contract-analysis/routes.ts:79","apps/api/src/pipeline/contract-analysis.ts:594; apps/api/src/pipeline/contract-analysis.ts:647","apps/api/src/modules/contract-analysis/routes.ts:79",""
"contract_analysis_runs","created_at","createdAt","timestamp with time zone","false","PASSIVE_METADATA","Durable analysis queue state, lease recovery, results and source evidence.","Stamped on insertion. No application reader identified after projections and generic helpers were checked. Retained by schema timestamp convention; not proven functionally integral.","packages/db/src/schema/contract-analysis.ts:59","0108_normal_psynapse","","","packages/db/src/schema/contract-analysis.ts:59; docs/decision-records/SCHEMA.md:18",""
"contract_analysis_runs","updated_at","updatedAt","timestamp with time zone","false","PASSIVE_METADATA","Durable analysis queue state, lease recovery, results and source evidence.","Automatically refreshed by Drizzle. No application reader identified after projections and generic helpers were checked. Retained by schema timestamp convention; not proven functionally integral.","packages/db/src/schema/contract-analysis.ts:60","0108_normal_psynapse","","","packages/db/src/schema/contract-analysis.ts:60; docs/decision-records/SCHEMA.md:18",""
"contract_approvals","id","id","text","false","ACTIVE","Approval requests, actor decisions, notes and group provenance.","Current runtime query, row projection, filtering, authorization or processing reads this field; see evidence and table purpose.","packages/db/src/schema/contract-approvals.ts:53","0040_contract_approvals","apps/api/src/lib/soft-gate.ts:94; apps/api/src/lib/soft-gate.ts:107; apps/api/src/modules/contract-approvals/routes.ts:207; apps/api/src/modules/contract-approvals/routes.ts:219; apps/api/src/modules/contract-approvals/routes.ts:237","","apps/api/src/lib/soft-gate.ts:94; apps/api/src/lib/soft-gate.ts:107; apps/api/src/modules/contract-approvals/routes.ts:207; apps/api/src/modules/contract-approvals/routes.ts:219","foreign_key:contract_approvals_contract_id_contracts_id_fk; foreign_key:contract_approvals_approver_id_users_id_fk; foreign_key:contract_approvals_group_id_approver_groups_id_fk; foreign_key:contract_approvals_requested_by_users_id_fk; primary_key:contract_approvals_pkey"
"contract_approvals","contract_id","contractId","text","false","ACTIVE","Approval requests, actor decisions, notes and group provenance.","Current runtime query, row projection, filtering, authorization or processing reads this field; see evidence and table purpose.","packages/db/src/schema/contract-approvals.ts:56","0040_contract_approvals","apps/api/src/lib/soft-gate.ts:103; apps/api/src/modules/contract-approvals/routes.ts:208; apps/api/src/modules/contract-approvals/routes.ts:217; apps/api/src/modules/contract-approvals/routes.ts:254; apps/api/src/modules/contract-approvals/routes.ts:355","","apps/api/src/lib/soft-gate.ts:103; apps/api/src/modules/contract-approvals/routes.ts:208; apps/api/src/modules/contract-approvals/routes.ts:217; apps/api/src/modules/contract-approvals/routes.ts:254","index:contract_approvals_contract_idx; index:contract_approvals_pending_idx; foreign_key:contract_approvals_contract_id_contracts_id_fk"
"contract_approvals","approver_id","approverId","text","false","ACTIVE","Approval requests, actor decisions, notes and group provenance.","Current runtime query, row projection, filtering, authorization or processing reads this field; see evidence and table purpose.","packages/db/src/schema/contract-approvals.ts:63","0040_contract_approvals","apps/api/src/lib/soft-gate.ts:95; apps/api/src/lib/soft-gate.ts:100; apps/api/src/modules/contract-approvals/routes.ts:209; apps/api/src/modules/contract-approvals/routes.ts:218; apps/api/src/modules/contract-approvals/routes.ts:238","","apps/api/src/lib/soft-gate.ts:95; apps/api/src/lib/soft-gate.ts:100; apps/api/src/modules/contract-approvals/routes.ts:209; apps/api/src/modules/contract-approvals/routes.ts:218","index:contract_approvals_pending_idx; index:contract_approvals_approver_status_idx; foreign_key:contract_approvals_approver_id_users_id_fk"
"contract_approvals","source","source","text","false","ACTIVE","Approval requests, actor decisions, notes and group provenance.","Current runtime query, row projection, filtering, authorization or processing reads this field; see evidence and table purpose.","packages/db/src/schema/contract-approvals.ts:66","0040_contract_approvals","apps/api/src/modules/contract-approvals/routes.ts:242","","apps/api/src/modules/contract-approvals/routes.ts:242","check:contract_approvals_source_check; check:contract_approvals_group_source"
"contract_approvals","group_id","groupId","text","true","ACTIVE","Approval requests, actor decisions, notes and group provenance.","Current runtime query, row projection, filtering, authorization or processing reads this field; see evidence and table purpose.","packages/db/src/schema/contract-approvals.ts:71","0040_contract_approvals","apps/api/src/modules/contract-approvals/routes.ts:253","","apps/api/src/modules/contract-approvals/routes.ts:253","foreign_key:contract_approvals_group_id_approver_groups_id_fk; check:contract_approvals_group_source"
"contract_approvals","status","status","text","false","ACTIVE","Approval requests, actor decisions, notes and group provenance.","Current runtime query, row projection, filtering, authorization or processing reads this field; see evidence and table purpose.","packages/db/src/schema/contract-approvals.ts:72","0040_contract_approvals","apps/api/src/lib/soft-gate.ts:97; apps/api/src/lib/soft-gate.ts:104; apps/api/src/modules/contract-approvals/routes.ts:212; apps/api/src/modules/contract-approvals/routes.ts:244; apps/api/src/modules/contract-approvals/routes.ts:355","apps/api/src/modules/contract-approvals/routes.ts:714","apps/api/src/lib/soft-gate.ts:97; apps/api/src/lib/soft-gate.ts:104; apps/api/src/modules/contract-approvals/routes.ts:212; apps/api/src/modules/contract-approvals/routes.ts:244","index:contract_approvals_pending_idx; index:contract_approvals_approver_status_idx; check:contract_approvals_status_check; check:contract_approvals_decided_at"
"contract_approvals","note","note","text","true","ACTIVE","Approval requests, actor decisions, notes and group provenance.","Current runtime query, row projection, filtering, authorization or processing reads this field; see evidence and table purpose.","packages/db/src/schema/contract-approvals.ts:75","0040_contract_approvals","apps/api/src/modules/contract-approvals/routes.ts:245","apps/api/src/modules/contract-approvals/routes.ts:714","apps/api/src/modules/contract-approvals/routes.ts:245",""
"contract_approvals","requested_by","requestedBy","text","false","ACTIVE","Approval requests, actor decisions, notes and group provenance.","Current runtime query, row projection, filtering, authorization or processing reads this field; see evidence and table purpose.","packages/db/src/schema/contract-approvals.ts:78","0040_contract_approvals","apps/api/src/modules/contract-approvals/routes.ts:211; apps/api/src/modules/contract-approvals/routes.ts:241; apps/api/src/modules/home/sections/approvals.ts:76","","apps/api/src/modules/contract-approvals/routes.ts:211; apps/api/src/modules/contract-approvals/routes.ts:241; apps/api/src/modules/home/sections/approvals.ts:76","foreign_key:contract_approvals_requested_by_users_id_fk"
"contract_approvals","decided_at","decidedAt","timestamp with time zone","true","ACTIVE","Approval requests, actor decisions, notes and group provenance.","Current runtime query, row projection, filtering, authorization or processing reads this field; see evidence and table purpose.","packages/db/src/schema/contract-approvals.ts:82","0040_contract_approvals","apps/api/src/modules/contract-approvals/routes.ts:247","apps/api/src/modules/contract-approvals/routes.ts:714","apps/api/src/modules/contract-approvals/routes.ts:247","check:contract_approvals_decided_at"
"contract_approvals","created_at","createdAt","timestamp with time zone","false","ACTIVE","Approval requests, actor decisions, notes and group provenance.","Current runtime query, row projection, filtering, authorization or processing reads this field; see evidence and table purpose.","packages/db/src/schema/contract-approvals.ts:83","0040_contract_approvals","apps/api/src/lib/soft-gate.ts:107; apps/api/src/modules/contract-approvals/routes.ts:246; apps/api/src/modules/contract-approvals/routes.ts:255; apps/api/src/modules/home/sections/approvals.ts:71; apps/api/src/modules/home/sections/approvals.ts:85","","apps/api/src/lib/soft-gate.ts:107; apps/api/src/modules/contract-approvals/routes.ts:246; apps/api/src/modules/contract-approvals/routes.ts:255; apps/api/src/modules/home/sections/approvals.ts:71",""
"contract_approvals","updated_at","updatedAt","timestamp with time zone","false","PASSIVE_METADATA","Approval requests, actor decisions, notes and group provenance.","Automatically refreshed by Drizzle. No application reader identified after projections and generic helpers were checked. Retained by schema timestamp convention; not proven functionally integral.","packages/db/src/schema/contract-approvals.ts:86","0040_contract_approvals","","","packages/db/src/schema/contract-approvals.ts:86; docs/decision-records/SCHEMA.md:18",""
"contract_counterparties","contract_id","contractId","text","false","ACTIVE","Contract-party links and the primary counterparty designation.","Current runtime query, row projection, filtering, authorization or processing reads this field; see evidence and table purpose.","packages/db/src/schema/contract-counterparties.ts:33","0019_counterparties","apps/api/src/pipeline/contract-analysis.ts:534; apps/api/src/modules/portal/contracts.ts:135; apps/api/src/modules/documents/repository.ts:283; apps/api/src/modules/documents/repository.ts:464; apps/api/src/modules/contracts/routes.ts:954","apps/api/src/pipeline/contract-analysis.ts:541; apps/api/src/modules/requests/convert.ts:551; apps/api/src/modules/contracts/routes.ts:3226","apps/api/src/pipeline/contract-analysis.ts:534; apps/api/src/modules/portal/contracts.ts:135; apps/api/src/modules/documents/repository.ts:283; apps/api/src/modules/documents/repository.ts:464","index:contract_counterparties_one_primary; foreign_key:contract_counterparties_contract_id_contracts_id_fk; primary_key:contract_counterparties_pkey"
"contract_counterparties","counterparty_id","counterpartyId","text","false","ACTIVE","Contract-party links and the primary counterparty designation.","Current runtime query, row projection, filtering, authorization or processing reads this field; see evidence and table purpose.","packages/db/src/schema/contract-counterparties.ts:38","0019_counterparties","apps/api/src/pipeline/contract-analysis.ts:530; apps/api/src/modules/portal/contracts.ts:139; apps/api/src/modules/documents/repository.ts:284; apps/api/src/modules/documents/repository.ts:466; apps/api/src/modules/contracts/routes.ts:958","apps/api/src/pipeline/contract-analysis.ts:542; apps/api/src/modules/requests/convert.ts:552; apps/api/src/modules/contracts/routes.ts:3227","apps/api/src/pipeline/contract-analysis.ts:530; apps/api/src/modules/portal/contracts.ts:139; apps/api/src/modules/documents/repository.ts:284; apps/api/src/modules/documents/repository.ts:466","foreign_key:contract_counterparties_counterparty_id_counterparties_id_fk; primary_key:contract_counterparties_pkey"
"contract_counterparties","is_primary","isPrimary","boolean","false","ACTIVE","Contract-party links and the primary counterparty designation.","Current runtime query, row projection, filtering, authorization or processing reads this field; see evidence and table purpose.","packages/db/src/schema/contract-counterparties.ts:42","0019_counterparties","apps/api/src/pipeline/contract-analysis.ts:531; apps/api/src/modules/portal/contracts.ts:136; apps/api/src/modules/contracts/routes.ts:955; apps/api/src/modules/contracts/routes.ts:1097; apps/api/src/modules/contracts/routes.ts:1157","apps/api/src/pipeline/contract-analysis.ts:543; apps/api/src/modules/requests/convert.ts:553; apps/api/src/modules/contracts/routes.ts:1269; apps/api/src/modules/contracts/routes.ts:1279","apps/api/src/pipeline/contract-analysis.ts:531; apps/api/src/modules/portal/contracts.ts:136; apps/api/src/modules/contracts/routes.ts:955; apps/api/src/modules/contracts/routes.ts:1097","index:contract_counterparties_one_primary"
"contract_counterparties","created_at","createdAt","timestamp with time zone","false","ACTIVE","Contract-party links and the primary counterparty designation.","Current runtime query, row projection, filtering, authorization or processing reads this field; see evidence and table purpose.","packages/db/src/schema/contract-counterparties.ts:46","0019_counterparties","apps/api/src/modules/contracts/routes.ts:3324","","apps/api/src/modules/contracts/routes.ts:3324",""
"contract_envelope_signers","id","id","text","false","ACTIVE","Snapshot of people named on an electronic signing envelope.","Current runtime query, row projection, filtering, authorization or processing reads this field; see evidence and table purpose.","packages/db/src/schema/contract-envelopes.ts:223","0043_contract_envelopes","apps/api/src/lib/signer-erasure.ts:138; apps/api/src/lib/signer-erasure.ts:163","","apps/api/src/lib/signer-erasure.ts:138; apps/api/src/lib/signer-erasure.ts:163","foreign_key:contract_envelope_signers_envelope_id_contract_envelopes_id_fk; primary_key:contract_envelope_signers_pkey"
"contract_envelope_signers","envelope_id","envelopeId","text","false","ACTIVE","Snapshot of people named on an electronic signing envelope.","Current runtime query, row projection, filtering, authorization or processing reads this field; see evidence and table purpose.","packages/db/src/schema/contract-envelopes.ts:226","0043_contract_envelopes","apps/api/src/modules/contract-envelopes/routes.ts:390; apps/api/src/modules/contract-envelopes/routes.ts:397","","apps/api/src/modules/contract-envelopes/routes.ts:390; apps/api/src/modules/contract-envelopes/routes.ts:397","index:contract_envelope_signers_envelope_idx; index:contract_envelope_signers_order_idx; index:contract_envelope_signers_email_idx; foreign_key:contract_envelope_signers_envelope_id_contract_envelopes_id_fk"
"contract_envelope_signers","name","name","text","false","ACTIVE","Snapshot of people named on an electronic signing envelope.","Current runtime query, row projection, filtering, authorization or processing reads this field; see evidence and table purpose.","packages/db/src/schema/contract-envelopes.ts:230","0043_contract_envelopes","apps/api/src/modules/contract-envelopes/routes.ts:391","","apps/api/src/modules/contract-envelopes/routes.ts:391","index:contract_envelope_signers_envelope_idx; index:contract_envelope_signers_order_idx; index:contract_envelope_signers_email_idx; foreign_key:contract_envelope_signers_envelope_id_contract_envelopes_id_fk; check:contract_envelope_signers_order_check"
"contract_envelope_signers","email","email","text","false","ACTIVE","Snapshot of people named on an electronic signing envelope.","Current runtime query, row projection, filtering, authorization or processing reads this field; see evidence and table purpose.","packages/db/src/schema/contract-envelopes.ts:233","0043_contract_envelopes","apps/api/src/lib/signer-erasure.ts:137; apps/api/src/lib/signer-erasure.ts:165; apps/api/src/modules/contract-envelopes/routes.ts:392","","apps/api/src/lib/signer-erasure.ts:137; apps/api/src/lib/signer-erasure.ts:165; apps/api/src/modules/contract-envelopes/routes.ts:392","index:contract_envelope_signers_email_idx"
"contract_envelope_signers","signing_order","signingOrder","integer","false","ACTIVE","Snapshot of people named on an electronic signing envelope.","Current runtime query, row projection, filtering, authorization or processing reads this field; see evidence and table purpose.","packages/db/src/schema/contract-envelopes.ts:236","0043_contract_envelopes","apps/api/src/modules/contract-envelopes/routes.ts:401","","apps/api/src/modules/contract-envelopes/routes.ts:401","index:contract_envelope_signers_order_idx; check:contract_envelope_signers_order_check"
"contract_envelope_signers","created_at","createdAt","timestamp with time zone","false","PASSIVE_METADATA","Snapshot of people named on an electronic signing envelope.","Stamped on insertion. No application reader identified after projections and generic helpers were checked. Retained by schema timestamp convention; not proven functionally integral.","packages/db/src/schema/contract-envelopes.ts:237","0043_contract_envelopes","","","packages/db/src/schema/contract-envelopes.ts:237; docs/decision-records/SCHEMA.md:18",""
"contract_envelopes","id","id","text","false","ACTIVE","Signing lifecycle, polling reconciliation and executed-copy retrieval.","Current runtime query, row projection, filtering, authorization or processing reads this field; see evidence and table purpose.","packages/db/src/schema/contract-envelopes.ts:77","0043_contract_envelopes","apps/api/src/pipeline/reconciliation.ts:232; apps/api/src/pipeline/reconciliation.ts:244; apps/api/src/pipeline/reconciliation.ts:247; apps/api/src/pipeline/reconciliation.ts:308; apps/api/src/pipeline/reconciliation.ts:313","","apps/api/src/pipeline/reconciliation.ts:232; apps/api/src/pipeline/reconciliation.ts:244; apps/api/src/pipeline/reconciliation.ts:247; apps/api/src/pipeline/reconciliation.ts:308","foreign_key:contract_envelopes_contract_id_contracts_id_fk; foreign_key:contract_envelopes_document_version_id_document_versions_id_fk; foreign_key:contract_envelopes_sent_by_users_id_fk; foreign_key:contract_envelopes_executed_version_id_document_versions_id_fk; primary_key:contract_envelopes_pkey"
"contract_envelopes","contract_id","contractId","text","false","ACTIVE","Signing lifecycle, polling reconciliation and executed-copy retrieval.","Current runtime query, row projection, filtering, authorization or processing reads this field; see evidence and table purpose.","packages/db/src/schema/contract-envelopes.ts:80","0043_contract_envelopes","apps/api/src/pipeline/executed-copy.ts:224; apps/api/src/pipeline/executed-copy.ts:236; apps/api/src/lib/signing/transitions.ts:190; apps/api/src/modules/contract-envelopes/routes.ts:380; apps/api/src/modules/contract-envelopes/routes.ts:447","apps/api/src/modules/contract-envelopes/routes.ts:898","apps/api/src/pipeline/executed-copy.ts:224; apps/api/src/pipeline/executed-copy.ts:236; apps/api/src/lib/signing/transitions.ts:190; apps/api/src/modules/contract-envelopes/routes.ts:380","index:contract_envelopes_contract_idx; index:contract_envelopes_live_idx; foreign_key:contract_envelopes_contract_id_contracts_id_fk"
"contract_envelopes","provider","provider","text","false","ACTIVE","Signing lifecycle, polling reconciliation and executed-copy retrieval.","Current runtime query, row projection, filtering, authorization or processing reads this field; see evidence and table purpose.","packages/db/src/schema/contract-envelopes.ts:85","0043_contract_envelopes","apps/api/src/pipeline/reconciliation.ts:233; apps/api/src/pipeline/executed-copy.ts:225; apps/api/src/lib/signing/transitions.ts:198; apps/api/src/modules/contract-envelopes/routes.ts:356; apps/api/src/modules/contract-envelopes/routes.ts:489","apps/api/src/modules/contract-envelopes/routes.ts:899","apps/api/src/pipeline/reconciliation.ts:233; apps/api/src/pipeline/executed-copy.ts:225; apps/api/src/lib/signing/transitions.ts:198; apps/api/src/modules/contract-envelopes/routes.ts:356","index:contract_envelopes_provider_id_idx; check:contract_envelopes_provider_check"
"contract_envelopes","provider_envelope_id","providerEnvelopeId","text","false","ACTIVE","Signing lifecycle, polling reconciliation and executed-copy retrieval.","Current runtime query, row projection, filtering, authorization or processing reads this field; see evidence and table purpose.","packages/db/src/schema/contract-envelopes.ts:88","0043_contract_envelopes","apps/api/src/pipeline/reconciliation.ts:234; apps/api/src/pipeline/executed-copy.ts:226; apps/api/src/lib/signing/transitions.ts:199; apps/api/src/modules/contract-envelopes/routes.ts:490","apps/api/src/modules/contract-envelopes/routes.ts:900","apps/api/src/pipeline/reconciliation.ts:234; apps/api/src/pipeline/executed-copy.ts:226; apps/api/src/lib/signing/transitions.ts:199; apps/api/src/modules/contract-envelopes/routes.ts:490","index:contract_envelopes_provider_id_idx"
"contract_envelopes","next_reconcile_at","nextReconcileAt","timestamp with time zone","true","ACTIVE","Signing lifecycle, polling reconciliation and executed-copy retrieval.","Current runtime query, row projection, filtering, authorization or processing reads this field; see evidence and table purpose.","packages/db/src/schema/contract-envelopes.ts:90","0095_signing_update_mode","apps/api/src/pipeline/reconciliation.ts:123; apps/api/src/pipeline/reconciliation.ts:124","apps/api/src/pipeline/reconciliation.ts:305; apps/api/src/pipeline/reconciliation.ts:376","apps/api/src/pipeline/reconciliation.ts:123; apps/api/src/pipeline/reconciliation.ts:124",""
"contract_envelopes","status","status","text","false","ACTIVE","Signing lifecycle, polling reconciliation and executed-copy retrieval.","Current runtime query, row projection, filtering, authorization or processing reads this field; see evidence and table purpose.","packages/db/src/schema/contract-envelopes.ts:91","0043_contract_envelopes","apps/api/src/pipeline/reconciliation.ts:242; apps/api/src/pipeline/reconciliation.ts:309; apps/api/src/pipeline/executed-copy.ts:227; apps/api/src/pipeline/executed-copy.ts:761; apps/api/src/lib/signing/transitions.ts:191","apps/api/src/lib/signing/transitions.ts:235","apps/api/src/pipeline/reconciliation.ts:242; apps/api/src/pipeline/reconciliation.ts:309; apps/api/src/pipeline/executed-copy.ts:227; apps/api/src/pipeline/executed-copy.ts:761","index:contract_envelopes_live_idx; check:contract_envelopes_status_check; check:contract_envelopes_completed_at; check:contract_envelopes_reason_status"
"contract_envelopes","document_version_id","documentVersionId","text","true","ACTIVE","Signing lifecycle, polling reconciliation and executed-copy retrieval.","Current runtime query, row projection, filtering, authorization or processing reads this field; see evidence and table purpose.","packages/db/src/schema/contract-envelopes.ts:101","0043_contract_envelopes","apps/api/src/pipeline/executed-copy.ts:230; apps/api/src/pipeline/executed-copy.ts:239; apps/api/src/modules/contract-envelopes/routes.ts:377","apps/api/src/modules/contract-envelopes/routes.ts:901","apps/api/src/pipeline/executed-copy.ts:230; apps/api/src/pipeline/executed-copy.ts:239; apps/api/src/modules/contract-envelopes/routes.ts:377","foreign_key:contract_envelopes_document_version_id_document_versions_id_fk"
"contract_envelopes","sent_by","sentBy","text","false","ACTIVE","Signing lifecycle, polling reconciliation and executed-copy retrieval.","Current runtime query, row projection, filtering, authorization or processing reads this field; see evidence and table purpose.","packages/db/src/schema/contract-envelopes.ts:106","0043_contract_envelopes","apps/api/src/pipeline/executed-copy.ts:229; apps/api/src/modules/contract-envelopes/routes.ts:361; apps/api/src/modules/contract-envelopes/routes.ts:373; apps/api/src/modules/contract-envelopes/routes.ts:492","apps/api/src/modules/contract-envelopes/routes.ts:902","apps/api/src/pipeline/executed-copy.ts:229; apps/api/src/modules/contract-envelopes/routes.ts:361; apps/api/src/modules/contract-envelopes/routes.ts:373; apps/api/src/modules/contract-envelopes/routes.ts:492","foreign_key:contract_envelopes_sent_by_users_id_fk"
"contract_envelopes","reason","reason","text","true","ACTIVE","Signing lifecycle, polling reconciliation and executed-copy retrieval.","Current runtime query, row projection, filtering, authorization or processing reads this field; see evidence and table purpose.","packages/db/src/schema/contract-envelopes.ts:111","0043_contract_envelopes","apps/api/src/lib/signing/transitions.ts:192; apps/api/src/modules/contract-envelopes/routes.ts:360","apps/api/src/lib/signing/transitions.ts:235","apps/api/src/lib/signing/transitions.ts:192; apps/api/src/modules/contract-envelopes/routes.ts:360","check:contract_envelopes_reason_status"
"contract_envelopes","executed_fetch","executedFetch","text","false","ACTIVE","Signing lifecycle, polling reconciliation and executed-copy retrieval.","Current runtime query, row projection, filtering, authorization or processing reads this field; see evidence and table purpose.","packages/db/src/schema/contract-envelopes.ts:112","0043_contract_envelopes","apps/api/src/pipeline/executed-copy.ts:228; apps/api/src/pipeline/executed-copy.ts:326; apps/api/src/pipeline/executed-copy.ts:635; apps/api/src/pipeline/executed-copy.ts:762; apps/api/src/modules/contract-envelopes/routes.ts:366","apps/api/src/pipeline/executed-copy.ts:380; apps/api/src/pipeline/executed-copy.ts:633","apps/api/src/pipeline/executed-copy.ts:228; apps/api/src/pipeline/executed-copy.ts:326; apps/api/src/pipeline/executed-copy.ts:635; apps/api/src/pipeline/executed-copy.ts:762","check:contract_envelopes_executed_fetch_check"
"contract_envelopes","executed_version_id","executedVersionId","text","true","ACTIVE","Signing lifecycle, polling reconciliation and executed-copy retrieval.","Current runtime query, row projection, filtering, authorization or processing reads this field; see evidence and table purpose.","packages/db/src/schema/contract-envelopes.ts:131","0044_envelope_executed_version","apps/api/src/modules/contract-envelopes/routes.ts:379","apps/api/src/pipeline/executed-copy.ts:380","apps/api/src/modules/contract-envelopes/routes.ts:379","foreign_key:contract_envelopes_executed_version_id_document_versions_id_fk"
"contract_envelopes","sent_at","sentAt","timestamp with time zone","false","ACTIVE","Signing lifecycle, polling reconciliation and executed-copy retrieval.","Current runtime query, row projection, filtering, authorization or processing reads this field; see evidence and table purpose.","packages/db/src/schema/contract-envelopes.ts:134","0043_contract_envelopes","apps/api/src/modules/contract-envelopes/routes.ts:364; apps/api/src/modules/contract-envelopes/routes.ts:381","","apps/api/src/modules/contract-envelopes/routes.ts:364; apps/api/src/modules/contract-envelopes/routes.ts:381",""
"contract_envelopes","completed_at","completedAt","timestamp with time zone","true","ACTIVE","Signing lifecycle, polling reconciliation and executed-copy retrieval.","Current runtime query, row projection, filtering, authorization or processing reads this field; see evidence and table purpose.","packages/db/src/schema/contract-envelopes.ts:136","0043_contract_envelopes","apps/api/src/lib/signing/transitions.ts:193; apps/api/src/modules/contract-envelopes/routes.ts:365","apps/api/src/lib/signing/transitions.ts:235","apps/api/src/lib/signing/transitions.ts:193; apps/api/src/modules/contract-envelopes/routes.ts:365","check:contract_envelopes_completed_at"
"contract_envelopes","created_at","createdAt","timestamp with time zone","false","PASSIVE_METADATA","Signing lifecycle, polling reconciliation and executed-copy retrieval.","Stamped on insertion. No application reader identified after projections and generic helpers were checked. Retained by schema timestamp convention; not proven functionally integral.","packages/db/src/schema/contract-envelopes.ts:137","0043_contract_envelopes","","","packages/db/src/schema/contract-envelopes.ts:137; docs/decision-records/SCHEMA.md:18",""
"contract_envelopes","updated_at","updatedAt","timestamp with time zone","false","PASSIVE_METADATA","Signing lifecycle, polling reconciliation and executed-copy retrieval.","Automatically refreshed by Drizzle. No application reader identified after projections and generic helpers were checked. Retained by schema timestamp convention; not proven functionally integral.","packages/db/src/schema/contract-envelopes.ts:140","0043_contract_envelopes","","","packages/db/src/schema/contract-envelopes.ts:140; docs/decision-records/SCHEMA.md:18",""
"contract_key_dates","id","id","text","false","ACTIVE","Named contract dates and per-date reminder configuration.","Current runtime query, row projection, filtering, authorization or processing reads this field; see evidence and table purpose.","packages/db/src/schema/contract-key-dates.ts:43","0047_contract_key_dates","apps/api/src/lib/key-date-reminders.ts:135; apps/api/src/lib/key-date-reminders.ts:140; apps/api/src/pipeline/morning-round.ts:635; apps/api/src/modules/home/sections/dates.ts:145; apps/api/src/modules/home/sections/dates.ts:149","","apps/api/src/lib/key-date-reminders.ts:135; apps/api/src/lib/key-date-reminders.ts:140; apps/api/src/pipeline/morning-round.ts:635; apps/api/src/modules/home/sections/dates.ts:145","foreign_key:contract_key_dates_contract_id_contracts_id_fk; primary_key:contract_key_dates_pkey"
"contract_key_dates","contract_id","contractId","text","false","ACTIVE","Named contract dates and per-date reminder configuration.","Current runtime query, row projection, filtering, authorization or processing reads this field; see evidence and table purpose.","packages/db/src/schema/contract-key-dates.ts:46","0047_contract_key_dates","apps/api/src/lib/key-date-reminders.ts:136; apps/api/src/lib/next-deadline.ts:33; apps/api/src/pipeline/morning-round.ts:633; apps/api/src/pipeline/morning-round.ts:640; apps/api/src/modules/home/sections/dates.ts:157","apps/api/src/modules/requests/convert.ts:584; apps/api/src/modules/contract-key-dates/routes.ts:446","apps/api/src/lib/key-date-reminders.ts:136; apps/api/src/lib/next-deadline.ts:33; apps/api/src/pipeline/morning-round.ts:633; apps/api/src/pipeline/morning-round.ts:640","index:contract_key_dates_contract_date_idx; foreign_key:contract_key_dates_contract_id_contracts_id_fk"
"contract_key_dates","date","date","date","false","ACTIVE","Named contract dates and per-date reminder configuration.","Current runtime query, row projection, filtering, authorization or processing reads this field; see evidence and table purpose.","packages/db/src/schema/contract-key-dates.ts:52","0047_contract_key_dates","apps/api/src/pipeline/morning-round.ts:634; apps/api/src/pipeline/morning-round.ts:641; apps/api/src/modules/home/sections/dates.ts:146; apps/api/src/modules/home/sections/dates.ts:159; apps/api/src/modules/home/sections/contracts.ts:56","apps/api/src/modules/requests/convert.ts:584; apps/api/src/modules/contract-key-dates/routes.ts:447","apps/api/src/pipeline/morning-round.ts:634; apps/api/src/pipeline/morning-round.ts:641; apps/api/src/modules/home/sections/dates.ts:146; apps/api/src/modules/home/sections/dates.ts:159","index:contract_key_dates_contract_date_idx"
"contract_key_dates","label","label","text","false","ACTIVE","Named contract dates and per-date reminder configuration.","Current runtime query, row projection, filtering, authorization or processing reads this field; see evidence and table purpose.","packages/db/src/schema/contract-key-dates.ts:56","0047_contract_key_dates","apps/api/src/pipeline/morning-round.ts:636; apps/api/src/modules/home/sections/dates.ts:147; apps/api/src/modules/contract-key-dates/routes.ts:211; apps/api/src/modules/contract-key-dates/routes.ts:259","apps/api/src/modules/requests/convert.ts:584; apps/api/src/modules/contract-key-dates/routes.ts:448","apps/api/src/pipeline/morning-round.ts:636; apps/api/src/modules/home/sections/dates.ts:147; apps/api/src/modules/contract-key-dates/routes.ts:211; apps/api/src/modules/contract-key-dates/routes.ts:259","check:contract_key_dates_label_check"
"contract_key_dates","note","note","text","true","ACTIVE","Named contract dates and per-date reminder configuration.","Current runtime query, row projection, filtering, authorization or processing reads this field; see evidence and table purpose.","packages/db/src/schema/contract-key-dates.ts:62","0047_contract_key_dates","apps/api/src/modules/contract-key-dates/routes.ts:212; apps/api/src/modules/contract-key-dates/routes.ts:260","apps/api/src/modules/contract-key-dates/routes.ts:449","apps/api/src/modules/contract-key-dates/routes.ts:212; apps/api/src/modules/contract-key-dates/routes.ts:260","check:contract_key_dates_note_check"
"contract_key_dates","reminder_offset_days","reminderOffsetDays","jsonb","false","ACTIVE","Named contract dates and per-date reminder configuration.","Current runtime query, row projection, filtering, authorization or processing reads this field; see evidence and table purpose.","packages/db/src/schema/contract-key-dates.ts:63","0101_key_date_reminders","apps/api/src/pipeline/morning-round.ts:641; apps/api/src/modules/contract-key-dates/routes.ts:213; apps/api/src/modules/contract-key-dates/routes.ts:261","apps/api/src/modules/contract-key-dates/routes.ts:450","apps/api/src/pipeline/morning-round.ts:641; apps/api/src/modules/contract-key-dates/routes.ts:213; apps/api/src/modules/contract-key-dates/routes.ts:261","check:contract_key_dates_reminder_offsets_check"
"contract_key_dates","reminder_recipient_ids","reminderRecipientIds","jsonb","false","ACTIVE","Named contract dates and per-date reminder configuration.","Current runtime query, row projection, filtering, authorization or processing reads this field; see evidence and table purpose.","packages/db/src/schema/contract-key-dates.ts:64","0101_key_date_reminders","apps/api/src/lib/key-date-reminders.ts:137; apps/api/src/pipeline/morning-round.ts:637; apps/api/src/modules/contract-key-dates/routes.ts:214; apps/api/src/modules/contract-key-dates/routes.ts:262","apps/api/src/modules/contract-key-dates/routes.ts:451","apps/api/src/lib/key-date-reminders.ts:137; apps/api/src/pipeline/morning-round.ts:637; apps/api/src/modules/contract-key-dates/routes.ts:214; apps/api/src/modules/contract-key-dates/routes.ts:262","check:contract_key_dates_reminder_recipients_check"
"contract_key_dates","created_at","createdAt","timestamp with time zone","false","PASSIVE_METADATA","Named contract dates and per-date reminder configuration.","Stamped on insertion. No application reader identified after projections and generic helpers were checked. Retained by schema timestamp convention; not proven functionally integral.","packages/db/src/schema/contract-key-dates.ts:65","0047_contract_key_dates","","","packages/db/src/schema/contract-key-dates.ts:65; docs/decision-records/SCHEMA.md:18",""
"contract_key_dates","updated_at","updatedAt","timestamp with time zone","false","PASSIVE_METADATA","Named contract dates and per-date reminder configuration.","Automatically refreshed by Drizzle. No application reader identified after projections and generic helpers were checked. Retained by schema timestamp convention; not proven functionally integral.","packages/db/src/schema/contract-key-dates.ts:68","0047_contract_key_dates","","","packages/db/src/schema/contract-key-dates.ts:68; docs/decision-records/SCHEMA.md:18",""
"contract_relations","from_contract_id","fromContractId","text","false","ACTIVE","Typed cross-contract relationships.","Current runtime query, row projection, filtering, authorization or processing reads this field; see evidence and table purpose.","packages/db/src/schema/contract-relations.ts:62","0048_contract_relations","apps/api/src/lib/contract-relations.ts:182; apps/api/src/lib/contract-relations.ts:187; apps/api/src/lib/contract-relations.ts:237; apps/api/src/lib/contract-relations.ts:242; apps/api/src/modules/contract-relations/routes.ts:207","apps/api/src/lib/contract-relations.ts:208","apps/api/src/lib/contract-relations.ts:182; apps/api/src/lib/contract-relations.ts:187; apps/api/src/lib/contract-relations.ts:237; apps/api/src/lib/contract-relations.ts:242","foreign_key:contract_relations_from_contract_id_contracts_id_fk; primary_key:contract_relations_pkey; check:contract_relations_self_check"
"contract_relations","to_contract_id","toContractId","text","false","ACTIVE","Typed cross-contract relationships.","Current runtime query, row projection, filtering, authorization or processing reads this field; see evidence and table purpose.","packages/db/src/schema/contract-relations.ts:66","0048_contract_relations","apps/api/src/lib/contract-relations.ts:183; apps/api/src/lib/contract-relations.ts:188; apps/api/src/lib/contract-relations.ts:238; apps/api/src/lib/contract-relations.ts:243; apps/api/src/modules/contract-relations/routes.ts:208","apps/api/src/lib/contract-relations.ts:209","apps/api/src/lib/contract-relations.ts:183; apps/api/src/lib/contract-relations.ts:188; apps/api/src/lib/contract-relations.ts:238; apps/api/src/lib/contract-relations.ts:243","index:contract_relations_to_idx; foreign_key:contract_relations_to_contract_id_contracts_id_fk; primary_key:contract_relations_pkey; check:contract_relations_self_check"
"contract_relations","relation_type","relationType","text","false","ACTIVE","Typed cross-contract relationships.","Current runtime query, row projection, filtering, authorization or processing reads this field; see evidence and table purpose.","packages/db/src/schema/contract-relations.ts:69","0048_contract_relations","apps/api/src/lib/contract-relations.ts:184; apps/api/src/lib/contract-relations.ts:189; apps/api/src/lib/contract-relations.ts:239; apps/api/src/lib/contract-relations.ts:244; apps/api/src/modules/contract-relations/routes.ts:209","apps/api/src/lib/contract-relations.ts:210","apps/api/src/lib/contract-relations.ts:184; apps/api/src/lib/contract-relations.ts:189; apps/api/src/lib/contract-relations.ts:239; apps/api/src/lib/contract-relations.ts:244","index:contract_relations_to_idx; primary_key:contract_relations_pkey; check:contract_relations_type_check"
"contract_relations","created_at","createdAt","timestamp with time zone","false","ACTIVE","Typed cross-contract relationships.","Current runtime query, row projection, filtering, authorization or processing reads this field; see evidence and table purpose.","packages/db/src/schema/contract-relations.ts:73","0048_contract_relations","apps/api/src/lib/contract-relations.ts:192; apps/api/src/lib/contract-relations.ts:250; apps/api/src/modules/contract-relations/routes.ts:220","","apps/api/src/lib/contract-relations.ts:192; apps/api/src/lib/contract-relations.ts:250; apps/api/src/modules/contract-relations/routes.ts:220",""
"contract_stakeholders","contract_id","contractId","text","false","ACTIVE","Additional Business User portal access in dev; retired by pending Portal migration 0109.","Current runtime query, row projection, filtering, authorization or processing reads this field; see evidence and table purpose.","packages/db/src/schema/contract-stakeholders.ts:11","0099_contract_portal_access","apps/api/src/lib/portal-contract-access.ts:28; apps/api/src/modules/contract-stakeholders/routes.ts:36; apps/api/src/modules/contract-stakeholders/routes.ts:145","apps/api/src/modules/contract-stakeholders/routes.ts:92","apps/api/src/lib/portal-contract-access.ts:28; apps/api/src/modules/contract-stakeholders/routes.ts:36; apps/api/src/modules/contract-stakeholders/routes.ts:145","foreign_key:contract_stakeholders_contract_id_contracts_id_fk; primary_key:contract_stakeholders_pkey"
"contract_stakeholders","user_id","userId","text","false","ACTIVE","Additional Business User portal access in dev; retired by pending Portal migration 0109.","Current runtime query, row projection, filtering, authorization or processing reads this field; see evidence and table purpose.","packages/db/src/schema/contract-stakeholders.ts:14","0099_contract_portal_access","apps/api/src/lib/portal-contract-access.ts:30; apps/api/src/modules/contract-stakeholders/routes.ts:35; apps/api/src/modules/contract-stakeholders/routes.ts:146","apps/api/src/modules/contract-stakeholders/routes.ts:92","apps/api/src/lib/portal-contract-access.ts:30; apps/api/src/modules/contract-stakeholders/routes.ts:35; apps/api/src/modules/contract-stakeholders/routes.ts:146","index:contract_stakeholders_user_idx; foreign_key:contract_stakeholders_user_id_users_id_fk; primary_key:contract_stakeholders_pkey"
"contract_stakeholders","created_at","createdAt","timestamp with time zone","false","PASSIVE_METADATA","Additional Business User portal access in dev; retired by pending Portal migration 0109.","Stamped on insertion. No application reader identified after projections and generic helpers were checked. Retained by schema timestamp convention; not proven functionally integral.","packages/db/src/schema/contract-stakeholders.ts:17","0099_contract_portal_access","","","packages/db/src/schema/contract-stakeholders.ts:17; docs/decision-records/SCHEMA.md:18",""
"contract_statuses","id","id","text","false","ACTIVE","Configurable workflow statuses mapped to fixed contract stages.","Current runtime query, row projection, filtering, authorization or processing reads this field; see evidence and table purpose.","packages/db/src/schema/contract-statuses.ts:41","0009_contract_statuses","apps/api/src/pipeline/executed-copy.ts:508; apps/api/src/pipeline/executed-copy.ts:517; apps/api/src/modules/entities/linked-records.ts:91; apps/api/src/modules/home/sections/dates.ts:158; apps/api/src/modules/home/sections/dates.ts:177","","apps/api/src/pipeline/executed-copy.ts:508; apps/api/src/pipeline/executed-copy.ts:517; apps/api/src/modules/entities/linked-records.ts:91; apps/api/src/modules/home/sections/dates.ts:158","primary_key:contract_statuses_pkey"
"contract_statuses","slug","slug","text","false","ACTIVE","Configurable workflow statuses mapped to fixed contract stages.","Current runtime query, row projection, filtering, authorization or processing reads this field; see evidence and table purpose.","packages/db/src/schema/contract-statuses.ts:43","0009_contract_statuses","apps/api/src/modules/contracts/routes.ts:1799; apps/api/src/modules/contracts/create.ts:245; apps/api/src/modules/contract-statuses/routes.ts:198; apps/api/src/modules/contract-statuses/routes.ts:68; apps/api/src/modules/contract-statuses/routes.ts:260","apps/api/src/modules/contract-statuses/routes.ts:210","apps/api/src/modules/contracts/routes.ts:1799; apps/api/src/modules/contracts/create.ts:245; apps/api/src/modules/contract-statuses/routes.ts:198; apps/api/src/modules/contract-statuses/routes.ts:68","index:contract_statuses_slug_unique"
"contract_statuses","display_name","displayName","text","false","ACTIVE","Configurable workflow statuses mapped to fixed contract stages.","Current runtime query, row projection, filtering, authorization or processing reads this field; see evidence and table purpose.","packages/db/src/schema/contract-statuses.ts:44","0009_contract_statuses","apps/api/src/pipeline/executed-copy.ts:506; apps/api/src/pipeline/executed-copy.ts:517; apps/api/src/modules/entities/linked-records.ts:85; apps/api/src/modules/contract-matters/routes.ts:122; apps/api/src/modules/contract-matters/routes.ts:314","apps/api/src/modules/contract-statuses/routes.ts:210; apps/api/src/modules/contract-statuses/routes.ts:252","apps/api/src/pipeline/executed-copy.ts:506; apps/api/src/pipeline/executed-copy.ts:517; apps/api/src/modules/entities/linked-records.ts:85; apps/api/src/modules/contract-matters/routes.ts:122",""
"contract_statuses","stage","stage","text","false","ACTIVE","Configurable workflow statuses mapped to fixed contract stages.","Current runtime query, row projection, filtering, authorization or processing reads this field; see evidence and table purpose.","packages/db/src/schema/contract-statuses.ts:46","0009_contract_statuses","apps/api/src/lib/next-deadline.ts:38; apps/api/src/pipeline/executed-copy.ts:506; apps/api/src/pipeline/executed-copy.ts:519; apps/api/src/modules/entities/linked-records.ts:86; apps/api/src/modules/home/sections/dates.ts:125","apps/api/src/modules/contract-statuses/routes.ts:210","apps/api/src/lib/next-deadline.ts:38; apps/api/src/pipeline/executed-copy.ts:506; apps/api/src/pipeline/executed-copy.ts:519; apps/api/src/modules/entities/linked-records.ts:86","check:contract_statuses_stage_check"
"contract_statuses","display_order","displayOrder","integer","false","ACTIVE","Configurable workflow statuses mapped to fixed contract stages.","Current runtime query, row projection, filtering, authorization or processing reads this field; see evidence and table purpose.","packages/db/src/schema/contract-statuses.ts:48","0009_contract_statuses","apps/api/src/pipeline/executed-copy.ts:520; apps/api/src/modules/contracts/routes.ts:996; apps/api/src/modules/contracts/routes.ts:1805; apps/api/src/modules/contract-statuses/routes.ts:166; apps/api/src/modules/contract-statuses/routes.ts:198","apps/api/src/modules/contract-statuses/routes.ts:210; apps/api/src/modules/contract-statuses/routes.ts:310; apps/api/src/modules/contract-statuses/routes.ts:435","apps/api/src/pipeline/executed-copy.ts:520; apps/api/src/modules/contracts/routes.ts:996; apps/api/src/modules/contracts/routes.ts:1805; apps/api/src/modules/contract-statuses/routes.ts:166",""
"contract_statuses","is_system_default","isSystemDefault","boolean","false","REVIEW_API_ONLY","Configurable workflow statuses mapped to fixed contract stages.","Seed provenance is serialized by the API. No shipped UI behavior or permission/default-selection rule consumes the flag; protected rows are identified by slug. Deprecate the response property before any removal.","packages/db/src/schema/contract-statuses.ts:50","0009_contract_statuses","apps/api/src/modules/contract-statuses/routes.ts:72","","apps/api/src/lib/taxonomy-routes.ts:254; apps/api/src/lib/taxonomy-routes.ts:363; apps/api/src/modules/contract-statuses/routes.ts:66; apps/api/src/modules/matter-statuses/routes.ts:48",""
"contract_statuses","archived_at","archivedAt","timestamp with time zone","true","ACTIVE","Configurable workflow statuses mapped to fixed contract stages.","Current runtime query, row projection, filtering, authorization or processing reads this field; see evidence and table purpose.","packages/db/src/schema/contract-statuses.ts:53","0009_contract_statuses","apps/api/src/pipeline/executed-copy.ts:519; apps/api/src/modules/contracts/routes.ts:1804; apps/api/src/modules/contracts/routes.ts:2685; apps/api/src/modules/contracts/create.ts:245; apps/api/src/modules/contract-statuses/routes.ts:137","apps/api/src/modules/contract-statuses/routes.ts:384; apps/api/src/modules/contract-statuses/routes.ts:435","apps/api/src/pipeline/executed-copy.ts:519; apps/api/src/modules/contracts/routes.ts:1804; apps/api/src/modules/contracts/routes.ts:2685; apps/api/src/modules/contracts/create.ts:245",""
"contract_statuses","created_at","createdAt","timestamp with time zone","false","ACTIVE","Configurable workflow statuses mapped to fixed contract stages.","Current runtime query, row projection, filtering, authorization or processing reads this field; see evidence and table purpose.","packages/db/src/schema/contract-statuses.ts:54","0009_contract_statuses","apps/api/src/pipeline/executed-copy.ts:520; apps/api/src/modules/contracts/routes.ts:1805; apps/api/src/modules/contract-statuses/routes.ts:166; apps/api/src/modules/contract-statuses/routes.ts:289","","apps/api/src/pipeline/executed-copy.ts:520; apps/api/src/modules/contracts/routes.ts:1805; apps/api/src/modules/contract-statuses/routes.ts:166; apps/api/src/modules/contract-statuses/routes.ts:289",""
"contract_statuses","updated_at","updatedAt","timestamp with time zone","false","PASSIVE_METADATA","Configurable workflow statuses mapped to fixed contract stages.","Automatically refreshed by Drizzle. No application reader identified after projections and generic helpers were checked. Retained by schema timestamp convention; not proven functionally integral.","packages/db/src/schema/contract-statuses.ts:57","0009_contract_statuses","","","packages/db/src/schema/contract-statuses.ts:57; docs/decision-records/SCHEMA.md:18",""
"contract_tasks","id","id","text","false","ACTIVE","Assignable ordered contract tasks and due dates.","Current runtime query, row projection, filtering, authorization or processing reads this field; see evidence and table purpose.","packages/db/src/schema/contract-tasks.ts:47","0049_contract_tasks","apps/api/src/modules/home/sections/tasks.ts:115; apps/api/src/modules/contract-tasks/routes.ts:125; apps/api/src/modules/contract-tasks/routes.ts:149; apps/api/src/modules/contract-tasks/routes.ts:159; apps/api/src/modules/contract-tasks/routes.ts:172","","apps/api/src/modules/home/sections/tasks.ts:115; apps/api/src/modules/contract-tasks/routes.ts:125; apps/api/src/modules/contract-tasks/routes.ts:149; apps/api/src/modules/contract-tasks/routes.ts:159","foreign_key:contract_tasks_contract_id_contracts_id_fk; foreign_key:contract_tasks_assignee_id_users_id_fk; primary_key:contract_tasks_pkey"
"contract_tasks","contract_id","contractId","text","false","ACTIVE","Assignable ordered contract tasks and due dates.","Current runtime query, row projection, filtering, authorization or processing reads this field; see evidence and table purpose.","packages/db/src/schema/contract-tasks.ts:50","0049_contract_tasks","apps/api/src/lib/next-deadline.ts:34; apps/api/src/modules/comments/audience.ts:584; apps/api/src/modules/home/sections/tasks.ts:125; apps/api/src/modules/contract-tasks/routes.ts:148; apps/api/src/modules/contract-tasks/routes.ts:171","apps/api/src/modules/contract-tasks/routes.ts:285","apps/api/src/lib/next-deadline.ts:34; apps/api/src/modules/comments/audience.ts:584; apps/api/src/modules/home/sections/tasks.ts:125; apps/api/src/modules/contract-tasks/routes.ts:148","index:contract_tasks_contract_order_idx; foreign_key:contract_tasks_contract_id_contracts_id_fk"
"contract_tasks","title","title","text","false","ACTIVE","Assignable ordered contract tasks and due dates.","Current runtime query, row projection, filtering, authorization or processing reads this field; see evidence and table purpose.","packages/db/src/schema/contract-tasks.ts:55","0049_contract_tasks","apps/api/src/modules/home/sections/tasks.ts:116; apps/api/src/modules/contract-tasks/routes.ts:126; apps/api/src/modules/contract-tasks/routes.ts:160","apps/api/src/modules/contract-tasks/routes.ts:286","apps/api/src/modules/home/sections/tasks.ts:116; apps/api/src/modules/contract-tasks/routes.ts:126; apps/api/src/modules/contract-tasks/routes.ts:160","check:contract_tasks_title_check"
"contract_tasks","description","description","text","true","ACTIVE","Assignable ordered contract tasks and due dates.","Current runtime query, row projection, filtering, authorization or processing reads this field; see evidence and table purpose.","packages/db/src/schema/contract-tasks.ts:56","0094_fantastic_deathbird","apps/api/src/modules/contract-tasks/routes.ts:127; apps/api/src/modules/contract-tasks/routes.ts:161","apps/api/src/modules/contract-tasks/routes.ts:287","apps/api/src/modules/contract-tasks/routes.ts:127; apps/api/src/modules/contract-tasks/routes.ts:161",""
"contract_tasks","is_done","isDone","boolean","false","ACTIVE","Assignable ordered contract tasks and due dates.","Current runtime query, row projection, filtering, authorization or processing reads this field; see evidence and table purpose.","packages/db/src/schema/contract-tasks.ts:59","0049_contract_tasks","apps/api/src/modules/home/sections/tasks.ts:129; apps/api/src/modules/contract-tasks/routes.ts:128; apps/api/src/modules/contract-tasks/routes.ts:162","apps/api/src/modules/contract-tasks/routes.ts:288; apps/api/src/modules/contract-tasks/routes.ts:465","apps/api/src/modules/home/sections/tasks.ts:129; apps/api/src/modules/contract-tasks/routes.ts:128; apps/api/src/modules/contract-tasks/routes.ts:162",""
"contract_tasks","assignee_id","assigneeId","text","true","ACTIVE","Assignable ordered contract tasks and due dates.","Current runtime query, row projection, filtering, authorization or processing reads this field; see evidence and table purpose.","packages/db/src/schema/contract-tasks.ts:62","0049_contract_tasks","apps/api/src/modules/home/sections/tasks.ts:128; apps/api/src/modules/contract-tasks/routes.ts:129; apps/api/src/modules/contract-tasks/routes.ts:163; apps/api/src/modules/contract-tasks/routes.ts:170","apps/api/src/modules/contract-tasks/routes.ts:289","apps/api/src/modules/home/sections/tasks.ts:128; apps/api/src/modules/contract-tasks/routes.ts:129; apps/api/src/modules/contract-tasks/routes.ts:163; apps/api/src/modules/contract-tasks/routes.ts:170","index:contract_tasks_assignee_due_idx; foreign_key:contract_tasks_assignee_id_users_id_fk"
"contract_tasks","due_date","dueDate","date","true","ACTIVE","Assignable ordered contract tasks and due dates.","Current runtime query, row projection, filtering, authorization or processing reads this field; see evidence and table purpose.","packages/db/src/schema/contract-tasks.ts:66","0049_contract_tasks","apps/api/src/modules/home/sections/tasks.ts:117; apps/api/src/modules/home/sections/tasks.ts:118; apps/api/src/modules/home/sections/tasks.ts:130; apps/api/src/modules/contract-tasks/routes.ts:130; apps/api/src/modules/contract-tasks/routes.ts:166","apps/api/src/modules/contract-tasks/routes.ts:290","apps/api/src/modules/home/sections/tasks.ts:117; apps/api/src/modules/home/sections/tasks.ts:118; apps/api/src/modules/home/sections/tasks.ts:130; apps/api/src/modules/contract-tasks/routes.ts:130","index:contract_tasks_assignee_due_idx"
"contract_tasks","display_order","displayOrder","integer","false","ACTIVE","Assignable ordered contract tasks and due dates.","Current runtime query, row projection, filtering, authorization or processing reads this field; see evidence and table purpose.","packages/db/src/schema/contract-tasks.ts:69","0049_contract_tasks","apps/api/src/modules/contract-tasks/routes.ts:131; apps/api/src/modules/contract-tasks/routes.ts:167; apps/api/src/modules/contract-tasks/routes.ts:172; apps/api/src/modules/contract-tasks/routes.ts:193","apps/api/src/modules/contract-tasks/routes.ts:291; apps/api/src/modules/contract-tasks/routes.ts:531","apps/api/src/modules/contract-tasks/routes.ts:131; apps/api/src/modules/contract-tasks/routes.ts:167; apps/api/src/modules/contract-tasks/routes.ts:172; apps/api/src/modules/contract-tasks/routes.ts:193","index:contract_tasks_contract_order_idx"
"contract_tasks","created_at","createdAt","timestamp with time zone","false","PASSIVE_METADATA","Assignable ordered contract tasks and due dates.","Stamped on insertion. No application reader identified after projections and generic helpers were checked. Retained by schema timestamp convention; not proven functionally integral.","packages/db/src/schema/contract-tasks.ts:70","0049_contract_tasks","","","packages/db/src/schema/contract-tasks.ts:70; docs/decision-records/SCHEMA.md:18",""
"contract_tasks","updated_at","updatedAt","timestamp with time zone","false","PASSIVE_METADATA","Assignable ordered contract tasks and due dates.","Automatically refreshed by Drizzle. No application reader identified after projections and generic helpers were checked. Retained by schema timestamp convention; not proven functionally integral.","packages/db/src/schema/contract-tasks.ts:73","0049_contract_tasks","","","packages/db/src/schema/contract-tasks.ts:73; docs/decision-records/SCHEMA.md:18",""
"contract_team","contract_id","contractId","text","false","ACTIVE","Role-tagged contract membership and authorization in dev.","Current runtime query, row projection, filtering, authorization or processing reads this field; see evidence and table purpose.","packages/db/src/schema/contract-team.ts:33","0017_contract_team","apps/api/src/lib/task-assignment.ts:39; apps/api/src/lib/contract-access.ts:115; apps/api/src/lib/contract-access.ts:341; apps/api/src/lib/contract-access.ts:540; apps/api/src/lib/contract-access.ts:666","apps/api/src/lib/task-assignment.ts:57; apps/api/src/modules/contracts/routes.ts:3059; apps/api/src/modules/contracts/create.ts:332","apps/api/src/lib/task-assignment.ts:39; apps/api/src/lib/contract-access.ts:115; apps/api/src/lib/contract-access.ts:341; apps/api/src/lib/contract-access.ts:540","foreign_key:contract_team_contract_id_contracts_id_fk; primary_key:contract_team_pkey"
"contract_team","user_id","userId","text","false","ACTIVE","Role-tagged contract membership and authorization in dev.","Current runtime query, row projection, filtering, authorization or processing reads this field; see evidence and table purpose.","packages/db/src/schema/contract-team.ts:38","0017_contract_team","apps/api/src/lib/contract-access.ts:117; apps/api/src/lib/contract-access.ts:343; apps/api/src/lib/contract-access.ts:541; apps/api/src/lib/contract-access.ts:666; apps/api/src/lib/contract-access.ts:863","apps/api/src/lib/task-assignment.ts:57; apps/api/src/modules/contracts/routes.ts:3059; apps/api/src/modules/contracts/create.ts:333","apps/api/src/lib/contract-access.ts:117; apps/api/src/lib/contract-access.ts:343; apps/api/src/lib/contract-access.ts:541; apps/api/src/lib/contract-access.ts:666","index:contract_team_user_idx; foreign_key:contract_team_user_id_users_id_fk; primary_key:contract_team_pkey"
"contract_team","role","role","text","false","ACTIVE","Role-tagged contract membership and authorization in dev.","Current runtime query, row projection, filtering, authorization or processing reads this field; see evidence and table purpose.","packages/db/src/schema/contract-team.ts:41","0017_contract_team","apps/api/src/lib/contract-access.ts:664; apps/api/src/modules/contracts/routes.ts:1132; apps/api/src/modules/contracts/routes.ts:1137; apps/api/src/modules/contracts/routes.ts:3117","apps/api/src/lib/task-assignment.ts:57; apps/api/src/modules/contracts/routes.ts:3059; apps/api/src/modules/contracts/create.ts:334","apps/api/src/lib/contract-access.ts:664; apps/api/src/modules/contracts/routes.ts:1132; apps/api/src/modules/contracts/routes.ts:1137; apps/api/src/modules/contracts/routes.ts:3117","primary_key:contract_team_pkey; check:contract_team_role_check"
"contract_team","created_at","createdAt","timestamp with time zone","false","PASSIVE_METADATA","Role-tagged contract membership and authorization in dev.","Stamped on insertion. No application reader identified after projections and generic helpers were checked. Retained by schema timestamp convention; not proven functionally integral.","packages/db/src/schema/contract-team.ts:44","0017_contract_team","","","packages/db/src/schema/contract-team.ts:44; docs/decision-records/SCHEMA.md:18",""
"contract_type_fields","contract_type_id","typeId","text","false","ACTIVE_GENERIC","Contract Type field attachments, ordering and required-field validation.","Shared field-attachment routes and validation read/write the supplied join table; created_at breaks order ties.","packages/db/src/schema/contract-type-fields.ts:26","0011_type_editor","apps/api/src/lib/analysis-targets.ts:48; apps/api/src/pipeline/conversion-analysis.ts:113","","apps/api/src/lib/custom-fields.ts:118; apps/api/src/lib/type-field-routes.ts:210","foreign_key:contract_type_fields_contract_type_id_contract_types_id_fk; primary_key:contract_type_fields_contract_type_id_field_id_pk"
"contract_type_fields","field_id","fieldId","text","false","ACTIVE_GENERIC","Contract Type field attachments, ordering and required-field validation.","Shared field-attachment routes and validation read/write the supplied join table; created_at breaks order ties.","packages/db/src/schema/helpers.ts:37","0011_type_editor","apps/api/src/lib/analysis-targets.ts:45; apps/api/src/pipeline/conversion-analysis.ts:112","","apps/api/src/lib/custom-fields.ts:118; apps/api/src/lib/type-field-routes.ts:210","index:contract_type_fields_field_id_idx; foreign_key:contract_type_fields_field_id_fields_id_fk; primary_key:contract_type_fields_contract_type_id_field_id_pk"
"contract_type_fields","display_order","displayOrder","integer","false","ACTIVE_GENERIC","Contract Type field attachments, ordering and required-field validation.","Shared field-attachment routes and validation read/write the supplied join table; created_at breaks order ties.","packages/db/src/schema/helpers.ts:37","0011_type_editor","apps/api/src/lib/analysis-targets.ts:54","","apps/api/src/lib/custom-fields.ts:118; apps/api/src/lib/type-field-routes.ts:210",""
"contract_type_fields","is_required","isRequired","boolean","false","ACTIVE_GENERIC","Contract Type field attachments, ordering and required-field validation.","Shared field-attachment routes and validation read/write the supplied join table; created_at breaks order ties.","packages/db/src/schema/helpers.ts:37","0011_type_editor","","","apps/api/src/lib/custom-fields.ts:118; apps/api/src/lib/type-field-routes.ts:210",""
"contract_type_fields","created_at","createdAt","timestamp with time zone","false","ACTIVE_GENERIC","Contract Type field attachments, ordering and required-field validation.","Shared field-attachment routes and validation read/write the supplied join table; created_at breaks order ties.","packages/db/src/schema/helpers.ts:37","0011_type_editor","apps/api/src/lib/analysis-targets.ts:54","","apps/api/src/lib/custom-fields.ts:118; apps/api/src/lib/type-field-routes.ts:210",""
"contract_types","id","id","text","false","ACTIVE","Configurable Contract Types and field/record association.","Current runtime query, row projection, filtering, authorization or processing reads this field; see evidence and table purpose.","packages/db/src/schema/helpers.ts:37","0008_contract_types","apps/api/src/pipeline/conversion-analysis.ts:105; apps/api/src/pipeline/conversion-analysis.ts:107; apps/api/src/modules/requests/projection.ts:133; apps/api/src/modules/requests/projection.ts:560; apps/api/src/modules/requests/inbox.ts:295","","apps/api/src/pipeline/conversion-analysis.ts:105; apps/api/src/pipeline/conversion-analysis.ts:107; apps/api/src/modules/requests/projection.ts:133; apps/api/src/modules/requests/projection.ts:560","primary_key:contract_types_pkey"
"contract_types","slug","slug","text","false","ACTIVE","Configurable Contract Types and field/record association.","Current runtime query, row projection, filtering, authorization or processing reads this field; see evidence and table purpose.","packages/db/src/schema/helpers.ts:37","0008_contract_types","apps/api/src/modules/contracts/routes.ts:1790; apps/api/src/lib/taxonomy-routes.ts:256; apps/api/src/lib/taxonomy-routes.ts:363; apps/api/src/lib/taxonomy-routes.ts:562; apps/api/src/lib/taxonomy-routes.ts:574","","apps/api/src/modules/contracts/routes.ts:1790; apps/api/src/lib/taxonomy-routes.ts:256; apps/api/src/lib/taxonomy-routes.ts:363; apps/api/src/lib/taxonomy-routes.ts:562","index:contract_types_slug_unique"
"contract_types","display_name","displayName","text","false","ACTIVE","Configurable Contract Types and field/record association.","Current runtime query, row projection, filtering, authorization or processing reads this field; see evidence and table purpose.","packages/db/src/schema/helpers.ts:37","0008_contract_types","apps/api/src/modules/requests/projection.ts:561; apps/api/src/modules/requests/inbox.ts:296; apps/api/src/modules/contracts/routes.ts:912; apps/api/src/modules/contracts/routes.ts:995; apps/api/src/modules/contracts/routes.ts:1728","","apps/api/src/modules/requests/projection.ts:561; apps/api/src/modules/requests/inbox.ts:296; apps/api/src/modules/contracts/routes.ts:912; apps/api/src/modules/contracts/routes.ts:995",""
"contract_types","description","description","text","true","ACTIVE","Configurable Contract Types and field/record association.","Current runtime query, row projection, filtering, authorization or processing reads this field; see evidence and table purpose.","packages/db/src/schema/helpers.ts:37","0011_type_editor","apps/api/src/lib/taxonomy-routes.ts:258; apps/api/src/lib/taxonomy-routes.ts:504; apps/api/src/lib/taxonomy-routes.ts:532","","apps/api/src/lib/taxonomy-routes.ts:258; apps/api/src/lib/taxonomy-routes.ts:504; apps/api/src/lib/taxonomy-routes.ts:532",""
"contract_types","display_order","displayOrder","integer","false","ACTIVE","Configurable Contract Types and field/record association.","Current runtime query, row projection, filtering, authorization or processing reads this field; see evidence and table purpose.","packages/db/src/schema/helpers.ts:37","0008_contract_types","apps/api/src/modules/contracts/routes.ts:1795; apps/api/src/lib/taxonomy-routes.ts:259; apps/api/src/lib/taxonomy-routes.ts:619","","apps/api/src/modules/contracts/routes.ts:1795; apps/api/src/lib/taxonomy-routes.ts:259; apps/api/src/lib/taxonomy-routes.ts:619",""
"contract_types","is_system_default","isSystemDefault","boolean","false","REVIEW_API_ONLY","Configurable Contract Types and field/record association.","Seed provenance is serialized by the API. No shipped UI behavior or permission/default-selection rule consumes the flag; protected rows are identified by slug. Deprecate the response property before any removal.","packages/db/src/schema/helpers.ts:37","0008_contract_types","apps/api/src/lib/taxonomy-routes.ts:260","","apps/api/src/lib/taxonomy-routes.ts:254; apps/api/src/lib/taxonomy-routes.ts:363; apps/api/src/modules/contract-statuses/routes.ts:66; apps/api/src/modules/matter-statuses/routes.ts:48",""
"contract_types","archived_at","archivedAt","timestamp with time zone","true","ACTIVE","Configurable Contract Types and field/record association.","Current runtime query, row projection, filtering, authorization or processing reads this field; see evidence and table purpose.","packages/db/src/schema/helpers.ts:37","0008_contract_types","apps/api/src/modules/requests/projection.ts:133; apps/api/src/modules/contracts/routes.ts:1794; apps/api/src/modules/contracts/routes.ts:2514; apps/api/src/modules/contracts/create.ts:224; apps/api/src/lib/taxonomy-routes.ts:261","","apps/api/src/modules/requests/projection.ts:133; apps/api/src/modules/contracts/routes.ts:1794; apps/api/src/modules/contracts/routes.ts:2514; apps/api/src/modules/contracts/create.ts:224",""
"contract_types","created_at","createdAt","timestamp with time zone","false","ACTIVE","Configurable Contract Types and field/record association.","Current runtime query, row projection, filtering, authorization or processing reads this field; see evidence and table purpose.","packages/db/src/schema/helpers.ts:37","0008_contract_types","apps/api/src/modules/contracts/routes.ts:1795","","apps/api/src/modules/contracts/routes.ts:1795",""
"contract_types","updated_at","updatedAt","timestamp with time zone","false","PASSIVE_METADATA","Configurable Contract Types and field/record association.","Automatically refreshed by Drizzle. No application reader identified after projections and generic helpers were checked. Retained by schema timestamp convention; not proven functionally integral.","packages/db/src/schema/helpers.ts:37","0008_contract_types","","","packages/db/src/schema/helpers.ts:37; docs/decision-records/SCHEMA.md:18",""
"contracts","id","id","text","false","ACTIVE","Contract record, lifecycle, ownership, commercial terms and AI confirmation state.","Current runtime query, row projection, filtering, authorization or processing reads this field; see evidence and table purpose.","packages/db/src/schema/contracts.ts:91","0016_contracts","apps/api/src/lib/portal-contract-access.ts:26; apps/api/src/lib/contract-access.ts:113; apps/api/src/lib/contract-access.ts:299; apps/api/src/lib/contract-access.ts:333; apps/api/src/lib/contract-access.ts:339","","apps/api/src/lib/portal-contract-access.ts:26; apps/api/src/lib/contract-access.ts:113; apps/api/src/lib/contract-access.ts:299; apps/api/src/lib/contract-access.ts:333","index:contracts_unverified_idx; foreign_key:contracts_contract_type_id_contract_types_id_fk; foreign_key:contracts_status_id_contract_statuses_id_fk; foreign_key:contracts_manager_id_users_id_fk; foreign_key:contracts_business_owner_id_users_id_fk; foreign_key:contracts_entity_id_entities_id_fk; foreign_key:contracts_parent_id_contracts_id_fk; foreign_key:contracts_matter_id_matters_id_fk; foreign_key:contracts_primary_document_id_documents_id_fk; check:contracts_parent_not_self_check; primary_key:contracts_pkey"
"contracts","number","number","integer","false","ACTIVE","Contract record, lifecycle, ownership, commercial terms and AI confirmation state.","Current runtime query, row projection, filtering, authorization or processing reads this field; see evidence and table purpose.","packages/db/src/schema/contracts.ts:93","0016_contracts","apps/api/src/lib/contract-access.ts:300; apps/api/src/lib/contract-access.ts:313; apps/api/src/pipeline/contract-analysis.ts:641; apps/api/src/pipeline/executed-copy.ts:311; apps/api/src/modules/comments/audience.ts:231","","apps/api/src/lib/contract-access.ts:300; apps/api/src/lib/contract-access.ts:313; apps/api/src/pipeline/contract-analysis.ts:641; apps/api/src/pipeline/executed-copy.ts:311","index:contracts_number_unique; generated:search_vector"
"contracts","title","title","text","false","ACTIVE","Contract record, lifecycle, ownership, commercial terms and AI confirmation state.","Current runtime query, row projection, filtering, authorization or processing reads this field; see evidence and table purpose.","packages/db/src/schema/contracts.ts:96","0016_contracts","apps/api/src/lib/contract-access.ts:301; apps/api/src/pipeline/contract-analysis.ts:641; apps/api/src/pipeline/executed-copy.ts:312; apps/api/src/modules/comments/audience.ts:231; apps/api/src/lib/notifications/audience.ts:259","apps/api/src/modules/contracts/create.ts:311","apps/api/src/lib/contract-access.ts:301; apps/api/src/pipeline/contract-analysis.ts:641; apps/api/src/pipeline/executed-copy.ts:312; apps/api/src/modules/comments/audience.ts:231","generated:search_vector"
"contracts","contract_type_id","contractTypeId","text","false","ACTIVE","Contract record, lifecycle, ownership, commercial terms and AI confirmation state.","Current runtime query, row projection, filtering, authorization or processing reads this field; see evidence and table purpose.","packages/db/src/schema/contracts.ts:99","0016_contracts","apps/api/src/lib/contract-access.ts:310; apps/api/src/pipeline/contract-analysis.ts:87; apps/api/src/pipeline/contract-analysis.ts:689; apps/api/src/modules/contract-analysis/request-evidence.ts:36; apps/api/src/modules/contracts/type-usage.ts:42","apps/api/src/modules/contracts/type-usage.ts:52; apps/api/src/modules/contracts/create.ts:313","apps/api/src/lib/contract-access.ts:310; apps/api/src/pipeline/contract-analysis.ts:87; apps/api/src/pipeline/contract-analysis.ts:689; apps/api/src/modules/contract-analysis/request-evidence.ts:36","index:contracts_contract_type_idx; foreign_key:contracts_contract_type_id_contract_types_id_fk"
"contracts","status_id","statusId","text","false","ACTIVE","Contract record, lifecycle, ownership, commercial terms and AI confirmation state.","Current runtime query, row projection, filtering, authorization or processing reads this field; see evidence and table purpose.","packages/db/src/schema/contracts.ts:103","0016_contracts","apps/api/src/pipeline/executed-copy.ts:313; apps/api/src/modules/entities/linked-records.ts:91; apps/api/src/modules/home/sections/dates.ts:158; apps/api/src/modules/home/sections/dates.ts:177; apps/api/src/modules/home/sections/dates.ts:200","apps/api/src/pipeline/executed-copy.ts:524; apps/api/src/modules/contracts/create.ts:314","apps/api/src/pipeline/executed-copy.ts:313; apps/api/src/modules/entities/linked-records.ts:91; apps/api/src/modules/home/sections/dates.ts:158; apps/api/src/modules/home/sections/dates.ts:177","index:contracts_status_idx; foreign_key:contracts_status_id_contract_statuses_id_fk"
"contracts","manager_id","managerId","text","true","ACTIVE","Contract record, lifecycle, ownership, commercial terms and AI confirmation state.","Current runtime query, row projection, filtering, authorization or processing reads this field; see evidence and table purpose.","packages/db/src/schema/contracts.ts:111","0017_contract_team","apps/api/src/lib/contract-access.ts:124; apps/api/src/lib/contract-access.ts:303; apps/api/src/lib/contract-access.ts:337; apps/api/src/lib/contract-access.ts:544; apps/api/src/lib/contract-access.ts:848","apps/api/src/modules/contracts/create.ts:315","apps/api/src/lib/contract-access.ts:124; apps/api/src/lib/contract-access.ts:303; apps/api/src/lib/contract-access.ts:337; apps/api/src/lib/contract-access.ts:544","index:contracts_manager_idx; foreign_key:contracts_manager_id_users_id_fk"
"contracts","business_owner_id","businessOwnerId","text","true","ACTIVE","Contract record, lifecycle, ownership, commercial terms and AI confirmation state.","Current runtime query, row projection, filtering, authorization or processing reads this field; see evidence and table purpose.","packages/db/src/schema/contracts.ts:113","0099_contract_portal_access","apps/api/src/lib/portal-contract-access.ts:24; apps/api/src/modules/portal/contracts.ts:131; apps/api/src/modules/contracts/routes.ts:949; apps/api/src/modules/contracts/routes.ts:2348; apps/api/src/modules/contracts/routes.ts:2357","apps/api/src/modules/contracts/create.ts:316","apps/api/src/lib/portal-contract-access.ts:24; apps/api/src/modules/portal/contracts.ts:131; apps/api/src/modules/contracts/routes.ts:949; apps/api/src/modules/contracts/routes.ts:2348","index:contracts_business_owner_idx; foreign_key:contracts_business_owner_id_users_id_fk"
"contracts","entity_id","entityId","text","true","ACTIVE","Contract record, lifecycle, ownership, commercial terms and AI confirmation state.","Current runtime query, row projection, filtering, authorization or processing reads this field; see evidence and table purpose.","packages/db/src/schema/contracts.ts:120","0018_contract_signing_entity","apps/api/src/modules/entities/linked-records.ts:92; apps/api/src/modules/entities/linked-records.ts:172; apps/api/src/modules/contracts/routes.ts:950; apps/api/src/modules/contracts/routes.ts:1094; apps/api/src/modules/contracts/routes.ts:2370","","apps/api/src/modules/entities/linked-records.ts:92; apps/api/src/modules/entities/linked-records.ts:172; apps/api/src/modules/contracts/routes.ts:950; apps/api/src/modules/contracts/routes.ts:1094","foreign_key:contracts_entity_id_entities_id_fk"
"contracts","priority","priority","text","false","ACTIVE","Contract record, lifecycle, ownership, commercial terms and AI confirmation state.","Current runtime query, row projection, filtering, authorization or processing reads this field; see evidence and table purpose.","packages/db/src/schema/contracts.ts:122","0016_contracts","apps/api/src/modules/contracts/routes.ts:1001; apps/api/src/modules/contracts/routes.ts:841; apps/api/src/modules/contracts/routes.ts:2403; apps/api/src/modules/contracts/routes.ts:2404; apps/api/src/modules/contracts/routes.ts:2405","","apps/api/src/modules/contracts/routes.ts:1001; apps/api/src/modules/contracts/routes.ts:841; apps/api/src/modules/contracts/routes.ts:2403; apps/api/src/modules/contracts/routes.ts:2404","check:contracts_priority_check"
"contracts","risk","risk","text","true","ACTIVE","Contract record, lifecycle, ownership, commercial terms and AI confirmation state.","Current runtime query, row projection, filtering, authorization or processing reads this field; see evidence and table purpose.","packages/db/src/schema/contracts.ts:124","0016_contracts","apps/api/src/modules/contracts/routes.ts:1000; apps/api/src/modules/contracts/routes.ts:842; apps/api/src/modules/contracts/routes.ts:2408; apps/api/src/modules/contracts/routes.ts:2409; apps/api/src/modules/contracts/routes.ts:2410","","apps/api/src/modules/contracts/routes.ts:1000; apps/api/src/modules/contracts/routes.ts:842; apps/api/src/modules/contracts/routes.ts:2408; apps/api/src/modules/contracts/routes.ts:2409","check:contracts_risk_check"
"contracts","term_type","termType","text","false","ACTIVE","Contract record, lifecycle, ownership, commercial terms and AI confirmation state.","Current runtime query, row projection, filtering, authorization or processing reads this field; see evidence and table purpose.","packages/db/src/schema/contracts.ts:135","0046_contract_term","apps/api/src/modules/home/sections/contracts.ts:83; apps/api/src/pipeline/contract-analysis.ts:432; apps/api/src/pipeline/contract-analysis.ts:450; apps/api/src/modules/portal/contracts.ts:149; apps/api/src/modules/contracts/routes.ts:844","","apps/api/src/modules/home/sections/contracts.ts:83; apps/api/src/pipeline/contract-analysis.ts:432; apps/api/src/pipeline/contract-analysis.ts:450; apps/api/src/modules/portal/contracts.ts:149","check:contracts_term_type_check; check:contracts_evergreen_expiry_check; check:contracts_renewal_period_term_check"
"contracts","effective_date","effectiveDate","date","true","ACTIVE","Contract record, lifecycle, ownership, commercial terms and AI confirmation state.","Current runtime query, row projection, filtering, authorization or processing reads this field; see evidence and table purpose.","packages/db/src/schema/contracts.ts:138","0046_contract_term","apps/api/src/modules/contracts/routes.ts:1002; apps/api/src/modules/contracts/routes.ts:1649; apps/api/src/pipeline/contract-analysis.ts:294; apps/api/src/pipeline/contract-analysis.ts:496; apps/api/src/modules/portal/contracts.ts:150","","apps/api/src/modules/contracts/routes.ts:1002; apps/api/src/modules/contracts/routes.ts:1649; apps/api/src/pipeline/contract-analysis.ts:294; apps/api/src/pipeline/contract-analysis.ts:496",""
"contracts","expiry_date","expiryDate","date","true","ACTIVE","Contract record, lifecycle, ownership, commercial terms and AI confirmation state.","Current runtime query, row projection, filtering, authorization or processing reads this field; see evidence and table purpose.","packages/db/src/schema/contracts.ts:143","0046_contract_term","apps/api/src/lib/contract-access.ts:307; apps/api/src/lib/next-deadline.ts:43; apps/api/src/lib/next-deadline.ts:45; apps/api/src/lib/next-deadline.ts:47; apps/api/src/lib/next-deadline.ts:49","apps/api/src/modules/contracts/routes.ts:2988","apps/api/src/lib/contract-access.ts:307; apps/api/src/lib/next-deadline.ts:43; apps/api/src/lib/next-deadline.ts:45; apps/api/src/lib/next-deadline.ts:47","check:contracts_evergreen_expiry_check"
"contracts","renewal_period_months","renewalPeriodMonths","integer","true","ACTIVE","Contract record, lifecycle, ownership, commercial terms and AI confirmation state.","Current runtime query, row projection, filtering, authorization or processing reads this field; see evidence and table purpose.","packages/db/src/schema/contracts.ts:147","0046_contract_term","apps/api/src/modules/home/sections/contracts.ts:85; apps/api/src/pipeline/contract-analysis.ts:298; apps/api/src/pipeline/contract-analysis.ts:444; apps/api/src/pipeline/contract-analysis.ts:456; apps/api/src/pipeline/contract-analysis.ts:457","","apps/api/src/modules/home/sections/contracts.ts:85; apps/api/src/pipeline/contract-analysis.ts:298; apps/api/src/pipeline/contract-analysis.ts:444; apps/api/src/pipeline/contract-analysis.ts:456","check:contracts_renewal_period_term_check; check:contracts_renewal_period_range_check"
"contracts","notice_period_days","noticePeriodDays","integer","true","ACTIVE","Contract record, lifecycle, ownership, commercial terms and AI confirmation state.","Current runtime query, row projection, filtering, authorization or processing reads this field; see evidence and table purpose.","packages/db/src/schema/contracts.ts:152","0046_contract_term","apps/api/src/lib/contract-access.ts:308; apps/api/src/lib/next-deadline.ts:47; apps/api/src/lib/next-deadline.ts:49; apps/api/src/pipeline/morning-round.ts:603; apps/api/src/pipeline/morning-round.ts:611","","apps/api/src/lib/contract-access.ts:308; apps/api/src/lib/next-deadline.ts:47; apps/api/src/lib/next-deadline.ts:49; apps/api/src/pipeline/morning-round.ts:603","check:contracts_notice_period_range_check"
"contracts","value_amount","valueAmount","bigint","true","ACTIVE","Contract record, lifecycle, ownership, commercial terms and AI confirmation state.","Current runtime query, row projection, filtering, authorization or processing reads this field; see evidence and table purpose.","packages/db/src/schema/contracts.ts:158","0020_contract_value","apps/api/src/pipeline/contract-analysis.ts:302; apps/api/src/pipeline/contract-analysis.ts:506; apps/api/src/modules/portal/contracts.ts:157; apps/api/src/modules/portal/contracts.ts:158; apps/api/src/modules/contracts/routes.ts:773","","apps/api/src/pipeline/contract-analysis.ts:302; apps/api/src/pipeline/contract-analysis.ts:506; apps/api/src/modules/portal/contracts.ts:157; apps/api/src/modules/portal/contracts.ts:158","check:contracts_value_amount_check; check:contracts_value_group_check"
"contracts","value_currency","valueCurrency","char(3)","true","ACTIVE","Contract record, lifecycle, ownership, commercial terms and AI confirmation state.","Current runtime query, row projection, filtering, authorization or processing reads this field; see evidence and table purpose.","packages/db/src/schema/contracts.ts:161","0020_contract_value","apps/api/src/pipeline/contract-analysis.ts:507; apps/api/src/modules/portal/contracts.ts:157; apps/api/src/modules/portal/contracts.ts:158; apps/api/src/modules/contracts/routes.ts:773; apps/api/src/modules/contracts/routes.ts:775","","apps/api/src/pipeline/contract-analysis.ts:507; apps/api/src/modules/portal/contracts.ts:157; apps/api/src/modules/portal/contracts.ts:158; apps/api/src/modules/contracts/routes.ts:773","check:contracts_value_group_check"
"contracts","value_cadence","valueCadence","text","true","ACTIVE","Contract record, lifecycle, ownership, commercial terms and AI confirmation state.","Current runtime query, row projection, filtering, authorization or processing reads this field; see evidence and table purpose.","packages/db/src/schema/contracts.ts:163","0020_contract_value","apps/api/src/pipeline/contract-analysis.ts:508; apps/api/src/modules/portal/contracts.ts:157; apps/api/src/modules/portal/contracts.ts:158; apps/api/src/modules/contracts/routes.ts:773; apps/api/src/modules/contracts/routes.ts:775","","apps/api/src/pipeline/contract-analysis.ts:508; apps/api/src/modules/portal/contracts.ts:157; apps/api/src/modules/portal/contracts.ts:158; apps/api/src/modules/contracts/routes.ts:773","check:contracts_value_cadence_check; check:contracts_value_group_check"
"contracts","parent_id","parentId","text","true","ACTIVE","Contract record, lifecycle, ownership, commercial terms and AI confirmation state.","Current runtime query, row projection, filtering, authorization or processing reads this field; see evidence and table purpose.","packages/db/src/schema/contracts.ts:188","0048_contract_relations","apps/api/src/lib/contract-relations.ts:121; apps/api/src/lib/contract-relations.ts:272; apps/api/src/modules/contract-relations/routes.ts:176; apps/api/src/modules/contract-relations/routes.ts:194; apps/api/src/modules/contract-relations/routes.ts:669","apps/api/src/lib/contract-relations.ts:139; apps/api/src/lib/contract-relations.ts:271","apps/api/src/lib/contract-relations.ts:121; apps/api/src/lib/contract-relations.ts:272; apps/api/src/modules/contract-relations/routes.ts:176; apps/api/src/modules/contract-relations/routes.ts:194","index:contracts_parent_idx; foreign_key:contracts_parent_id_contracts_id_fk; check:contracts_parent_not_self_check"
"contracts","matter_id","matterId","text","true","ACTIVE","Contract record, lifecycle, ownership, commercial terms and AI confirmation state.","Current runtime query, row projection, filtering, authorization or processing reads this field; see evidence and table purpose.","packages/db/src/schema/contracts.ts:192","0076_thankful_cerebro","apps/api/src/lib/contract-access.ts:306; apps/api/src/modules/contract-matters/routes.ts:114; apps/api/src/modules/contract-matters/routes.ts:323; apps/api/src/modules/contract-matters/routes.ts:369; apps/api/src/modules/contract-key-dates/routes.ts:222","apps/api/src/modules/contract-matters/routes.ts:368; apps/api/src/modules/contract-matters/routes.ts:415; apps/api/src/modules/contracts/create.ts:319","apps/api/src/lib/contract-access.ts:306; apps/api/src/modules/contract-matters/routes.ts:114; apps/api/src/modules/contract-matters/routes.ts:323; apps/api/src/modules/contract-matters/routes.ts:369","index:contracts_matter_idx; foreign_key:contracts_matter_id_matters_id_fk"
"contracts","is_confidential","isConfidential","boolean","false","ACTIVE","Contract record, lifecycle, ownership, commercial terms and AI confirmation state.","Current runtime query, row projection, filtering, authorization or processing reads this field; see evidence and table purpose.","packages/db/src/schema/contracts.ts:200","0028_contract_confidential","apps/api/src/lib/portal-contract-access.ts:33; apps/api/src/lib/contract-access.ts:166; apps/api/src/lib/contract-access.ts:305; apps/api/src/lib/contract-access.ts:848; apps/api/src/modules/entities/linked-records.ts:87","apps/api/src/modules/contracts/create.ts:318","apps/api/src/lib/portal-contract-access.ts:33; apps/api/src/lib/contract-access.ts:166; apps/api/src/lib/contract-access.ts:305; apps/api/src/lib/contract-access.ts:848",""
"contracts","primary_document_id","primaryDocumentId","text","true","ACTIVE","Contract record, lifecycle, ownership, commercial terms and AI confirmation state.","Current runtime query, row projection, filtering, authorization or processing reads this field; see evidence and table purpose.","packages/db/src/schema/contracts.ts:227","0031_documents_designations","apps/api/src/lib/contract-access.ts:304; apps/api/src/pipeline/contract-analysis.ts:88; apps/api/src/pipeline/automatic-contract-analysis.ts:66; apps/api/src/pipeline/executed-copy.ts:233; apps/api/src/modules/comments/routes.ts:1334","apps/api/src/modules/comments/routes.ts:1475; apps/api/src/modules/documents/routes.ts:2101; apps/api/src/modules/documents/routes.ts:3194; apps/api/src/modules/requests/promote-paper.ts:310","apps/api/src/lib/contract-access.ts:304; apps/api/src/pipeline/contract-analysis.ts:88; apps/api/src/pipeline/automatic-contract-analysis.ts:66; apps/api/src/pipeline/executed-copy.ts:233","index:contracts_primary_document_idx; foreign_key:contracts_primary_document_id_documents_id_fk"
"contracts","description","description","text","true","ACTIVE","Contract record, lifecycle, ownership, commercial terms and AI confirmation state.","Current runtime query, row projection, filtering, authorization or processing reads this field; see evidence and table purpose.","packages/db/src/schema/contracts.ts:234","0016_contracts","apps/api/src/modules/contracts/routes.ts:861; apps/api/src/modules/contracts/routes.ts:2325; apps/api/src/modules/contracts/routes.ts:2326; apps/api/src/modules/contracts/routes.ts:2327","apps/api/src/modules/contracts/create.ts:312","apps/api/src/modules/contracts/routes.ts:861; apps/api/src/modules/contracts/routes.ts:2325; apps/api/src/modules/contracts/routes.ts:2326; apps/api/src/modules/contracts/routes.ts:2327","generated:search_vector"
"contracts","custom_fields","customFields","jsonb","false","ACTIVE","Contract record, lifecycle, ownership, commercial terms and AI confirmation state.","Current runtime query, row projection, filtering, authorization or processing reads this field; see evidence and table purpose.","packages/db/src/schema/contracts.ts:245","0022_contract_custom_fields","apps/api/src/modules/fields/routes.ts:175; apps/api/src/modules/fields/routes.ts:177; apps/api/src/pipeline/contract-analysis.ts:304; apps/api/src/pipeline/contract-analysis.ts:570; apps/api/src/pipeline/contract-analysis.ts:572","apps/api/src/modules/contracts/create.ts:317","apps/api/src/modules/fields/routes.ts:175; apps/api/src/modules/fields/routes.ts:177; apps/api/src/pipeline/contract-analysis.ts:304; apps/api/src/pipeline/contract-analysis.ts:570","index:contracts_custom_fields_idx; check:contracts_custom_fields_check"
"contracts","ai_unverified","aiUnverified","jsonb","true","ACTIVE","Contract record, lifecycle, ownership, commercial terms and AI confirmation state.","Current runtime query, row projection, filtering, authorization or processing reads this field; see evidence and table purpose.","packages/db/src/schema/contracts.ts:250","0086_free_invisible_woman","apps/api/src/lib/contract-access.ts:309; apps/api/src/lib/next-deadline.ts:44; apps/api/src/lib/next-deadline.ts:48; apps/api/src/lib/conversion-source-privacy.ts:18; apps/api/src/pipeline/morning-round.ts:891","apps/api/src/lib/ai-unverified.ts:47; apps/api/src/modules/contracts/routes.ts:1954; apps/api/src/modules/contracts/routes.ts:3295; apps/api/src/modules/contract-key-dates/routes.ts:567","apps/api/src/lib/contract-access.ts:309; apps/api/src/lib/next-deadline.ts:44; apps/api/src/lib/next-deadline.ts:48; apps/api/src/lib/conversion-source-privacy.ts:18","index:contracts_unverified_idx; check:contracts_ai_unverified_check"
"contracts","analysis_human_fields","analysisHumanFields","jsonb","false","ACTIVE","Contract record, lifecycle, ownership, commercial terms and AI confirmation state.","Current runtime query, row projection, filtering, authorization or processing reads this field; see evidence and table purpose.","packages/db/src/schema/contracts.ts:253","0105_flowery_doctor_spectrum","apps/api/src/pipeline/contract-analysis.ts:309; apps/api/src/pipeline/contract-analysis.ts:536; apps/api/src/modules/contracts/routes.ts:1957; apps/api/src/modules/contracts/routes.ts:2636; apps/api/src/modules/contracts/routes.ts:2639","apps/api/src/modules/requests/convert.ts:434; apps/api/src/modules/contracts/routes.ts:1955; apps/api/src/modules/contracts/routes.ts:3292","apps/api/src/pipeline/contract-analysis.ts:309; apps/api/src/pipeline/contract-analysis.ts:536; apps/api/src/modules/contracts/routes.ts:1957; apps/api/src/modules/contracts/routes.ts:2636",""
"contracts","created_at","createdAt","timestamp with time zone","false","ACTIVE","Contract record, lifecycle, ownership, commercial terms and AI confirmation state.","Current runtime query, row projection, filtering, authorization or processing reads this field; see evidence and table purpose.","packages/db/src/schema/contracts.ts:254","0016_contracts","apps/api/src/modules/contracts/routes.ts:1004; apps/api/src/modules/contracts/routes.ts:891","","apps/api/src/modules/contracts/routes.ts:1004; apps/api/src/modules/contracts/routes.ts:891",""
"contracts","updated_at","updatedAt","timestamp with time zone","false","ACTIVE","Contract record, lifecycle, ownership, commercial terms and AI confirmation state.","Current runtime query, row projection, filtering, authorization or processing reads this field; see evidence and table purpose.","packages/db/src/schema/contracts.ts:255","0016_contracts","apps/api/src/modules/contracts/routes.ts:1005; apps/api/src/modules/contracts/routes.ts:892","apps/api/src/lib/contract-relations.ts:139; apps/api/src/lib/contract-relations.ts:271; apps/api/src/modules/contracts/routes.ts:2988","apps/api/src/modules/contracts/routes.ts:1005; apps/api/src/modules/contracts/routes.ts:892",""
"contracts","ended_at","endedAt","timestamp with time zone","true","ACTIVE","Contract record, lifecycle, ownership, commercial terms and AI confirmation state.","Current runtime query, row projection, filtering, authorization or processing reads this field; see evidence and table purpose.","packages/db/src/schema/contracts.ts:266","0050_contract_ended_at","apps/api/src/pipeline/contract-analysis.ts:90; apps/api/src/pipeline/contract-analysis.ts:691; apps/api/src/pipeline/automatic-contract-analysis.ts:74; apps/api/src/pipeline/morning-round.ts:593; apps/api/src/modules/contract-analysis/routes.ts:196","","apps/api/src/pipeline/contract-analysis.ts:90; apps/api/src/pipeline/contract-analysis.ts:691; apps/api/src/pipeline/automatic-contract-analysis.ts:74; apps/api/src/pipeline/morning-round.ts:593",""
"contracts","archived_at","archivedAt","timestamp with time zone","true","ACTIVE","Contract record, lifecycle, ownership, commercial terms and AI confirmation state.","Current runtime query, row projection, filtering, authorization or processing reads this field; see evidence and table purpose.","packages/db/src/schema/contracts.ts:269","0016_contracts","apps/api/src/lib/portal-contract-access.ts:22; apps/api/src/lib/document-access.ts:46; apps/api/src/lib/contract-access.ts:302; apps/api/src/pipeline/contract-analysis.ts:89; apps/api/src/pipeline/contract-analysis.ts:690","apps/api/src/modules/contracts/routes.ts:3441; apps/api/src/modules/contracts/routes.ts:3483","apps/api/src/lib/portal-contract-access.ts:22; apps/api/src/lib/document-access.ts:46; apps/api/src/lib/contract-access.ts:302; apps/api/src/pipeline/contract-analysis.ts:89",""
"contracts","search_vector","searchVector","tsvector","true","GENERATED_SEARCH","Contract record, lifecycle, ownership, commercial terms and AI confirmation state.","PostgreSQL maintains a stored search vector consumed by search queries and its GIN index.","packages/db/src/schema/contracts.ts:272","0080_calm_cloak","apps/api/src/modules/search/routes.ts:169","","apps/api/src/modules/search/routes.ts:169","index:contracts_search_vector_idx"
"conversion_drafts","id","id","text","false","ACTIVE","Actor-scoped, source-versioned AI preparation and retained conversion citations.","Current runtime query, row projection, filtering, authorization or processing reads this field; see evidence and table purpose.","packages/db/src/schema/conversion-drafts.ts:13","0102_high_leo","apps/api/src/pipeline/conversion-draft.ts:34; apps/api/src/pipeline/conversion-draft.ts:54; apps/api/src/pipeline/conversion-draft.ts:93; apps/api/src/pipeline/conversion-draft.ts:160; apps/api/src/pipeline/conversion-draft.ts:181","","apps/api/src/pipeline/conversion-draft.ts:34; apps/api/src/pipeline/conversion-draft.ts:54; apps/api/src/pipeline/conversion-draft.ts:93; apps/api/src/pipeline/conversion-draft.ts:160","foreign_key:conversion_drafts_request_id_requests_id_fk; foreign_key:conversion_drafts_actor_id_users_id_fk; primary_key:conversion_drafts_pkey"
"conversion_drafts","request_id","requestId","text","false","ACTIVE","Actor-scoped, source-versioned AI preparation and retained conversion citations.","Current runtime query, row projection, filtering, authorization or processing reads this field; see evidence and table purpose.","packages/db/src/schema/conversion-drafts.ts:14","0102_high_leo","apps/api/src/modules/requests/conversion-draft.ts:135; apps/api/src/modules/requests/conversion-draft.ts:147; apps/api/src/modules/requests/conversion-draft.ts:196; apps/api/src/modules/requests/conversion-draft.ts:246; apps/api/src/modules/requests/conversion-draft.ts:359","","apps/api/src/modules/requests/conversion-draft.ts:135; apps/api/src/modules/requests/conversion-draft.ts:147; apps/api/src/modules/requests/conversion-draft.ts:196; apps/api/src/modules/requests/conversion-draft.ts:246","index:conversion_drafts_snapshot_idx; foreign_key:conversion_drafts_request_id_requests_id_fk"
"conversion_drafts","actor_id","actorId","text","false","ACTIVE","Actor-scoped, source-versioned AI preparation and retained conversion citations.","Current runtime query, row projection, filtering, authorization or processing reads this field; see evidence and table purpose.","packages/db/src/schema/conversion-drafts.ts:17","0102_high_leo","apps/api/src/modules/requests/conversion-draft.ts:136; apps/api/src/modules/requests/conversion-draft.ts:148; apps/api/src/modules/requests/conversion-draft.ts:197; apps/api/src/modules/requests/conversion-draft.ts:247; apps/api/src/modules/requests/conversion-draft.ts:472","","apps/api/src/modules/requests/conversion-draft.ts:136; apps/api/src/modules/requests/conversion-draft.ts:148; apps/api/src/modules/requests/conversion-draft.ts:197; apps/api/src/modules/requests/conversion-draft.ts:247","index:conversion_drafts_snapshot_idx; foreign_key:conversion_drafts_actor_id_users_id_fk"
"conversion_drafts","target_module","targetModule","text","false","ACTIVE","Actor-scoped, source-versioned AI preparation and retained conversion citations.","Current runtime query, row projection, filtering, authorization or processing reads this field; see evidence and table purpose.","packages/db/src/schema/conversion-drafts.ts:20","0102_high_leo","apps/api/src/modules/requests/conversion-draft.ts:137; apps/api/src/modules/requests/conversion-draft.ts:150; apps/api/src/pipeline/conversion-draft.ts:68; apps/api/src/pipeline/conversion-draft.ts:77; apps/api/src/pipeline/conversion-draft.ts:102","","apps/api/src/modules/requests/conversion-draft.ts:137; apps/api/src/modules/requests/conversion-draft.ts:150; apps/api/src/pipeline/conversion-draft.ts:68; apps/api/src/pipeline/conversion-draft.ts:77","index:conversion_drafts_snapshot_idx; check:conversion_drafts_module_check"
"conversion_drafts","target_type_id","targetTypeId","text","false","ACTIVE","Actor-scoped, source-versioned AI preparation and retained conversion citations.","Current runtime query, row projection, filtering, authorization or processing reads this field; see evidence and table purpose.","packages/db/src/schema/conversion-drafts.ts:21","0102_high_leo","apps/api/src/modules/requests/conversion-draft.ts:138; apps/api/src/modules/requests/conversion-draft.ts:149; apps/api/src/pipeline/conversion-draft.ts:75; apps/api/src/pipeline/conversion-draft.ts:100; apps/api/src/pipeline/conversion-draft.ts:132","","apps/api/src/modules/requests/conversion-draft.ts:138; apps/api/src/modules/requests/conversion-draft.ts:149; apps/api/src/pipeline/conversion-draft.ts:75; apps/api/src/pipeline/conversion-draft.ts:100","index:conversion_drafts_snapshot_idx"
"conversion_drafts","snapshot","snapshot","text","false","ACTIVE","Actor-scoped, source-versioned AI preparation and retained conversion citations.","Current runtime query, row projection, filtering, authorization or processing reads this field; see evidence and table purpose.","packages/db/src/schema/conversion-drafts.ts:22","0102_high_leo","apps/api/src/modules/requests/conversion-draft.ts:139; apps/api/src/modules/requests/conversion-draft.ts:151; apps/api/src/pipeline/conversion-draft.ts:79; apps/api/src/pipeline/conversion-draft.ts:104; apps/api/src/pipeline/conversion-draft.ts:138","","apps/api/src/modules/requests/conversion-draft.ts:139; apps/api/src/modules/requests/conversion-draft.ts:151; apps/api/src/pipeline/conversion-draft.ts:79; apps/api/src/pipeline/conversion-draft.ts:104","index:conversion_drafts_snapshot_idx"
"conversion_drafts","state","state","text","false","ACTIVE","Actor-scoped, source-versioned AI preparation and retained conversion citations.","Current runtime query, row projection, filtering, authorization or processing reads this field; see evidence and table purpose.","packages/db/src/schema/conversion-drafts.ts:23","0102_high_leo","apps/api/src/pipeline/conversion-draft.ts:35; apps/api/src/pipeline/conversion-draft.ts:55; apps/api/src/pipeline/conversion-draft.ts:161; apps/api/src/pipeline/conversion-draft.ts:182; apps/api/src/pipeline/conversion-draft.ts:196","apps/api/src/pipeline/conversion-draft.ts:149; apps/api/src/pipeline/conversion-draft.ts:173; apps/api/src/modules/requests/conversion-draft.ts:160","apps/api/src/pipeline/conversion-draft.ts:35; apps/api/src/pipeline/conversion-draft.ts:55; apps/api/src/pipeline/conversion-draft.ts:161; apps/api/src/pipeline/conversion-draft.ts:182","index:conversion_drafts_pending_idx; check:conversion_drafts_state_check"
"conversion_drafts","model","model","text","true","PROVENANCE_ONLY","Actor-scoped, source-versioned AI preparation and retained conversion citations.","Written on completion but stripped by DraftSchema and not read by recovery/acceptance/evidence. Internal provenance only; no current functional consumer.","packages/db/src/schema/conversion-drafts.ts:26","0102_high_leo","","apps/api/src/pipeline/conversion-draft.ts:154","apps/api/src/pipeline/conversion-draft.ts:146; apps/api/src/modules/requests/conversion-draft.ts:36",""
"conversion_drafts","suggestions","suggestions","jsonb","false","ACTIVE","Actor-scoped, source-versioned AI preparation and retained conversion citations.","Current runtime query, row projection, filtering, authorization or processing reads this field; see evidence and table purpose.","packages/db/src/schema/conversion-drafts.ts:27","0102_high_leo","apps/api/src/modules/requests/conversion-draft.ts:253; apps/api/src/modules/requests/conversion-draft.ts:294; apps/api/src/modules/requests/conversion-draft.ts:334; apps/api/src/modules/requests/conversion-draft.ts:499; apps/api/src/modules/requests/conversion-draft.ts:502","apps/api/src/pipeline/conversion-draft.ts:150; apps/api/src/pipeline/conversion-draft.ts:175; apps/api/src/modules/requests/conversion-draft.ts:165","apps/api/src/modules/requests/conversion-draft.ts:253; apps/api/src/modules/requests/conversion-draft.ts:294; apps/api/src/modules/requests/conversion-draft.ts:334; apps/api/src/modules/requests/conversion-draft.ts:499",""
"conversion_drafts","conflicts","conflicts","jsonb","false","ACTIVE","Actor-scoped, source-versioned AI preparation and retained conversion citations.","Current runtime query, row projection, filtering, authorization or processing reads this field; see evidence and table purpose.","packages/db/src/schema/conversion-drafts.ts:31","0102_high_leo","apps/api/src/modules/requests/conversion-draft.ts:253","apps/api/src/pipeline/conversion-draft.ts:152; apps/api/src/pipeline/conversion-draft.ts:176; apps/api/src/modules/requests/conversion-draft.ts:166","apps/api/src/modules/requests/conversion-draft.ts:253",""
"conversion_drafts","warnings","warnings","jsonb","false","ACTIVE_API","Actor-scoped, source-versioned AI preparation and retained conversion citations.","Read indirectly by DraftSchema.parse(draft) and returned to the conversion UI.","packages/db/src/schema/conversion-drafts.ts:35","0102_high_leo","","apps/api/src/pipeline/conversion-draft.ts:153","apps/api/src/modules/requests/conversion-draft.ts:36; apps/api/src/modules/requests/conversion-draft.ts:178",""
"conversion_drafts","attachment_reads","attachmentReads","jsonb","false","ACTIVE","Actor-scoped, source-versioned AI preparation and retained conversion citations.","Current runtime query, row projection, filtering, authorization or processing reads this field; see evidence and table purpose.","packages/db/src/schema/conversion-drafts.ts:36","0103_minor_revanche","apps/api/src/pipeline/conversion-draft.ts:81; apps/api/src/pipeline/conversion-draft.ts:82; apps/api/src/modules/requests/conversion-draft.ts:386","apps/api/src/pipeline/conversion-draft.ts:92; apps/api/src/pipeline/conversion-draft.ts:151","apps/api/src/pipeline/conversion-draft.ts:81; apps/api/src/pipeline/conversion-draft.ts:82; apps/api/src/modules/requests/conversion-draft.ts:386",""
"conversion_drafts","failure","failure","text","true","ACTIVE_API","Actor-scoped, source-versioned AI preparation and retained conversion citations.","Read indirectly by DraftSchema.parse(draft) and returned to the conversion UI.","packages/db/src/schema/conversion-drafts.ts:40","0102_high_leo","","apps/api/src/pipeline/conversion-draft.ts:156; apps/api/src/pipeline/conversion-draft.ts:174; apps/api/src/modules/requests/conversion-draft.ts:164","apps/api/src/modules/requests/conversion-draft.ts:36; apps/api/src/modules/requests/conversion-draft.ts:178",""
"conversion_drafts","lease_at","leaseAt","timestamp with time zone","true","ACTIVE","Actor-scoped, source-versioned AI preparation and retained conversion citations.","Current runtime query, row projection, filtering, authorization or processing reads this field; see evidence and table purpose.","packages/db/src/schema/conversion-drafts.ts:41","0107_sour_the_watchers","apps/api/src/pipeline/conversion-draft.ts:39; apps/api/src/pipeline/conversion-draft.ts:200","apps/api/src/pipeline/conversion-draft.ts:31; apps/api/src/pipeline/conversion-draft.ts:51; apps/api/src/modules/requests/conversion-draft.ts:162","apps/api/src/pipeline/conversion-draft.ts:39; apps/api/src/pipeline/conversion-draft.ts:200",""
"conversion_drafts","started_at","startedAt","timestamp with time zone","true","ACTIVE","Actor-scoped, source-versioned AI preparation and retained conversion citations.","Current runtime query, row projection, filtering, authorization or processing reads this field; see evidence and table purpose.","packages/db/src/schema/conversion-drafts.ts:42","0102_high_leo","apps/api/src/pipeline/conversion-draft.ts:37; apps/api/src/pipeline/conversion-draft.ts:39; apps/api/src/pipeline/conversion-draft.ts:56; apps/api/src/pipeline/conversion-draft.ts:93; apps/api/src/pipeline/conversion-draft.ts:162","apps/api/src/pipeline/conversion-draft.ts:31; apps/api/src/modules/requests/conversion-draft.ts:161","apps/api/src/pipeline/conversion-draft.ts:37; apps/api/src/pipeline/conversion-draft.ts:39; apps/api/src/pipeline/conversion-draft.ts:56; apps/api/src/pipeline/conversion-draft.ts:93","index:conversion_drafts_pending_idx"
"conversion_drafts","created_at","createdAt","timestamp with time zone","false","PASSIVE_METADATA","Actor-scoped, source-versioned AI preparation and retained conversion citations.","Stamped on insertion. No application reader identified after projections and generic helpers were checked. Retained by schema timestamp convention; not proven functionally integral.","packages/db/src/schema/conversion-drafts.ts:43","0102_high_leo","","","packages/db/src/schema/conversion-drafts.ts:43; docs/decision-records/SCHEMA.md:18",""
"conversion_drafts","finished_at","finishedAt","timestamp with time zone","true","PROVENANCE_ONLY","Actor-scoped, source-versioned AI preparation and retained conversion citations.","Written on completion but stripped by DraftSchema and not read by recovery/acceptance/evidence. Internal provenance only; no current functional consumer.","packages/db/src/schema/conversion-drafts.ts:44","0102_high_leo","","apps/api/src/pipeline/conversion-draft.ts:155; apps/api/src/pipeline/conversion-draft.ts:177; apps/api/src/modules/requests/conversion-draft.ts:163","apps/api/src/pipeline/conversion-draft.ts:146; apps/api/src/modules/requests/conversion-draft.ts:36",""
"conversion_drafts","updated_at","updatedAt","timestamp with time zone","false","PASSIVE_METADATA","Actor-scoped, source-versioned AI preparation and retained conversion citations.","Automatically refreshed by Drizzle. No application reader identified after projections and generic helpers were checked. Retained by schema timestamp convention; not proven functionally integral.","packages/db/src/schema/conversion-drafts.ts:45","0108_normal_psynapse","","","packages/db/src/schema/conversion-drafts.ts:45; docs/decision-records/SCHEMA.md:18",""
"counterparties","id","id","text","false","ACTIVE","External contract parties, matching, typeahead and search.","Current runtime query, row projection, filtering, authorization or processing reads this field; see evidence and table purpose.","packages/db/src/schema/counterparties.ts:30","0019_counterparties","apps/api/src/lib/counterparty-link.ts:40; apps/api/src/lib/counterparty-link.ts:58; apps/api/src/pipeline/contract-analysis.ts:520; apps/api/src/modules/portal/contracts.ts:139; apps/api/src/modules/documents/repository.ts:456","","apps/api/src/lib/counterparty-link.ts:40; apps/api/src/lib/counterparty-link.ts:58; apps/api/src/pipeline/contract-analysis.ts:520; apps/api/src/modules/portal/contracts.ts:139","primary_key:counterparties_pkey"
"counterparties","name","name","text","false","ACTIVE","External contract parties, matching, typeahead and search.","Current runtime query, row projection, filtering, authorization or processing reads this field; see evidence and table purpose.","packages/db/src/schema/counterparties.ts:33","0019_counterparties","apps/api/src/lib/counterparty-link.ts:40; apps/api/src/lib/counterparty-link.ts:48; apps/api/src/lib/counterparty-link.ts:58; apps/api/src/pipeline/contract-analysis.ts:525; apps/api/src/modules/portal/contracts.ts:120","apps/api/src/lib/counterparty-link.ts:57","apps/api/src/lib/counterparty-link.ts:40; apps/api/src/lib/counterparty-link.ts:48; apps/api/src/lib/counterparty-link.ts:58; apps/api/src/pipeline/contract-analysis.ts:525","index:counterparties_name_idx; index:counterparties_search_vector_idx; generated:search_vector"
"counterparties","jurisdiction","jurisdiction","text","true","DORMANT_WRITER","External contract parties, matching, typeahead and search.","Read by typeahead, contract projection and generated search vector, but no supported application writer populates it. Product capability gap; removal would change responses/search.","packages/db/src/schema/counterparties.ts:35","0019_counterparties","apps/api/src/modules/counterparties/routes.ts:74; apps/api/src/modules/contracts/routes.ts:1156","","apps/api/src/modules/counterparties/routes.ts:74; apps/api/src/modules/contracts/routes.ts:1156; apps/api/src/lib/counterparty-link.ts:56","generated:search_vector"
"counterparties","primary_contact_name","primaryContactName","text","true","REMOVE_CANDIDATE","External contract parties, matching, typeahead and search.","No application reader or writer, no response field and no database dependency beyond the column itself. Added for future enrichment in 0019; still unimplemented.","packages/db/src/schema/counterparties.ts:36","0019_counterparties","","","packages/db/src/schema/counterparties.ts:13; apps/api/src/lib/counterparty-link.ts:35; apps/api/src/modules/counterparties/routes.ts:34",""
"counterparties","primary_contact_email","primaryContactEmail","text","true","REMOVE_CANDIDATE","External contract parties, matching, typeahead and search.","No application reader or writer, no response field and no database dependency beyond the column itself. Added for future enrichment in 0019; still unimplemented.","packages/db/src/schema/counterparties.ts:37","0019_counterparties","","","packages/db/src/schema/counterparties.ts:13; apps/api/src/lib/counterparty-link.ts:35; apps/api/src/modules/counterparties/routes.ts:34",""
"counterparties","address","address","text","true","REMOVE_CANDIDATE","External contract parties, matching, typeahead and search.","No application reader or writer, no response field and no database dependency beyond the column itself. Added for future enrichment in 0019; still unimplemented.","packages/db/src/schema/counterparties.ts:38","0019_counterparties","","","packages/db/src/schema/counterparties.ts:13; apps/api/src/lib/counterparty-link.ts:35; apps/api/src/modules/counterparties/routes.ts:34",""
"counterparties","notes","notes","text","true","REMOVE_CANDIDATE","External contract parties, matching, typeahead and search.","No application reader or writer, no response field and no database dependency beyond the column itself. Added for future enrichment in 0019; still unimplemented.","packages/db/src/schema/counterparties.ts:39","0019_counterparties","","","packages/db/src/schema/counterparties.ts:13; apps/api/src/lib/counterparty-link.ts:35; apps/api/src/modules/counterparties/routes.ts:34",""
"counterparties","created_at","createdAt","timestamp with time zone","false","ACTIVE","External contract parties, matching, typeahead and search.","Current runtime query, row projection, filtering, authorization or processing reads this field; see evidence and table purpose.","packages/db/src/schema/counterparties.ts:40","0019_counterparties","apps/api/src/lib/counterparty-link.ts:51; apps/api/src/modules/counterparties/routes.ts:89","","apps/api/src/lib/counterparty-link.ts:51; apps/api/src/modules/counterparties/routes.ts:89","index:counterparties_name_idx"
"counterparties","updated_at","updatedAt","timestamp with time zone","false","PASSIVE_METADATA","External contract parties, matching, typeahead and search.","Automatically refreshed by Drizzle. No application reader identified after projections and generic helpers were checked. Retained by schema timestamp convention; not proven functionally integral.","packages/db/src/schema/counterparties.ts:41","0019_counterparties","","","packages/db/src/schema/counterparties.ts:41; docs/decision-records/SCHEMA.md:18",""
"counterparties","archived_at","archivedAt","timestamp with time zone","true","DORMANT_WRITER","External contract parties, matching, typeahead and search.","Actively filters matching/typeahead/search, but there is no counterparty archive endpoint. Keep unless the archive behavior is explicitly retired.","packages/db/src/schema/counterparties.ts:47","0019_counterparties","apps/api/src/lib/counterparty-link.ts:44; apps/api/src/pipeline/contract-analysis.ts:524; apps/api/src/modules/counterparties/routes.ts:81; apps/api/src/modules/contracts/routes.ts:3192; apps/api/src/modules/contracts/create.ts:416","","apps/api/src/lib/counterparty-link.ts:44; apps/api/src/modules/counterparties/routes.ts:82",""
"counterparties","search_vector","searchVector","tsvector","true","GENERATED_SEARCH","External contract parties, matching, typeahead and search.","PostgreSQL maintains a stored search vector consumed by search queries and its GIN index.","packages/db/src/schema/counterparties.ts:49","0080_calm_cloak","apps/api/src/modules/search/routes.ts:347","","apps/api/src/modules/search/routes.ts:347","index:counterparties_search_vector_idx"
"document_comparisons","id","id","text","false","ACTIVE","Durable version-pair comparisons, recovery, visual/text changes and exports.","Current runtime query, row projection, filtering, authorization or processing reads this field; see evidence and table purpose.","packages/db/src/schema/document-comparisons.ts:41","0087_acoustic_gorilla_man","apps/api/src/pipeline/document-comparison.ts:74; apps/api/src/pipeline/document-comparison.ts:92; apps/api/src/pipeline/document-comparison.ts:93; apps/api/src/pipeline/document-comparison.ts:114; apps/api/src/pipeline/document-comparison.ts:135","apps/api/src/modules/documents/routes.ts:2903","apps/api/src/pipeline/document-comparison.ts:74; apps/api/src/pipeline/document-comparison.ts:92; apps/api/src/pipeline/document-comparison.ts:93; apps/api/src/pipeline/document-comparison.ts:114","foreign_key:document_comparisons_document_id_documents_id_fk; foreign_key:document_comparisons_from_version_id_document_versions_id_fk; foreign_key:document_comparisons_to_version_id_document_versions_id_fk; foreign_key:document_comparisons_requested_by_users_id_fk; primary_key:document_comparisons_pkey"
"document_comparisons","document_id","documentId","text","false","ACTIVE","Durable version-pair comparisons, recovery, visual/text changes and exports.","Current runtime query, row projection, filtering, authorization or processing reads this field; see evidence and table purpose.","packages/db/src/schema/document-comparisons.ts:42","0087_acoustic_gorilla_man","apps/api/src/modules/documents/routes.ts:1384; apps/api/src/modules/documents/routes.ts:2808; apps/api/src/modules/documents/routes.ts:2882; apps/api/src/modules/documents/routes.ts:3002; apps/api/src/modules/documents/routes.ts:3582","apps/api/src/modules/documents/routes.ts:2904","apps/api/src/modules/documents/routes.ts:1384; apps/api/src/modules/documents/routes.ts:2808; apps/api/src/modules/documents/routes.ts:2882; apps/api/src/modules/documents/routes.ts:3002","index:document_comparisons_pair_unique; foreign_key:document_comparisons_document_id_documents_id_fk"
"document_comparisons","from_version_id","fromVersionId","text","false","ACTIVE","Durable version-pair comparisons, recovery, visual/text changes and exports.","Current runtime query, row projection, filtering, authorization or processing reads this field; see evidence and table purpose.","packages/db/src/schema/document-comparisons.ts:45","0087_acoustic_gorilla_man","apps/api/src/pipeline/document-comparison.ts:131; apps/api/src/pipeline/document-comparison.ts:133; apps/api/src/modules/documents/routes.ts:2809; apps/api/src/modules/documents/routes.ts:2883; apps/api/src/modules/documents/routes.ts:2994","apps/api/src/modules/documents/routes.ts:2905","apps/api/src/pipeline/document-comparison.ts:131; apps/api/src/pipeline/document-comparison.ts:133; apps/api/src/modules/documents/routes.ts:2809; apps/api/src/modules/documents/routes.ts:2883","index:document_comparisons_pair_unique; index:document_comparisons_from_version_idx; foreign_key:document_comparisons_from_version_id_document_versions_id_fk; check:document_comparisons_distinct_versions_check"
"document_comparisons","to_version_id","toVersionId","text","false","ACTIVE","Durable version-pair comparisons, recovery, visual/text changes and exports.","Current runtime query, row projection, filtering, authorization or processing reads this field; see evidence and table purpose.","packages/db/src/schema/document-comparisons.ts:48","0087_acoustic_gorilla_man","apps/api/src/pipeline/document-comparison.ts:132; apps/api/src/pipeline/document-comparison.ts:134; apps/api/src/modules/documents/routes.ts:2810; apps/api/src/modules/documents/routes.ts:2884; apps/api/src/modules/documents/routes.ts:2995","apps/api/src/modules/documents/routes.ts:2906","apps/api/src/pipeline/document-comparison.ts:132; apps/api/src/pipeline/document-comparison.ts:134; apps/api/src/modules/documents/routes.ts:2810; apps/api/src/modules/documents/routes.ts:2884","index:document_comparisons_pair_unique; index:document_comparisons_to_version_idx; foreign_key:document_comparisons_to_version_id_document_versions_id_fk; check:document_comparisons_distinct_versions_check"
"document_comparisons","mode","mode","text","false","ACTIVE","Durable version-pair comparisons, recovery, visual/text changes and exports.","Current runtime query, row projection, filtering, authorization or processing reads this field; see evidence and table purpose.","packages/db/src/schema/document-comparisons.ts:51","0087_acoustic_gorilla_man","apps/api/src/pipeline/document-comparison.ts:115; apps/api/src/modules/documents/routes.ts:2992; apps/api/src/modules/documents/routes.ts:1414","apps/api/src/modules/documents/routes.ts:2907","apps/api/src/pipeline/document-comparison.ts:115; apps/api/src/modules/documents/routes.ts:2992; apps/api/src/modules/documents/routes.ts:1414","check:document_comparisons_mode_check; check:document_comparisons_outcome_check"
"document_comparisons","state","state","text","false","ACTIVE","Durable version-pair comparisons, recovery, visual/text changes and exports.","Current runtime query, row projection, filtering, authorization or processing reads this field; see evidence and table purpose.","packages/db/src/schema/document-comparisons.ts:52","0087_acoustic_gorilla_man","apps/api/src/pipeline/document-comparison.ts:74; apps/api/src/pipeline/document-comparison.ts:92; apps/api/src/pipeline/document-comparison.ts:116; apps/api/src/pipeline/backfill.ts:310; apps/api/src/pipeline/backfill.ts:311","apps/api/src/pipeline/document-comparison.ts:73; apps/api/src/pipeline/document-comparison.ts:86; apps/api/src/modules/documents/routes.ts:2908","apps/api/src/pipeline/document-comparison.ts:74; apps/api/src/pipeline/document-comparison.ts:92; apps/api/src/pipeline/document-comparison.ts:116; apps/api/src/pipeline/backfill.ts:310","check:document_comparisons_state_check; check:document_comparisons_outcome_check"
"document_comparisons","change_model","changeModel","jsonb","true","ACTIVE","Durable version-pair comparisons, recovery, visual/text changes and exports.","Current runtime query, row projection, filtering, authorization or processing reads this field; see evidence and table purpose.","packages/db/src/schema/document-comparisons.ts:55","0087_acoustic_gorilla_man","apps/api/src/modules/documents/routes.ts:1423","apps/api/src/pipeline/document-comparison.ts:87","apps/api/src/modules/documents/routes.ts:1423","check:document_comparisons_outcome_check"
"document_comparisons","change_count","changeCount","integer","true","ACTIVE","Durable version-pair comparisons, recovery, visual/text changes and exports.","Current runtime query, row projection, filtering, authorization or processing reads this field; see evidence and table purpose.","packages/db/src/schema/document-comparisons.ts:56","0087_acoustic_gorilla_man","apps/api/src/modules/documents/routes.ts:1424","apps/api/src/pipeline/document-comparison.ts:88","apps/api/src/modules/documents/routes.ts:1424","check:document_comparisons_change_count_check; check:document_comparisons_outcome_check"
"document_comparisons","redline_file_ref","redlineFileRef","text","true","ACTIVE","Durable version-pair comparisons, recovery, visual/text changes and exports.","Current runtime query, row projection, filtering, authorization or processing reads this field; see evidence and table purpose.","packages/db/src/schema/document-comparisons.ts:58","0087_acoustic_gorilla_man","apps/api/src/modules/documents/routes.ts:2996; apps/api/src/modules/documents/routes.ts:3578; apps/api/src/modules/documents/routes.ts:3583","apps/api/src/pipeline/document-comparison.ts:89","apps/api/src/modules/documents/routes.ts:2996; apps/api/src/modules/documents/routes.ts:3578; apps/api/src/modules/documents/routes.ts:3583","check:document_comparisons_outcome_check"
"document_comparisons","failure","failure","text","true","ACTIVE","Durable version-pair comparisons, recovery, visual/text changes and exports.","Current runtime query, row projection, filtering, authorization or processing reads this field; see evidence and table purpose.","packages/db/src/schema/document-comparisons.ts:59","0087_acoustic_gorilla_man","apps/api/src/modules/documents/routes.ts:1425","apps/api/src/pipeline/document-comparison.ts:73","apps/api/src/modules/documents/routes.ts:1425","check:document_comparisons_outcome_check"
"document_comparisons","requested_by","requestedBy","text","false","PROVENANCE_ONLY","Durable version-pair comparisons, recovery, visual/text changes and exports.","Written at comparison request; no application reader/projection. Retains the initiating actor of derived work; review attribution policy before removal.","packages/db/src/schema/document-comparisons.ts:60","0087_acoustic_gorilla_man","","apps/api/src/modules/documents/routes.ts:2909","apps/api/src/modules/documents/routes.ts:2901; apps/api/src/modules/documents/routes.ts:1380","foreign_key:document_comparisons_requested_by_users_id_fk"
"document_comparisons","created_at","createdAt","timestamp with time zone","false","ACTIVE","Durable version-pair comparisons, recovery, visual/text changes and exports.","Current runtime query, row projection, filtering, authorization or processing reads this field; see evidence and table purpose.","packages/db/src/schema/document-comparisons.ts:63","0087_acoustic_gorilla_man","apps/api/src/modules/documents/routes.ts:1439","","apps/api/src/modules/documents/routes.ts:1439",""
"document_comparisons","finished_at","finishedAt","timestamp with time zone","true","ACTIVE","Durable version-pair comparisons, recovery, visual/text changes and exports.","Current runtime query, row projection, filtering, authorization or processing reads this field; see evidence and table purpose.","packages/db/src/schema/document-comparisons.ts:64","0087_acoustic_gorilla_man","apps/api/src/modules/documents/routes.ts:1440","apps/api/src/pipeline/document-comparison.ts:73; apps/api/src/pipeline/document-comparison.ts:90","apps/api/src/modules/documents/routes.ts:1440","check:document_comparisons_outcome_check"
"document_folders","id","id","text","false","ACTIVE","Owner-scoped hierarchical filing for contract/matter/entity documents.","Current runtime query, row projection, filtering, authorization or processing reads this field; see evidence and table purpose.","packages/db/src/schema/document-folders.ts:50","0037_lyrical_madelyne_pryor","apps/api/src/modules/documents/routes.ts:1051; apps/api/src/modules/documents/folders.ts:288; apps/api/src/modules/documents/folders.ts:296; apps/api/src/modules/documents/folders.ts:665; apps/api/src/modules/documents/folders.ts:820","","apps/api/src/modules/documents/routes.ts:1051; apps/api/src/modules/documents/folders.ts:288; apps/api/src/modules/documents/folders.ts:296; apps/api/src/modules/documents/folders.ts:665","foreign_key:document_folders_contract_id_contracts_id_fk; foreign_key:document_folders_matter_id_matters_id_fk; foreign_key:document_folders_entity_id_entities_id_fk; foreign_key:document_folders_parent_id_document_folders_id_fk; check:document_folders_parent_check; primary_key:document_folders_pkey"
"document_folders","contract_id","contractId","text","true","ACTIVE","Owner-scoped hierarchical filing for contract/matter/entity documents.","Current runtime query, row projection, filtering, authorization or processing reads this field; see evidence and table purpose.","packages/db/src/schema/document-folders.ts:54","0037_lyrical_madelyne_pryor","apps/api/src/modules/documents/folders.ts:223; apps/api/src/modules/documents/folders.ts:262; apps/api/src/modules/documents/folders.ts:823; apps/api/src/modules/documents/folders.ts:831","apps/api/src/modules/documents/folders.ts:1156","apps/api/src/modules/documents/folders.ts:223; apps/api/src/modules/documents/folders.ts:262; apps/api/src/modules/documents/folders.ts:823; apps/api/src/modules/documents/folders.ts:831","index:document_folders_contract_idx; index:document_folders_root_name_idx; foreign_key:document_folders_contract_id_contracts_id_fk; check:document_folders_owner_check"
"document_folders","matter_id","matterId","text","true","ACTIVE","Owner-scoped hierarchical filing for contract/matter/entity documents.","Current runtime query, row projection, filtering, authorization or processing reads this field; see evidence and table purpose.","packages/db/src/schema/document-folders.ts:57","0072_hot_annihilus","apps/api/src/modules/documents/folders.ts:225; apps/api/src/modules/documents/folders.ts:264; apps/api/src/modules/documents/folders.ts:824; apps/api/src/modules/documents/folders.ts:832","apps/api/src/modules/documents/folders.ts:1240","apps/api/src/modules/documents/folders.ts:225; apps/api/src/modules/documents/folders.ts:264; apps/api/src/modules/documents/folders.ts:824; apps/api/src/modules/documents/folders.ts:832","index:document_folders_matter_idx; index:document_folders_matter_root_name_idx; foreign_key:document_folders_matter_id_matters_id_fk; check:document_folders_owner_check"
"document_folders","entity_id","entityId","text","true","ACTIVE","Owner-scoped hierarchical filing for contract/matter/entity documents.","Current runtime query, row projection, filtering, authorization or processing reads this field; see evidence and table purpose.","packages/db/src/schema/document-folders.ts:59","0082_great_betty_ross","apps/api/src/modules/documents/folders.ts:227; apps/api/src/modules/documents/folders.ts:266; apps/api/src/modules/documents/folders.ts:825; apps/api/src/modules/documents/folders.ts:833","apps/api/src/modules/documents/folders.ts:1313","apps/api/src/modules/documents/folders.ts:227; apps/api/src/modules/documents/folders.ts:266; apps/api/src/modules/documents/folders.ts:825; apps/api/src/modules/documents/folders.ts:833","index:document_folders_entity_idx; index:document_folders_entity_root_name_idx; foreign_key:document_folders_entity_id_entities_id_fk; check:document_folders_owner_check"
"document_folders","parent_id","parentId","text","true","ACTIVE","Owner-scoped hierarchical filing for contract/matter/entity documents.","Current runtime query, row projection, filtering, authorization or processing reads this field; see evidence and table purpose.","packages/db/src/schema/document-folders.ts:75","0037_lyrical_madelyne_pryor","apps/api/src/modules/documents/folders.ts:290; apps/api/src/modules/documents/folders.ts:667; apps/api/src/modules/documents/folders.ts:822; apps/api/src/modules/documents/folders.ts:1497","apps/api/src/modules/documents/folders.ts:661; apps/api/src/modules/documents/folders.ts:1156; apps/api/src/modules/documents/folders.ts:1240; apps/api/src/modules/documents/folders.ts:1313","apps/api/src/modules/documents/folders.ts:290; apps/api/src/modules/documents/folders.ts:667; apps/api/src/modules/documents/folders.ts:822; apps/api/src/modules/documents/folders.ts:1497","index:document_folders_root_name_idx; index:document_folders_matter_root_name_idx; index:document_folders_entity_root_name_idx; index:document_folders_sibling_name_idx; foreign_key:document_folders_parent_id_document_folders_id_fk; check:document_folders_parent_check"
"document_folders","name","name","text","false","ACTIVE","Owner-scoped hierarchical filing for contract/matter/entity documents.","Current runtime query, row projection, filtering, authorization or processing reads this field; see evidence and table purpose.","packages/db/src/schema/document-folders.ts:79","0037_lyrical_madelyne_pryor","apps/api/src/modules/documents/routes.ts:1033; apps/api/src/modules/documents/folders.ts:289; apps/api/src/modules/documents/folders.ts:296; apps/api/src/modules/documents/folders.ts:666; apps/api/src/modules/documents/folders.ts:821","apps/api/src/modules/documents/folders.ts:662; apps/api/src/modules/documents/folders.ts:1156; apps/api/src/modules/documents/folders.ts:1240; apps/api/src/modules/documents/folders.ts:1313","apps/api/src/modules/documents/routes.ts:1033; apps/api/src/modules/documents/folders.ts:289; apps/api/src/modules/documents/folders.ts:296; apps/api/src/modules/documents/folders.ts:666","index:document_folders_contract_idx; index:document_folders_matter_idx; index:document_folders_entity_idx; index:document_folders_root_name_idx; index:document_folders_matter_root_name_idx; index:document_folders_entity_root_name_idx; index:document_folders_sibling_name_idx; foreign_key:document_folders_contract_id_contracts_id_fk; foreign_key:document_folders_matter_id_matters_id_fk; foreign_key:document_folders_entity_id_entities_id_fk; foreign_key:document_folders_parent_id_document_folders_id_fk; check:document_folders_name_check; check:document_folders_parent_check; check:document_folders_owner_check"
"document_folders","created_at","createdAt","timestamp with time zone","false","ACTIVE","Owner-scoped hierarchical filing for contract/matter/entity documents.","Current runtime query, row projection, filtering, authorization or processing reads this field; see evidence and table purpose.","packages/db/src/schema/document-folders.ts:80","0037_lyrical_madelyne_pryor","apps/api/src/modules/documents/folders.ts:291; apps/api/src/modules/documents/folders.ts:668","","apps/api/src/modules/documents/folders.ts:291; apps/api/src/modules/documents/folders.ts:668",""
"document_folders","updated_at","updatedAt","timestamp with time zone","false","ACTIVE","Owner-scoped hierarchical filing for contract/matter/entity documents.","Current runtime query, row projection, filtering, authorization or processing reads this field; see evidence and table purpose.","packages/db/src/schema/document-folders.ts:81","0037_lyrical_madelyne_pryor","apps/api/src/modules/documents/folders.ts:292; apps/api/src/modules/documents/folders.ts:669","","apps/api/src/modules/documents/folders.ts:292; apps/api/src/modules/documents/folders.ts:669",""
"document_version_rendition","version_id","versionId","text","false","ACTIVE","Durable office-to-PDF conversion state and preview blobs.","Current runtime query, row projection, filtering, authorization or processing reads this field; see evidence and table purpose.","packages/db/src/schema/document-rendition.ts:55","0035_document_version_rendition","apps/api/src/pipeline/backfill.ts:263; apps/api/src/pipeline/display-conversion.ts:109; apps/api/src/pipeline/display-conversion.ts:134; apps/api/src/modules/portal/contracts.ts:336; apps/api/src/modules/portal/contracts.ts:380","apps/api/src/pipeline/display-conversion.ts:87; apps/api/src/pipeline/display-conversion.ts:132","apps/api/src/pipeline/backfill.ts:263; apps/api/src/pipeline/display-conversion.ts:109; apps/api/src/pipeline/display-conversion.ts:134; apps/api/src/modules/portal/contracts.ts:336","foreign_key:document_version_rendition_version_id_document_versions_id_fk; primary_key:document_version_rendition_pkey"
"document_version_rendition","state","state","text","false","ACTIVE","Durable office-to-PDF conversion state and preview blobs.","Current runtime query, row projection, filtering, authorization or processing reads this field; see evidence and table purpose.","packages/db/src/schema/document-rendition.ts:58","0035_document_version_rendition","apps/api/src/pipeline/backfill.ts:257; apps/api/src/pipeline/display-conversion.ts:105; apps/api/src/modules/portal/contracts.ts:376; apps/api/src/modules/documents/routes.ts:3973; apps/api/src/modules/documents/routes.ts:4270","apps/api/src/pipeline/display-conversion.ts:87","apps/api/src/pipeline/backfill.ts:257; apps/api/src/pipeline/display-conversion.ts:105; apps/api/src/modules/portal/contracts.ts:376; apps/api/src/modules/documents/routes.ts:3973","check:document_version_rendition_state_check; check:document_version_rendition_ready_check"
"document_version_rendition","file_ref","fileRef","text","true","ACTIVE","Durable office-to-PDF conversion state and preview blobs.","Current runtime query, row projection, filtering, authorization or processing reads this field; see evidence and table purpose.","packages/db/src/schema/document-rendition.ts:71","0035_document_version_rendition","apps/api/src/pipeline/display-conversion.ts:106; apps/api/src/modules/documents/routes.ts:3564; apps/api/src/modules/documents/routes.ts:3570; apps/api/src/modules/documents/routes.ts:4271; apps/api/src/modules/portal/contracts.ts:339","","apps/api/src/pipeline/display-conversion.ts:106; apps/api/src/modules/documents/routes.ts:3564; apps/api/src/modules/documents/routes.ts:3570; apps/api/src/modules/documents/routes.ts:4271","check:document_version_rendition_ready_check"
"document_version_rendition","byte_size","byteSize","bigint","true","ACTIVE","Durable office-to-PDF conversion state and preview blobs.","Current runtime query, row projection, filtering, authorization or processing reads this field; see evidence and table purpose.","packages/db/src/schema/document-rendition.ts:79","0035_document_version_rendition","apps/api/src/modules/documents/routes.ts:4272; apps/api/src/modules/portal/contracts.ts:339; apps/api/src/modules/portal/contracts.ts:342","","apps/api/src/modules/documents/routes.ts:4272; apps/api/src/modules/portal/contracts.ts:339; apps/api/src/modules/portal/contracts.ts:342","check:document_version_rendition_ready_check; check:document_version_rendition_byte_size_check"
"document_version_rendition","created_at","createdAt","timestamp with time zone","false","PASSIVE_METADATA","Durable office-to-PDF conversion state and preview blobs.","Stamped on insertion. No application reader identified after projections and generic helpers were checked. Retained by schema timestamp convention; not proven functionally integral.","packages/db/src/schema/document-rendition.ts:80","0035_document_version_rendition","","","packages/db/src/schema/document-rendition.ts:80; docs/decision-records/SCHEMA.md:18",""
"document_version_rendition","updated_at","updatedAt","timestamp with time zone","false","ACTIVE","Durable office-to-PDF conversion state and preview blobs.","Current runtime query, row projection, filtering, authorization or processing reads this field; see evidence and table purpose.","packages/db/src/schema/document-rendition.ts:83","0035_document_version_rendition","apps/api/src/modules/portal/contracts.ts:377; apps/api/src/modules/documents/routes.ts:3974","","apps/api/src/modules/portal/contracts.ts:377; apps/api/src/modules/documents/routes.ts:3974",""
"document_version_text","version_id","versionId","text","false","ACTIVE","Durable extraction state, email subjects, searchable text and AI/comparison input.","Current runtime query, row projection, filtering, authorization or processing reads this field; see evidence and table purpose.","packages/db/src/schema/document-text.ts:87","0034_document_version_text","apps/api/src/pipeline/contract-analysis.ts:125; apps/api/src/pipeline/contract-analysis.ts:147; apps/api/src/pipeline/automatic-contract-analysis.ts:122; apps/api/src/pipeline/automatic-contract-analysis.ts:126; apps/api/src/pipeline/backfill.ts:260","apps/api/src/pipeline/text-extraction.ts:150; apps/api/src/pipeline/text-extraction.ts:181","apps/api/src/pipeline/contract-analysis.ts:125; apps/api/src/pipeline/contract-analysis.ts:147; apps/api/src/pipeline/automatic-contract-analysis.ts:122; apps/api/src/pipeline/automatic-contract-analysis.ts:126","foreign_key:document_version_text_version_id_document_versions_id_fk; primary_key:document_version_text_pkey"
"document_version_text","state","state","text","false","ACTIVE","Durable extraction state, email subjects, searchable text and AI/comparison input.","Current runtime query, row projection, filtering, authorization or processing reads this field; see evidence and table purpose.","packages/db/src/schema/document-text.ts:90","0034_document_version_text","apps/api/src/pipeline/contract-analysis.ts:123; apps/api/src/pipeline/contract-analysis.ts:144; apps/api/src/pipeline/automatic-contract-analysis.ts:127; apps/api/src/pipeline/backfill.ts:256; apps/api/src/pipeline/text-extraction.ts:210","apps/api/src/pipeline/text-extraction.ts:150","apps/api/src/pipeline/contract-analysis.ts:123; apps/api/src/pipeline/contract-analysis.ts:144; apps/api/src/pipeline/automatic-contract-analysis.ts:127; apps/api/src/pipeline/backfill.ts:256","check:document_version_text_state_check; check:document_version_text_ready_check; generated:search_vector"
"document_version_text","source","source","text","true","ACTIVE","Durable extraction state, email subjects, searchable text and AI/comparison input.","Current runtime query, row projection, filtering, authorization or processing reads this field; see evidence and table purpose.","packages/db/src/schema/document-text.ts:93","0034_document_version_text","apps/api/src/modules/documents/routes.ts:3883","","apps/api/src/modules/documents/routes.ts:3883","check:document_version_text_source_check; check:document_version_text_ready_check; check:document_version_text_email_subject_check"
"document_version_text","email_subject","emailSubject","text","true","ACTIVE","Durable extraction state, email subjects, searchable text and AI/comparison input.","Current runtime query, row projection, filtering, authorization or processing reads this field; see evidence and table purpose.","packages/db/src/schema/document-text.ts:100","0081_bright_talkback","apps/api/src/modules/documents/repository.ts:200; apps/api/src/modules/documents/repository.ts:304; apps/api/src/modules/search/routes.ts:236; apps/api/src/modules/search/routes.ts:250; apps/api/src/modules/search/routes.ts:255","apps/api/src/pipeline/text-extraction.ts:181","apps/api/src/modules/documents/repository.ts:200; apps/api/src/modules/documents/repository.ts:304; apps/api/src/modules/search/routes.ts:236; apps/api/src/modules/search/routes.ts:250","check:document_version_text_email_subject_check"
"document_version_text","text","text","text","true","ACTIVE","Durable extraction state, email subjects, searchable text and AI/comparison input.","Current runtime query, row projection, filtering, authorization or processing reads this field; see evidence and table purpose.","packages/db/src/schema/document-text.ts:104","0034_document_version_text","apps/api/src/pipeline/contract-analysis.ts:123; apps/api/src/pipeline/contract-analysis.ts:144; apps/api/src/pipeline/automatic-contract-analysis.ts:128; apps/api/src/modules/documents/routes.ts:3884; apps/api/src/modules/search/routes.ts:256","","apps/api/src/pipeline/contract-analysis.ts:123; apps/api/src/pipeline/contract-analysis.ts:144; apps/api/src/pipeline/automatic-contract-analysis.ts:128; apps/api/src/modules/documents/routes.ts:3884","check:document_version_text_ready_check; generated:search_vector"
"document_version_text","created_at","createdAt","timestamp with time zone","false","PASSIVE_METADATA","Durable extraction state, email subjects, searchable text and AI/comparison input.","Stamped on insertion. No application reader identified after projections and generic helpers were checked. Retained by schema timestamp convention; not proven functionally integral.","packages/db/src/schema/document-text.ts:105","0034_document_version_text","","","packages/db/src/schema/document-text.ts:105; docs/decision-records/SCHEMA.md:18",""
"document_version_text","updated_at","updatedAt","timestamp with time zone","false","ACTIVE","Durable extraction state, email subjects, searchable text and AI/comparison input.","Current runtime query, row projection, filtering, authorization or processing reads this field; see evidence and table purpose.","packages/db/src/schema/document-text.ts:108","0034_document_version_text","apps/api/src/modules/documents/routes.ts:3885","","apps/api/src/modules/documents/routes.ts:3885",""
"document_version_text","search_vector","searchVector","tsvector","true","GENERATED_SEARCH","Durable extraction state, email subjects, searchable text and AI/comparison input.","PostgreSQL maintains a stored search vector consumed by search queries and its GIN index.","packages/db/src/schema/document-text.ts:122","0080_calm_cloak","apps/api/src/modules/search/routes.ts:251; apps/api/src/modules/search/routes.ts:257","","apps/api/src/modules/search/routes.ts:251; apps/api/src/modules/search/routes.ts:257","index:document_version_text_search_vector_idx"
"document_versions","id","id","text","false","ACTIVE","Immutable original/generated version chain and byte/provenance metadata.","Current runtime query, row projection, filtering, authorization or processing reads this field; see evidence and table purpose.","packages/db/src/schema/documents.ts:309","0029_documents","apps/api/src/lib/conversion-source-privacy.ts:31; apps/api/src/lib/document-versions.ts:168; apps/api/src/pipeline/contract-analysis.ts:113; apps/api/src/pipeline/contract-analysis.ts:147; apps/api/src/pipeline/contract-analysis.ts:150","apps/api/src/lib/document-versions.ts:127","apps/api/src/lib/conversion-source-privacy.ts:31; apps/api/src/lib/document-versions.ts:168; apps/api/src/pipeline/contract-analysis.ts:113; apps/api/src/pipeline/contract-analysis.ts:147","index:document_versions_document_id_id_idx; foreign_key:document_versions_document_id_documents_id_fk; foreign_key:document_versions_compared_from_version_id_document_versions_id_fk; foreign_key:document_versions_compared_to_version_id_document_versions_id_fk; foreign_key:document_versions_created_by_users_id_fk; primary_key:document_versions_pkey"
"document_versions","document_id","documentId","text","false","ACTIVE","Immutable original/generated version chain and byte/provenance metadata.","Current runtime query, row projection, filtering, authorization or processing reads this field; see evidence and table purpose.","packages/db/src/schema/documents.ts:312","0029_documents","apps/api/src/lib/conversion-source-privacy.ts:32; apps/api/src/lib/document-versions.ts:77; apps/api/src/lib/document-versions.ts:168; apps/api/src/pipeline/contract-analysis.ts:115; apps/api/src/pipeline/contract-analysis.ts:146","apps/api/src/lib/document-versions.ts:128","apps/api/src/lib/conversion-source-privacy.ts:32; apps/api/src/lib/document-versions.ts:77; apps/api/src/lib/document-versions.ts:168; apps/api/src/pipeline/contract-analysis.ts:115","index:document_versions_document_number_idx; index:document_versions_document_id_id_idx; foreign_key:document_versions_document_id_documents_id_fk"
"document_versions","version_number","versionNumber","integer","false","ACTIVE","Immutable original/generated version chain and byte/provenance metadata.","Current runtime query, row projection, filtering, authorization or processing reads this field; see evidence and table purpose.","packages/db/src/schema/documents.ts:316","0029_documents","apps/api/src/lib/document-versions.ts:75; apps/api/src/lib/document-versions.ts:78; apps/api/src/pipeline/contract-analysis.ts:116; apps/api/src/pipeline/automatic-contract-analysis.ts:112; apps/api/src/modules/comments/routes.ts:468","apps/api/src/lib/document-versions.ts:129","apps/api/src/lib/document-versions.ts:75; apps/api/src/lib/document-versions.ts:78; apps/api/src/pipeline/contract-analysis.ts:116; apps/api/src/pipeline/automatic-contract-analysis.ts:112","index:document_versions_document_number_idx; check:document_versions_number_check"
"document_versions","file_ref","fileRef","text","false","ACTIVE","Immutable original/generated version chain and byte/provenance metadata.","Current runtime query, row projection, filtering, authorization or processing reads this field; see evidence and table purpose.","packages/db/src/schema/documents.ts:320","0029_documents","apps/api/src/pipeline/text-extraction.ts:240; apps/api/src/pipeline/display-conversion.ts:248; apps/api/src/modules/portal/routes.ts:422; apps/api/src/modules/documents/routes.ts:3554; apps/api/src/modules/documents/routes.ts:4340","apps/api/src/lib/document-versions.ts:130","apps/api/src/pipeline/text-extraction.ts:240; apps/api/src/pipeline/display-conversion.ts:248; apps/api/src/modules/portal/routes.ts:422; apps/api/src/modules/documents/routes.ts:3554",""
"document_versions","kind","kind","text","false","ACTIVE","Immutable original/generated version chain and byte/provenance metadata.","Current runtime query, row projection, filtering, authorization or processing reads this field; see evidence and table purpose.","packages/db/src/schema/documents.ts:321","0029_documents","apps/api/src/modules/documents/routes.ts:1210; apps/api/src/modules/documents/routes.ts:2553; apps/api/src/modules/documents/routes.ts:3023; apps/api/src/modules/documents/repository.ts:209; apps/api/src/modules/documents/repository.ts:322","apps/api/src/lib/document-versions.ts:131; apps/api/src/lib/document-versions.ts:167","apps/api/src/modules/documents/routes.ts:1210; apps/api/src/modules/documents/routes.ts:2553; apps/api/src/modules/documents/routes.ts:3023; apps/api/src/modules/documents/repository.ts:209","check:document_versions_kind_check; check:document_versions_generated_provenance_check"
"document_versions","source","source","text","false","ACTIVE","Immutable original/generated version chain and byte/provenance metadata.","Current runtime query, row projection, filtering, authorization or processing reads this field; see evidence and table purpose.","packages/db/src/schema/documents.ts:325","0088_document-version-provenance","apps/api/src/modules/documents/routes.ts:1211; apps/api/src/modules/documents/routes.ts:3024","apps/api/src/lib/document-versions.ts:132","apps/api/src/modules/documents/routes.ts:1211; apps/api/src/modules/documents/routes.ts:3024","check:document_versions_source_check; check:document_versions_generated_provenance_check"
"document_versions","compared_from_version_id","comparedFromVersionId","text","true","ACTIVE","Immutable original/generated version chain and byte/provenance metadata.","Current runtime query, row projection, filtering, authorization or processing reads this field; see evidence and table purpose.","packages/db/src/schema/documents.ts:328","0088_document-version-provenance","apps/api/src/modules/documents/routes.ts:1212; apps/api/src/modules/documents/routes.ts:3025","apps/api/src/lib/document-versions.ts:133","apps/api/src/modules/documents/routes.ts:1212; apps/api/src/modules/documents/routes.ts:3025","index:document_versions_compared_from_idx; foreign_key:document_versions_compared_from_version_id_document_versions_id_fk; check:document_versions_generated_provenance_check"
"document_versions","compared_to_version_id","comparedToVersionId","text","true","ACTIVE","Immutable original/generated version chain and byte/provenance metadata.","Current runtime query, row projection, filtering, authorization or processing reads this field; see evidence and table purpose.","packages/db/src/schema/documents.ts:333","0088_document-version-provenance","apps/api/src/modules/documents/routes.ts:1213; apps/api/src/modules/documents/routes.ts:3026","apps/api/src/lib/document-versions.ts:134","apps/api/src/modules/documents/routes.ts:1213; apps/api/src/modules/documents/routes.ts:3026","index:document_versions_compared_to_idx; foreign_key:document_versions_compared_to_version_id_document_versions_id_fk; check:document_versions_generated_provenance_check"
"document_versions","note","note","text","true","ACTIVE","Immutable original/generated version chain and byte/provenance metadata.","Current runtime query, row projection, filtering, authorization or processing reads this field; see evidence and table purpose.","packages/db/src/schema/documents.ts:337","0029_documents","apps/api/src/modules/documents/routes.ts:1214","apps/api/src/lib/document-versions.ts:135","apps/api/src/modules/documents/routes.ts:1214",""
"document_versions","original_filename","originalFilename","text","false","ACTIVE","Immutable original/generated version chain and byte/provenance metadata.","Current runtime query, row projection, filtering, authorization or processing reads this field; see evidence and table purpose.","packages/db/src/schema/documents.ts:341","0029_documents","apps/api/src/pipeline/executed-copy.ts:231; apps/api/src/pipeline/backfill.ts:255; apps/api/src/pipeline/text-extraction.ts:242; apps/api/src/pipeline/display-conversion.ts:250; apps/api/src/modules/portal/routes.ts:362","apps/api/src/lib/document-versions.ts:136","apps/api/src/pipeline/executed-copy.ts:231; apps/api/src/pipeline/backfill.ts:255; apps/api/src/pipeline/text-extraction.ts:242; apps/api/src/pipeline/display-conversion.ts:250",""
"document_versions","mime_type","mimeType","text","false","ACTIVE","Immutable original/generated version chain and byte/provenance metadata.","Current runtime query, row projection, filtering, authorization or processing reads this field; see evidence and table purpose.","packages/db/src/schema/documents.ts:344","0029_documents","apps/api/src/pipeline/backfill.ts:254; apps/api/src/pipeline/text-extraction.ts:241; apps/api/src/pipeline/display-conversion.ts:249; apps/api/src/modules/portal/routes.ts:363; apps/api/src/modules/portal/routes.ts:424","apps/api/src/lib/document-versions.ts:137","apps/api/src/pipeline/backfill.ts:254; apps/api/src/pipeline/text-extraction.ts:241; apps/api/src/pipeline/display-conversion.ts:249; apps/api/src/modules/portal/routes.ts:363",""
"document_versions","byte_size","byteSize","bigint","false","ACTIVE","Immutable original/generated version chain and byte/provenance metadata.","Current runtime query, row projection, filtering, authorization or processing reads this field; see evidence and table purpose.","packages/db/src/schema/documents.ts:347","0029_documents","apps/api/src/modules/portal/routes.ts:364; apps/api/src/modules/portal/routes.ts:425; apps/api/src/modules/documents/routes.ts:1217; apps/api/src/modules/documents/routes.ts:4343; apps/api/src/modules/documents/repository.ts:211","apps/api/src/lib/document-versions.ts:138","apps/api/src/modules/portal/routes.ts:364; apps/api/src/modules/portal/routes.ts:425; apps/api/src/modules/documents/routes.ts:1217; apps/api/src/modules/documents/routes.ts:4343","check:document_versions_byte_size_check"
"document_versions","checksum_sha256","checksumSha256","text","false","INTEGRITY_METADATA","Immutable original/generated version chain and byte/provenance metadata.","Computed at upload/copy and exposed in the version API. Retain byte fingerprint provenance; no automatic stored-blob checksum verification job was found.","packages/db/src/schema/documents.ts:349","0029_documents","apps/api/src/modules/documents/routes.ts:1218","apps/api/src/lib/document-versions.ts:139","apps/api/src/lib/document-versions.ts:139; apps/api/src/modules/documents/routes.ts:1218; apps/api/src/modules/documents/routes.ts:1277","check:document_versions_checksum_sha256_check"
"document_versions","created_by","createdBy","text","false","ACTIVE","Immutable original/generated version chain and byte/provenance metadata.","Current runtime query, row projection, filtering, authorization or processing reads this field; see evidence and table purpose.","packages/db/src/schema/documents.ts:351","0029_documents","apps/api/src/modules/documents/routes.ts:1233; apps/api/src/modules/documents/repository.ts:232; apps/api/src/modules/documents/repository.ts:339; apps/api/src/modules/documents/repository.ts:486; apps/api/src/modules/documents/repository.ts:554","apps/api/src/lib/document-versions.ts:140","apps/api/src/modules/documents/routes.ts:1233; apps/api/src/modules/documents/repository.ts:232; apps/api/src/modules/documents/repository.ts:339; apps/api/src/modules/documents/repository.ts:486","foreign_key:document_versions_created_by_users_id_fk"
"document_versions","created_at","createdAt","timestamp with time zone","false","ACTIVE","Immutable original/generated version chain and byte/provenance metadata.","Current runtime query, row projection, filtering, authorization or processing reads this field; see evidence and table purpose.","packages/db/src/schema/documents.ts:355","0029_documents","apps/api/src/modules/documents/routes.ts:1219; apps/api/src/modules/documents/repository.ts:213; apps/api/src/modules/documents/repository.ts:217; apps/api/src/modules/documents/repository.ts:244; apps/api/src/modules/documents/repository.ts:326","","apps/api/src/modules/documents/routes.ts:1219; apps/api/src/modules/documents/repository.ts:213; apps/api/src/modules/documents/repository.ts:217; apps/api/src/modules/documents/repository.ts:244",""
"documents","id","id","text","false","ACTIVE","Owned document identity, confidentiality, archive and executed-version designation.","Current runtime query, row projection, filtering, authorization or processing reads this field; see evidence and table purpose.","packages/db/src/schema/documents.ts:132","0029_documents","apps/api/src/lib/contract-access.ts:620; apps/api/src/pipeline/contract-analysis.ts:102; apps/api/src/pipeline/contract-analysis.ts:146; apps/api/src/pipeline/conversion-analysis.ts:143; apps/api/src/pipeline/conversion-analysis.ts:145","apps/api/src/modules/comments/routes.ts:1405; apps/api/src/modules/documents/routes.ts:1668; apps/api/src/modules/documents/routes.ts:2044; apps/api/src/modules/documents/routes.ts:2194","apps/api/src/lib/contract-access.ts:620; apps/api/src/pipeline/contract-analysis.ts:102; apps/api/src/pipeline/contract-analysis.ts:146; apps/api/src/pipeline/conversion-analysis.ts:143","index:documents_contract_idx; index:documents_matter_idx; index:documents_entity_idx; index:documents_knowledge_item_idx; index:documents_folder_idx; foreign_key:documents_contract_id_contracts_id_fk; foreign_key:documents_matter_id_matters_id_fk; foreign_key:documents_entity_id_entities_id_fk; foreign_key:documents_knowledge_item_id_knowledge_items_id_fk; foreign_key:documents_executed_version_id_document_versions_id_fk; foreign_key:documents_folder_id_document_folders_id_fk; foreign_key:documents_created_by_users_id_fk; primary_key:documents_pkey"
"documents","title","title","text","false","ACTIVE","Owned document identity, confidentiality, archive and executed-version designation.","Current runtime query, row projection, filtering, authorization or processing reads this field; see evidence and table purpose.","packages/db/src/schema/documents.ts:136","0029_documents","apps/api/src/pipeline/executed-copy.ts:333; apps/api/src/modules/comments/routes.ts:466; apps/api/src/modules/comments/routes.ts:1196; apps/api/src/modules/comments/routes.ts:1415; apps/api/src/modules/audit-log/routes.ts:456","apps/api/src/modules/comments/routes.ts:1406; apps/api/src/modules/documents/routes.ts:1670; apps/api/src/modules/documents/routes.ts:2051; apps/api/src/modules/documents/routes.ts:2196","apps/api/src/pipeline/executed-copy.ts:333; apps/api/src/modules/comments/routes.ts:466; apps/api/src/modules/comments/routes.ts:1196; apps/api/src/modules/comments/routes.ts:1415","generated:search_vector"
"documents","description","description","text","true","ACTIVE","Owned document identity, confidentiality, archive and executed-version designation.","Current runtime query, row projection, filtering, authorization or processing reads this field; see evidence and table purpose.","packages/db/src/schema/documents.ts:140","0030_document_description","apps/api/src/modules/documents/routes.ts:1018; apps/api/src/modules/documents/routes.ts:1173; apps/api/src/modules/documents/repository.ts:305; apps/api/src/modules/search/routes.ts:253","","apps/api/src/modules/documents/routes.ts:1018; apps/api/src/modules/documents/routes.ts:1173; apps/api/src/modules/documents/repository.ts:305; apps/api/src/modules/search/routes.ts:253","generated:search_vector"
"documents","contract_id","contractId","text","true","ACTIVE","Owned document identity, confidentiality, archive and executed-version designation.","Current runtime query, row projection, filtering, authorization or processing reads this field; see evidence and table purpose.","packages/db/src/schema/documents.ts:144","0029_documents","apps/api/src/lib/document-access.ts:45; apps/api/src/lib/contract-access.ts:331; apps/api/src/pipeline/contract-analysis.ts:103; apps/api/src/pipeline/contract-analysis.ts:151; apps/api/src/pipeline/conversion-analysis.ts:149","","apps/api/src/lib/document-access.ts:45; apps/api/src/lib/contract-access.ts:331; apps/api/src/pipeline/contract-analysis.ts:103; apps/api/src/pipeline/contract-analysis.ts:151","index:documents_contract_idx; foreign_key:documents_contract_id_contracts_id_fk; check:documents_owner_check"
"documents","matter_id","matterId","text","true","ACTIVE","Owned document identity, confidentiality, archive and executed-version designation.","Current runtime query, row projection, filtering, authorization or processing reads this field; see evidence and table purpose.","packages/db/src/schema/documents.ts:148","0072_hot_annihilus","apps/api/src/lib/document-access.ts:51; apps/api/src/lib/contract-access.ts:354; apps/api/src/modules/comments/routes.ts:1363; apps/api/src/modules/audit-log/routes.ts:282; apps/api/src/modules/audit-log/routes.ts:289","","apps/api/src/lib/document-access.ts:51; apps/api/src/lib/contract-access.ts:354; apps/api/src/modules/comments/routes.ts:1363; apps/api/src/modules/audit-log/routes.ts:282","index:documents_matter_idx; foreign_key:documents_matter_id_matters_id_fk; check:documents_owner_check"
"documents","entity_id","entityId","text","true","ACTIVE","Owned document identity, confidentiality, archive and executed-version designation.","Current runtime query, row projection, filtering, authorization or processing reads this field; see evidence and table purpose.","packages/db/src/schema/documents.ts:151","0082_great_betty_ross","apps/api/src/lib/document-access.ts:57; apps/api/src/lib/contract-access.ts:411; apps/api/src/modules/audit-log/routes.ts:283; apps/api/src/modules/audit-log/routes.ts:290; apps/api/src/modules/documents/owner.ts:60","","apps/api/src/lib/document-access.ts:57; apps/api/src/lib/contract-access.ts:411; apps/api/src/modules/audit-log/routes.ts:283; apps/api/src/modules/audit-log/routes.ts:290","index:documents_entity_idx; foreign_key:documents_entity_id_entities_id_fk; check:documents_owner_check"
"documents","knowledge_item_id","knowledgeItemId","text","true","ACTIVE","Owned document identity, confidentiality, archive and executed-version designation.","Current runtime query, row projection, filtering, authorization or processing reads this field; see evidence and table purpose.","packages/db/src/schema/documents.ts:153","0083_wide_inhumans","apps/api/src/lib/document-access.ts:63; apps/api/src/lib/contract-access.ts:412; apps/api/src/modules/audit-log/routes.ts:291; apps/api/src/modules/portal/routes.ts:354; apps/api/src/modules/portal/routes.ts:432","apps/api/src/modules/documents/routes.ts:1669; apps/api/src/modules/documents/routes.ts:2343","apps/api/src/lib/document-access.ts:63; apps/api/src/lib/contract-access.ts:412; apps/api/src/modules/audit-log/routes.ts:291; apps/api/src/modules/portal/routes.ts:354","index:documents_knowledge_item_idx; foreign_key:documents_knowledge_item_id_knowledge_items_id_fk; check:documents_owner_check"
"documents","executed_version_id","executedVersionId","text","true","ACTIVE","Owned document identity, confidentiality, archive and executed-version designation.","Current runtime query, row projection, filtering, authorization or processing reads this field; see evidence and table purpose.","packages/db/src/schema/documents.ts:182","0031_documents_designations","apps/api/src/pipeline/contract-analysis.ts:98; apps/api/src/pipeline/automatic-contract-analysis.ts:58; apps/api/src/modules/documents/routes.ts:1028; apps/api/src/modules/documents/routes.ts:1180","apps/api/src/pipeline/executed-copy.ts:373; apps/api/src/modules/documents/routes.ts:3290; apps/api/src/modules/documents/routes.ts:3368","apps/api/src/pipeline/contract-analysis.ts:98; apps/api/src/pipeline/automatic-contract-analysis.ts:58; apps/api/src/modules/documents/routes.ts:1028; apps/api/src/modules/documents/routes.ts:1180","index:documents_executed_version_idx; foreign_key:documents_executed_version_id_document_versions_id_fk"
"documents","archived_at","archivedAt","timestamp with time zone","true","ACTIVE","Owned document identity, confidentiality, archive and executed-version designation.","Current runtime query, row projection, filtering, authorization or processing reads this field; see evidence and table purpose.","packages/db/src/schema/documents.ts:198","0032_document_archive","apps/api/src/pipeline/contract-analysis.ts:104; apps/api/src/pipeline/contract-analysis.ts:152; apps/api/src/pipeline/conversion-analysis.ts:150; apps/api/src/pipeline/automatic-contract-analysis.ts:69; apps/api/src/modules/comments/routes.ts:1417","apps/api/src/modules/documents/routes.ts:3430; apps/api/src/modules/documents/routes.ts:3479","apps/api/src/pipeline/contract-analysis.ts:104; apps/api/src/pipeline/contract-analysis.ts:152; apps/api/src/pipeline/conversion-analysis.ts:150; apps/api/src/pipeline/automatic-contract-analysis.ts:69",""
"documents","is_confidential","isConfidential","boolean","false","ACTIVE","Owned document identity, confidentiality, archive and executed-version designation.","Current runtime query, row projection, filtering, authorization or processing reads this field; see evidence and table purpose.","packages/db/src/schema/documents.ts:216","0033_document_confidential","apps/api/src/lib/contract-access.ts:404; apps/api/src/lib/contract-access.ts:621; apps/api/src/pipeline/conversion-analysis.ts:151; apps/api/src/pipeline/executed-copy.ts:333; apps/api/src/modules/comments/routes.ts:1416","apps/api/src/modules/comments/routes.ts:1408","apps/api/src/lib/contract-access.ts:404; apps/api/src/lib/contract-access.ts:621; apps/api/src/pipeline/conversion-analysis.ts:151; apps/api/src/pipeline/executed-copy.ts:333",""
"documents","folder_id","folderId","text","true","ACTIVE","Owned document identity, confidentiality, archive and executed-version designation.","Current runtime query, row projection, filtering, authorization or processing reads this field; see evidence and table purpose.","packages/db/src/schema/documents.ts:234","0038_document_folder_id","apps/api/src/modules/documents/routes.ts:1032; apps/api/src/modules/documents/routes.ts:1051; apps/api/src/modules/documents/routes.ts:1191; apps/api/src/modules/documents/routes.ts:1505; apps/api/src/modules/documents/routes.ts:1506","apps/api/src/modules/comments/routes.ts:1409; apps/api/src/modules/documents/routes.ts:2045; apps/api/src/modules/documents/routes.ts:2195; apps/api/src/modules/documents/routes.ts:2265","apps/api/src/modules/documents/routes.ts:1032; apps/api/src/modules/documents/routes.ts:1051; apps/api/src/modules/documents/routes.ts:1191; apps/api/src/modules/documents/routes.ts:1505","index:documents_folder_idx; foreign_key:documents_folder_id_document_folders_id_fk"
"documents","created_by","createdBy","text","false","ACTIVE","Owned document identity, confidentiality, archive and executed-version designation.","Current runtime query, row projection, filtering, authorization or processing reads this field; see evidence and table purpose.","packages/db/src/schema/documents.ts:237","0029_documents","apps/api/src/modules/documents/routes.ts:1034; apps/api/src/modules/documents/routes.ts:1202","apps/api/src/modules/comments/routes.ts:1410; apps/api/src/modules/documents/routes.ts:1671; apps/api/src/modules/documents/routes.ts:2053; apps/api/src/modules/documents/routes.ts:2198","apps/api/src/modules/documents/routes.ts:1034; apps/api/src/modules/documents/routes.ts:1202","foreign_key:documents_created_by_users_id_fk"
"documents","created_at","createdAt","timestamp with time zone","false","ACTIVE","Owned document identity, confidentiality, archive and executed-version designation.","Current runtime query, row projection, filtering, authorization or processing reads this field; see evidence and table purpose.","packages/db/src/schema/documents.ts:240","0029_documents","apps/api/src/modules/portal/routes.ts:355; apps/api/src/modules/documents/routes.ts:1192; apps/api/src/modules/documents/routes.ts:1520; apps/api/src/modules/documents/routes.ts:1553; apps/api/src/modules/documents/routes.ts:1554","","apps/api/src/modules/portal/routes.ts:355; apps/api/src/modules/documents/routes.ts:1192; apps/api/src/modules/documents/routes.ts:1520; apps/api/src/modules/documents/routes.ts:1553","index:documents_contract_idx; index:documents_matter_idx; index:documents_entity_idx; index:documents_knowledge_item_idx; index:documents_folder_idx"
"documents","updated_at","updatedAt","timestamp with time zone","false","ACTIVE","Owned document identity, confidentiality, archive and executed-version designation.","Current runtime query, row projection, filtering, authorization or processing reads this field; see evidence and table purpose.","packages/db/src/schema/documents.ts:241","0029_documents","apps/api/src/modules/documents/routes.ts:1193","apps/api/src/pipeline/executed-copy.ts:373; apps/api/src/modules/comments/routes.ts:1504; apps/api/src/modules/documents/routes.ts:2477; apps/api/src/modules/documents/routes.ts:3076","apps/api/src/modules/documents/routes.ts:1193",""
"documents","search_vector","searchVector","tsvector","true","GENERATED_SEARCH","Owned document identity, confidentiality, archive and executed-version designation.","PostgreSQL maintains a stored search vector consumed by search queries and its GIN index.","packages/db/src/schema/documents.ts:247","0080_calm_cloak","apps/api/src/modules/search/routes.ts:245","","apps/api/src/modules/search/routes.ts:245","index:documents_search_vector_idx"
"entities","id","id","text","false","ACTIVE","Corporate entity identity, capital details, custom fields and confidentiality.","Current runtime query, row projection, filtering, authorization or processing reads this field; see evidence and table purpose.","packages/db/src/schema/entities.ts:40","0015_entities","apps/api/src/lib/entity-access.ts:38; apps/api/src/lib/entity-access.ts:79; apps/api/src/lib/entity-access.ts:99; apps/api/src/lib/entity-access.ts:101; apps/api/src/lib/custom-fields.ts:356","","apps/api/src/lib/entity-access.ts:38; apps/api/src/lib/entity-access.ts:79; apps/api/src/lib/entity-access.ts:99; apps/api/src/lib/entity-access.ts:101","foreign_key:entities_entity_type_id_entity_types_id_fk; primary_key:entities_pkey"
"entities","legal_name","legalName","text","false","ACTIVE","Corporate entity identity, capital details, custom fields and confidentiality.","Current runtime query, row projection, filtering, authorization or processing reads this field; see evidence and table purpose.","packages/db/src/schema/entities.ts:41","0015_entities","apps/api/src/pipeline/morning-round.ts:707; apps/api/src/modules/audit-log/routes.ts:462; apps/api/src/modules/entities/obligation-routes.ts:100; apps/api/src/modules/entities/holding-routes.ts:130; apps/api/src/modules/entities/holding-routes.ts:136","apps/api/src/modules/entities/routes.ts:598","apps/api/src/pipeline/morning-round.ts:707; apps/api/src/modules/audit-log/routes.ts:462; apps/api/src/modules/entities/obligation-routes.ts:100; apps/api/src/modules/entities/holding-routes.ts:130","index:entities_legal_name_idx; generated:search_vector"
"entities","entity_type_id","entityTypeId","text","false","ACTIVE","Corporate entity identity, capital details, custom fields and confidentiality.","Current runtime query, row projection, filtering, authorization or processing reads this field; see evidence and table purpose.","packages/db/src/schema/entities.ts:44","0015_entities","apps/api/src/modules/entities/holding-routes.ts:325; apps/api/src/modules/entities/type-usage.ts:23; apps/api/src/modules/entities/type-usage.ts:25; apps/api/src/modules/entities/type-usage.ts:26; apps/api/src/modules/entities/type-usage.ts:34","apps/api/src/modules/entities/type-usage.ts:33; apps/api/src/modules/entities/routes.ts:599","apps/api/src/modules/entities/holding-routes.ts:325; apps/api/src/modules/entities/type-usage.ts:23; apps/api/src/modules/entities/type-usage.ts:25; apps/api/src/modules/entities/type-usage.ts:26","foreign_key:entities_entity_type_id_entity_types_id_fk"
"entities","jurisdiction","jurisdiction","text","true","ACTIVE","Corporate entity identity, capital details, custom fields and confidentiality.","Current runtime query, row projection, filtering, authorization or processing reads this field; see evidence and table purpose.","packages/db/src/schema/entities.ts:48","0015_entities","apps/api/src/modules/entities/holding-routes.ts:321; apps/api/src/modules/entities/routes.ts:240; apps/api/src/modules/entities/routes.ts:350; apps/api/src/modules/entities/routes.ts:399; apps/api/src/modules/entities/routes.ts:404","apps/api/src/modules/entities/routes.ts:600","apps/api/src/modules/entities/holding-routes.ts:321; apps/api/src/modules/entities/routes.ts:240; apps/api/src/modules/entities/routes.ts:350; apps/api/src/modules/entities/routes.ts:399","generated:search_vector"
"entities","formed_on","formedOn","date","true","ACTIVE","Corporate entity identity, capital details, custom fields and confidentiality.","Current runtime query, row projection, filtering, authorization or processing reads this field; see evidence and table purpose.","packages/db/src/schema/entities.ts:49","0015_entities","apps/api/src/modules/entities/routes.ts:159; apps/api/src/modules/entities/routes.ts:765","apps/api/src/modules/entities/routes.ts:601","apps/api/src/modules/entities/routes.ts:159; apps/api/src/modules/entities/routes.ts:765",""
"entities","registration_number","registrationNumber","text","true","ACTIVE","Corporate entity identity, capital details, custom fields and confidentiality.","Current runtime query, row projection, filtering, authorization or processing reads this field; see evidence and table purpose.","packages/db/src/schema/entities.ts:50","0015_entities","apps/api/src/modules/entities/routes.ts:160","apps/api/src/modules/entities/routes.ts:602","apps/api/src/modules/entities/routes.ts:160","generated:search_vector"
"entities","tax_id","taxId","text","true","ACTIVE","Corporate entity identity, capital details, custom fields and confidentiality.","Current runtime query, row projection, filtering, authorization or processing reads this field; see evidence and table purpose.","packages/db/src/schema/entities.ts:51","0015_entities","apps/api/src/modules/entities/routes.ts:161","apps/api/src/modules/entities/routes.ts:603","apps/api/src/modules/entities/routes.ts:161",""
"entities","registered_agent","registeredAgent","text","true","ACTIVE","Corporate entity identity, capital details, custom fields and confidentiality.","Current runtime query, row projection, filtering, authorization or processing reads this field; see evidence and table purpose.","packages/db/src/schema/entities.ts:52","0015_entities","apps/api/src/modules/entities/routes.ts:162","apps/api/src/modules/entities/routes.ts:604","apps/api/src/modules/entities/routes.ts:162",""
"entities","registered_address","registeredAddress","text","true","ACTIVE","Corporate entity identity, capital details, custom fields and confidentiality.","Current runtime query, row projection, filtering, authorization or processing reads this field; see evidence and table purpose.","packages/db/src/schema/entities.ts:53","0015_entities","apps/api/src/modules/entities/routes.ts:163","apps/api/src/modules/entities/routes.ts:605","apps/api/src/modules/entities/routes.ts:163",""
"entities","status","status","text","false","ACTIVE","Corporate entity identity, capital details, custom fields and confidentiality.","Current runtime query, row projection, filtering, authorization or processing reads this field; see evidence and table purpose.","packages/db/src/schema/entities.ts:54","0015_entities","apps/api/src/modules/entities/holding-routes.ts:322; apps/api/src/modules/entities/routes.ts:241; apps/api/src/modules/entities/routes.ts:348; apps/api/src/modules/entities/routes.ts:164; apps/api/src/modules/entities/routes.ts:633","apps/api/src/modules/entities/routes.ts:606","apps/api/src/modules/entities/holding-routes.ts:322; apps/api/src/modules/entities/routes.ts:241; apps/api/src/modules/entities/routes.ts:348; apps/api/src/modules/entities/routes.ts:164","check:entities_status_check; generated:search_vector"
"entities","shares_authorized","sharesAuthorized","bigint","true","ACTIVE","Corporate entity identity, capital details, custom fields and confidentiality.","Current runtime query, row projection, filtering, authorization or processing reads this field; see evidence and table purpose.","packages/db/src/schema/entities.ts:56","0082_great_betty_ross","apps/api/src/modules/entities/routes.ts:165","","apps/api/src/modules/entities/routes.ts:165",""
"entities","shares_issued","sharesIssued","bigint","true","ACTIVE","Corporate entity identity, capital details, custom fields and confidentiality.","Current runtime query, row projection, filtering, authorization or processing reads this field; see evidence and table purpose.","packages/db/src/schema/entities.ts:57","0082_great_betty_ross","apps/api/src/modules/entities/routes.ts:166","","apps/api/src/modules/entities/routes.ts:166",""
"entities","par_value","parValue","bigint","true","ACTIVE","Corporate entity identity, capital details, custom fields and confidentiality.","Current runtime query, row projection, filtering, authorization or processing reads this field; see evidence and table purpose.","packages/db/src/schema/entities.ts:59","0082_great_betty_ross","apps/api/src/modules/entities/routes.ts:167","","apps/api/src/modules/entities/routes.ts:167",""
"entities","par_value_currency","parValueCurrency","text","true","ACTIVE","Corporate entity identity, capital details, custom fields and confidentiality.","Current runtime query, row projection, filtering, authorization or processing reads this field; see evidence and table purpose.","packages/db/src/schema/entities.ts:60","0096_entity_par_value_currency","apps/api/src/modules/entities/routes.ts:168; apps/api/src/modules/entities/routes.ts:783","","apps/api/src/modules/entities/routes.ts:168; apps/api/src/modules/entities/routes.ts:783",""
"entities","custom_fields","customFields","jsonb","false","ACTIVE","Corporate entity identity, capital details, custom fields and confidentiality.","Current runtime query, row projection, filtering, authorization or processing reads this field; see evidence and table purpose.","packages/db/src/schema/entities.ts:64","0082_great_betty_ross","apps/api/src/modules/fields/routes.ts:208; apps/api/src/modules/entities/routes.ts:169; apps/api/src/modules/entities/routes.ts:542; apps/api/src/modules/entities/routes.ts:817; apps/api/src/modules/entities/routes.ts:882","","apps/api/src/modules/fields/routes.ts:208; apps/api/src/modules/entities/routes.ts:169; apps/api/src/modules/entities/routes.ts:542; apps/api/src/modules/entities/routes.ts:817","check:entities_custom_fields_object"
"entities","is_confidential","isConfidential","boolean","false","ACTIVE","Corporate entity identity, capital details, custom fields and confidentiality.","Current runtime query, row projection, filtering, authorization or processing reads this field; see evidence and table purpose.","packages/db/src/schema/entities.ts:69","0082_great_betty_ross","apps/api/src/lib/entity-access.ts:36; apps/api/src/lib/notifications/audience.ts:202; apps/api/src/modules/home/sections/obligations.ts:70; apps/api/src/modules/search/routes.ts:320; apps/api/src/modules/entities/routes.ts:170","","apps/api/src/lib/entity-access.ts:36; apps/api/src/lib/notifications/audience.ts:202; apps/api/src/modules/home/sections/obligations.ts:70; apps/api/src/modules/search/routes.ts:320",""
"entities","created_at","createdAt","timestamp with time zone","false","ACTIVE","Corporate entity identity, capital details, custom fields and confidentiality.","Current runtime query, row projection, filtering, authorization or processing reads this field; see evidence and table purpose.","packages/db/src/schema/entities.ts:70","0015_entities","apps/api/src/modules/entities/routes.ts:243; apps/api/src/modules/entities/routes.ts:172","","apps/api/src/modules/entities/routes.ts:243; apps/api/src/modules/entities/routes.ts:172","index:entities_legal_name_idx"
"entities","updated_at","updatedAt","timestamp with time zone","false","ACTIVE","Corporate entity identity, capital details, custom fields and confidentiality.","Current runtime query, row projection, filtering, authorization or processing reads this field; see evidence and table purpose.","packages/db/src/schema/entities.ts:71","0015_entities","apps/api/src/modules/entities/routes.ts:173","","apps/api/src/modules/entities/routes.ts:173",""
"entities","archived_at","archivedAt","timestamp with time zone","true","ACTIVE","Corporate entity identity, capital details, custom fields and confidentiality.","Current runtime query, row projection, filtering, authorization or processing reads this field; see evidence and table purpose.","packages/db/src/schema/entities.ts:77","0015_entities","apps/api/src/lib/document-access.ts:58; apps/api/src/lib/custom-fields.ts:354; apps/api/src/pipeline/morning-round.ts:718; apps/api/src/lib/notifications/audience.ts:198; apps/api/src/lib/notifications/audience.ts:612","apps/api/src/modules/entities/routes.ts:915; apps/api/src/modules/entities/routes.ts:962","apps/api/src/lib/document-access.ts:58; apps/api/src/lib/custom-fields.ts:354; apps/api/src/pipeline/morning-round.ts:718; apps/api/src/lib/notifications/audience.ts:198",""
"entities","search_vector","searchVector","tsvector","true","GENERATED_SEARCH","Corporate entity identity, capital details, custom fields and confidentiality.","PostgreSQL maintains a stored search vector consumed by search queries and its GIN index.","packages/db/src/schema/entities.ts:80","0080_calm_cloak","apps/api/src/modules/search/routes.ts:322","","apps/api/src/modules/search/routes.ts:322","index:entities_search_vector_idx"
"entity_grants","entity_id","entityId","text","false","ACTIVE","Explicit readers of confidential corporate entities.","Current runtime query, row projection, filtering, authorization or processing reads this field; see evidence and table purpose.","packages/db/src/schema/entity-grants.ts:11","0082_great_betty_ross","apps/api/src/lib/entity-access.ts:40; apps/api/src/lib/entity-access.ts:123; apps/api/src/lib/entity-access.ts:140; apps/api/src/lib/notifications/audience.ts:192; apps/api/src/modules/audit-log/routes.ts:368","apps/api/src/modules/entities/routes.ts:609; apps/api/src/modules/entities/grant-routes.ts:163","apps/api/src/lib/entity-access.ts:40; apps/api/src/lib/entity-access.ts:123; apps/api/src/lib/entity-access.ts:140; apps/api/src/lib/notifications/audience.ts:192","foreign_key:entity_grants_entity_id_entities_id_fk; primary_key:entity_grants_entity_id_user_id_pk"
"entity_grants","user_id","userId","text","false","ACTIVE","Explicit readers of confidential corporate entities.","Current runtime query, row projection, filtering, authorization or processing reads this field; see evidence and table purpose.","packages/db/src/schema/entity-grants.ts:14","0082_great_betty_ross","apps/api/src/lib/entity-access.ts:42; apps/api/src/lib/entity-access.ts:121; apps/api/src/lib/entity-access.ts:123; apps/api/src/lib/entity-access.ts:135; apps/api/src/lib/entity-access.ts:137","apps/api/src/modules/entities/routes.ts:609; apps/api/src/modules/entities/grant-routes.ts:163","apps/api/src/lib/entity-access.ts:42; apps/api/src/lib/entity-access.ts:121; apps/api/src/lib/entity-access.ts:123; apps/api/src/lib/entity-access.ts:135","index:entity_grants_user_idx; foreign_key:entity_grants_user_id_users_id_fk; primary_key:entity_grants_entity_id_user_id_pk"
"entity_grants","created_at","createdAt","timestamp with time zone","false","PASSIVE_METADATA","Explicit readers of confidential corporate entities.","Stamped on insertion. No application reader identified after projections and generic helpers were checked. Retained by schema timestamp convention; not proven functionally integral.","packages/db/src/schema/entity-grants.ts:17","0082_great_betty_ross","","","packages/db/src/schema/entity-grants.ts:17; docs/decision-records/SCHEMA.md:18",""
"entity_holdings","owner_entity_id","ownerEntityId","text","false","ACTIVE","Ownership graph with percentages and cycle/range rules.","Current runtime query, row projection, filtering, authorization or processing reads this field; see evidence and table purpose.","packages/db/src/schema/entity-holdings.ts:11","0082_great_betty_ross","apps/api/src/modules/entities/holding-routes.ts:97; apps/api/src/modules/entities/holding-routes.ts:150; apps/api/src/modules/entities/holding-routes.ts:161; apps/api/src/modules/entities/holding-routes.ts:165; apps/api/src/modules/entities/holding-routes.ts:224","apps/api/src/modules/entities/holding-routes.ts:458","apps/api/src/modules/entities/holding-routes.ts:97; apps/api/src/modules/entities/holding-routes.ts:150; apps/api/src/modules/entities/holding-routes.ts:161; apps/api/src/modules/entities/holding-routes.ts:165","foreign_key:entity_holdings_owner_entity_id_entities_id_fk; primary_key:entity_holdings_owner_entity_id_owned_entity_id_pk; check:entity_holdings_distinct_entities"
"entity_holdings","owned_entity_id","ownedEntityId","text","false","ACTIVE","Ownership graph with percentages and cycle/range rules.","Current runtime query, row projection, filtering, authorization or processing reads this field; see evidence and table purpose.","packages/db/src/schema/entity-holdings.ts:14","0082_great_betty_ross","apps/api/src/modules/entities/holding-routes.ts:98; apps/api/src/modules/entities/holding-routes.ts:129; apps/api/src/modules/entities/holding-routes.ts:134; apps/api/src/modules/entities/holding-routes.ts:135; apps/api/src/modules/entities/holding-routes.ts:136","apps/api/src/modules/entities/holding-routes.ts:459","apps/api/src/modules/entities/holding-routes.ts:98; apps/api/src/modules/entities/holding-routes.ts:129; apps/api/src/modules/entities/holding-routes.ts:134; apps/api/src/modules/entities/holding-routes.ts:135","index:entity_holdings_owned_idx; foreign_key:entity_holdings_owned_entity_id_entities_id_fk; primary_key:entity_holdings_owner_entity_id_owned_entity_id_pk; check:entity_holdings_distinct_entities"
"entity_holdings","ownership_percent","ownershipPercent","numeric(5, 2)","false","ACTIVE","Ownership graph with percentages and cycle/range rules.","Current runtime query, row projection, filtering, authorization or processing reads this field; see evidence and table purpose.","packages/db/src/schema/entity-holdings.ts:17","0082_great_betty_ross","apps/api/src/modules/entities/holding-routes.ts:92; apps/api/src/modules/entities/holding-routes.ts:131; apps/api/src/modules/entities/holding-routes.ts:137; apps/api/src/modules/entities/routes.ts:185; apps/api/src/modules/entities/routes.ts:208","apps/api/src/modules/entities/holding-routes.ts:460; apps/api/src/modules/entities/holding-routes.ts:506","apps/api/src/modules/entities/holding-routes.ts:92; apps/api/src/modules/entities/holding-routes.ts:131; apps/api/src/modules/entities/holding-routes.ts:137; apps/api/src/modules/entities/routes.ts:185","check:entity_holdings_percent_range"
"entity_holdings","created_at","createdAt","timestamp with time zone","false","ACTIVE","Ownership graph with percentages and cycle/range rules.","Current runtime query, row projection, filtering, authorization or processing reads this field; see evidence and table purpose.","packages/db/src/schema/entity-holdings.ts:18","0082_great_betty_ross","apps/api/src/modules/entities/holding-routes.ts:93","","apps/api/src/modules/entities/holding-routes.ts:93",""
"entity_holdings","updated_at","updatedAt","timestamp with time zone","false","ACTIVE","Ownership graph with percentages and cycle/range rules.","Current runtime query, row projection, filtering, authorization or processing reads this field; see evidence and table purpose.","packages/db/src/schema/entity-holdings.ts:19","0082_great_betty_ross","apps/api/src/modules/entities/holding-routes.ts:94","apps/api/src/modules/entities/holding-routes.ts:506","apps/api/src/modules/entities/holding-routes.ts:94",""
"entity_obligations","id","id","text","false","ACTIVE","Entity compliance work, recurrence, assignments and linked matters.","Current runtime query, row projection, filtering, authorization or processing reads this field; see evidence and table purpose.","packages/db/src/schema/entity-obligations.ts:15","0082_great_betty_ross","apps/api/src/pipeline/morning-round.ts:708; apps/api/src/modules/entities/obligation-routes.ts:154; apps/api/src/modules/entities/obligation-routes.ts:300; apps/api/src/modules/entities/obligation-routes.ts:363; apps/api/src/modules/entities/obligation-routes.ts:401","","apps/api/src/pipeline/morning-round.ts:708; apps/api/src/modules/entities/obligation-routes.ts:154; apps/api/src/modules/entities/obligation-routes.ts:300; apps/api/src/modules/entities/obligation-routes.ts:363","index:entity_obligations_entity_due_idx; foreign_key:entity_obligations_entity_id_entities_id_fk; foreign_key:entity_obligations_registration_id_entity_registrations_id_fk; foreign_key:entity_obligations_assignee_id_users_id_fk; foreign_key:entity_obligations_matter_id_matters_id_fk; primary_key:entity_obligations_pkey"
"entity_obligations","entity_id","entityId","text","false","ACTIVE","Entity compliance work, recurrence, assignments and linked matters.","Current runtime query, row projection, filtering, authorization or processing reads this field; see evidence and table purpose.","packages/db/src/schema/entity-obligations.ts:16","0082_great_betty_ross","apps/api/src/pipeline/morning-round.ts:706; apps/api/src/pipeline/morning-round.ts:714; apps/api/src/modules/entities/obligation-routes.ts:109; apps/api/src/modules/entities/obligation-routes.ts:283; apps/api/src/modules/entities/obligation-routes.ts:362","apps/api/src/modules/entities/obligation-routes.ts:392","apps/api/src/pipeline/morning-round.ts:706; apps/api/src/pipeline/morning-round.ts:714; apps/api/src/modules/entities/obligation-routes.ts:109; apps/api/src/modules/entities/obligation-routes.ts:283","index:entity_obligations_entity_due_idx; foreign_key:entity_obligations_entity_id_entities_id_fk"
"entity_obligations","label","label","text","false","ACTIVE","Entity compliance work, recurrence, assignments and linked matters.","Current runtime query, row projection, filtering, authorization or processing reads this field; see evidence and table purpose.","packages/db/src/schema/entity-obligations.ts:19","0082_great_betty_ross","apps/api/src/pipeline/morning-round.ts:709; apps/api/src/modules/entities/routes.ts:224; apps/api/src/modules/home/sections/obligations.ts:79; apps/api/src/modules/entities/obligation-routes.ts:122; apps/api/src/modules/entities/obligation-routes.ts:469","apps/api/src/modules/entities/obligation-routes.ts:393","apps/api/src/pipeline/morning-round.ts:709; apps/api/src/modules/entities/routes.ts:224; apps/api/src/modules/home/sections/obligations.ts:79; apps/api/src/modules/entities/obligation-routes.ts:122",""
"entity_obligations","registration_id","registrationId","text","true","ACTIVE","Entity compliance work, recurrence, assignments and linked matters.","Current runtime query, row projection, filtering, authorization or processing reads this field; see evidence and table purpose.","packages/db/src/schema/entity-obligations.ts:22","0082_great_betty_ross","apps/api/src/modules/entities/obligation-routes.ts:110; apps/api/src/modules/entities/obligation-routes.ts:123; apps/api/src/modules/entities/obligation-routes.ts:125","apps/api/src/modules/entities/obligation-routes.ts:394","apps/api/src/modules/entities/obligation-routes.ts:110; apps/api/src/modules/entities/obligation-routes.ts:123; apps/api/src/modules/entities/obligation-routes.ts:125","index:entity_obligations_registration_idx; foreign_key:entity_obligations_registration_id_entity_registrations_id_fk"
"entity_obligations","recurrence_months","recurrenceMonths","integer","true","ACTIVE","Entity compliance work, recurrence, assignments and linked matters.","Current runtime query, row projection, filtering, authorization or processing reads this field; see evidence and table purpose.","packages/db/src/schema/entity-obligations.ts:27","0082_great_betty_ross","apps/api/src/modules/entities/obligation-routes.ts:130; apps/api/src/modules/entities/obligation-routes.ts:555; apps/api/src/modules/entities/obligation-routes.ts:562; apps/api/src/modules/entities/obligation-routes.ts:564","apps/api/src/modules/entities/obligation-routes.ts:395","apps/api/src/modules/entities/obligation-routes.ts:130; apps/api/src/modules/entities/obligation-routes.ts:555; apps/api/src/modules/entities/obligation-routes.ts:562; apps/api/src/modules/entities/obligation-routes.ts:564","check:entity_obligations_recurrence_months_check"
"entity_obligations","next_due_on","nextDueOn","date","false","ACTIVE","Entity compliance work, recurrence, assignments and linked matters.","Current runtime query, row projection, filtering, authorization or processing reads this field; see evidence and table purpose.","packages/db/src/schema/entity-obligations.ts:28","0082_great_betty_ross","apps/api/src/pipeline/morning-round.ts:710; apps/api/src/pipeline/morning-round.ts:719; apps/api/src/modules/entities/obligation-routes.ts:277; apps/api/src/modules/entities/obligation-routes.ts:290; apps/api/src/modules/entities/obligation-routes.ts:293","apps/api/src/modules/entities/obligation-routes.ts:396; apps/api/src/modules/entities/obligation-routes.ts:568","apps/api/src/pipeline/morning-round.ts:710; apps/api/src/pipeline/morning-round.ts:719; apps/api/src/modules/entities/obligation-routes.ts:277; apps/api/src/modules/entities/obligation-routes.ts:290","index:entity_obligations_entity_due_idx; index:entity_obligations_assignee_due_idx"
"entity_obligations","assignee_id","assigneeId","text","true","ACTIVE","Entity compliance work, recurrence, assignments and linked matters.","Current runtime query, row projection, filtering, authorization or processing reads this field; see evidence and table purpose.","packages/db/src/schema/entity-obligations.ts:31","0082_great_betty_ross","apps/api/src/pipeline/morning-round.ts:711; apps/api/src/modules/entities/obligation-routes.ts:111; apps/api/src/modules/entities/obligation-routes.ts:285; apps/api/src/modules/entities/obligation-routes.ts:287; apps/api/src/modules/home/sections/obligations.ts:63","apps/api/src/modules/entities/obligation-routes.ts:397","apps/api/src/pipeline/morning-round.ts:711; apps/api/src/modules/entities/obligation-routes.ts:111; apps/api/src/modules/entities/obligation-routes.ts:285; apps/api/src/modules/entities/obligation-routes.ts:287","index:entity_obligations_assignee_due_idx; foreign_key:entity_obligations_assignee_id_users_id_fk"
"entity_obligations","note","note","text","true","ACTIVE","Entity compliance work, recurrence, assignments and linked matters.","Current runtime query, row projection, filtering, authorization or processing reads this field; see evidence and table purpose.","packages/db/src/schema/entity-obligations.ts:33","0082_great_betty_ross","apps/api/src/modules/entities/obligation-routes.ts:139","apps/api/src/modules/entities/obligation-routes.ts:398","apps/api/src/modules/entities/obligation-routes.ts:139",""
"entity_obligations","matter_id","matterId","text","true","ACTIVE","Entity compliance work, recurrence, assignments and linked matters.","Current runtime query, row projection, filtering, authorization or processing reads this field; see evidence and table purpose.","packages/db/src/schema/entity-obligations.ts:35","0082_great_betty_ross","apps/api/src/modules/entities/obligation-routes.ts:112; apps/api/src/modules/entities/obligation-routes.ts:140; apps/api/src/modules/entities/obligation-routes.ts:142","apps/api/src/modules/entities/obligation-routes.ts:399","apps/api/src/modules/entities/obligation-routes.ts:112; apps/api/src/modules/entities/obligation-routes.ts:140; apps/api/src/modules/entities/obligation-routes.ts:142","index:entity_obligations_matter_idx; foreign_key:entity_obligations_matter_id_matters_id_fk"
"entity_obligations","completed_on","completedOn","date","true","ACTIVE","Entity compliance work, recurrence, assignments and linked matters.","Current runtime query, row projection, filtering, authorization or processing reads this field; see evidence and table purpose.","packages/db/src/schema/entity-obligations.ts:38","0082_great_betty_ross","apps/api/src/pipeline/morning-round.ts:717; apps/api/src/modules/entities/obligation-routes.ts:277; apps/api/src/modules/entities/obligation-routes.ts:297; apps/api/src/modules/entities/routes.ts:218; apps/api/src/modules/entities/routes.ts:227","apps/api/src/modules/entities/obligation-routes.ts:559","apps/api/src/pipeline/morning-round.ts:717; apps/api/src/modules/entities/obligation-routes.ts:277; apps/api/src/modules/entities/obligation-routes.ts:297; apps/api/src/modules/entities/routes.ts:218",""
"entity_obligations","created_at","createdAt","timestamp with time zone","false","ACTIVE","Entity compliance work, recurrence, assignments and linked matters.","Current runtime query, row projection, filtering, authorization or processing reads this field; see evidence and table purpose.","packages/db/src/schema/entity-obligations.ts:39","0082_great_betty_ross","apps/api/src/modules/entities/obligation-routes.ts:148","","apps/api/src/modules/entities/obligation-routes.ts:148",""
"entity_obligations","updated_at","updatedAt","timestamp with time zone","false","ACTIVE","Entity compliance work, recurrence, assignments and linked matters.","Current runtime query, row projection, filtering, authorization or processing reads this field; see evidence and table purpose.","packages/db/src/schema/entity-obligations.ts:40","0082_great_betty_ross","apps/api/src/modules/entities/obligation-routes.ts:149","apps/api/src/modules/entities/obligation-routes.ts:458; apps/api/src/modules/entities/obligation-routes.ts:559; apps/api/src/modules/entities/obligation-routes.ts:568","apps/api/src/modules/entities/obligation-routes.ts:149",""
"entity_officers","id","id","text","false","ACTIVE","Officer appointments, resignation dates and optional internal user link.","Current runtime query, row projection, filtering, authorization or processing reads this field; see evidence and table purpose.","packages/db/src/schema/entity-officers.ts:13","0082_great_betty_ross","apps/api/src/modules/entities/record-routes.ts:75; apps/api/src/modules/entities/record-routes.ts:82; apps/api/src/modules/entities/record-routes.ts:255; apps/api/src/modules/entities/record-routes.ts:304; apps/api/src/modules/entities/record-routes.ts:358","","apps/api/src/modules/entities/record-routes.ts:75; apps/api/src/modules/entities/record-routes.ts:82; apps/api/src/modules/entities/record-routes.ts:255; apps/api/src/modules/entities/record-routes.ts:304","foreign_key:entity_officers_entity_id_entities_id_fk; foreign_key:entity_officers_officer_role_id_officer_roles_id_fk; foreign_key:entity_officers_user_id_users_id_fk; primary_key:entity_officers_pkey"
"entity_officers","entity_id","entityId","text","false","ACTIVE","Officer appointments, resignation dates and optional internal user link.","Current runtime query, row projection, filtering, authorization or processing reads this field; see evidence and table purpose.","packages/db/src/schema/entity-officers.ts:14","0082_great_betty_ross","apps/api/src/modules/entities/record-routes.ts:83; apps/api/src/modules/entities/record-routes.ts:206; apps/api/src/modules/entities/record-routes.ts:305; apps/api/src/modules/entities/record-routes.ts:399","apps/api/src/modules/entities/record-routes.ts:248","apps/api/src/modules/entities/record-routes.ts:83; apps/api/src/modules/entities/record-routes.ts:206; apps/api/src/modules/entities/record-routes.ts:305; apps/api/src/modules/entities/record-routes.ts:399","index:entity_officers_entity_idx; foreign_key:entity_officers_entity_id_entities_id_fk"
"entity_officers","name","name","text","false","ACTIVE","Officer appointments, resignation dates and optional internal user link.","Current runtime query, row projection, filtering, authorization or processing reads this field; see evidence and table purpose.","packages/db/src/schema/entity-officers.ts:17","0082_great_betty_ross","apps/api/src/modules/entities/record-routes.ts:84; apps/api/src/modules/entities/record-routes.ts:313; apps/api/src/modules/entities/record-routes.ts:314; apps/api/src/modules/entities/record-routes.ts:315; apps/api/src/modules/entities/record-routes.ts:367","apps/api/src/modules/entities/record-routes.ts:249","apps/api/src/modules/entities/record-routes.ts:84; apps/api/src/modules/entities/record-routes.ts:313; apps/api/src/modules/entities/record-routes.ts:314; apps/api/src/modules/entities/record-routes.ts:315","index:entity_officers_entity_idx; index:entity_officers_role_idx; index:entity_officers_user_idx; foreign_key:entity_officers_entity_id_entities_id_fk; foreign_key:entity_officers_officer_role_id_officer_roles_id_fk; foreign_key:entity_officers_user_id_users_id_fk"
"entity_officers","officer_role_id","officerRoleId","text","false","ACTIVE","Officer appointments, resignation dates and optional internal user link.","Current runtime query, row projection, filtering, authorization or processing reads this field; see evidence and table purpose.","packages/db/src/schema/entity-officers.ts:18","0082_great_betty_ross","apps/api/src/modules/entities/record-routes.ts:85; apps/api/src/modules/entities/record-routes.ts:97; apps/api/src/modules/entities/record-routes.ts:395; apps/api/src/modules/officer-roles/usage.ts:10; apps/api/src/modules/officer-roles/usage.ts:12","apps/api/src/modules/entities/record-routes.ts:250; apps/api/src/modules/officer-roles/usage.ts:20","apps/api/src/modules/entities/record-routes.ts:85; apps/api/src/modules/entities/record-routes.ts:97; apps/api/src/modules/entities/record-routes.ts:395; apps/api/src/modules/officer-roles/usage.ts:10","index:entity_officers_role_idx; foreign_key:entity_officers_officer_role_id_officer_roles_id_fk"
"entity_officers","appointed_on","appointedOn","date","true","ACTIVE","Officer appointments, resignation dates and optional internal user link.","Current runtime query, row projection, filtering, authorization or processing reads this field; see evidence and table purpose.","packages/db/src/schema/entity-officers.ts:22","0082_great_betty_ross","apps/api/src/modules/entities/record-routes.ts:87; apps/api/src/modules/entities/record-routes.ts:212; apps/api/src/modules/entities/record-routes.ts:328; apps/api/src/modules/entities/record-routes.ts:330; apps/api/src/modules/entities/record-routes.ts:331","apps/api/src/modules/entities/record-routes.ts:251","apps/api/src/modules/entities/record-routes.ts:87; apps/api/src/modules/entities/record-routes.ts:212; apps/api/src/modules/entities/record-routes.ts:328; apps/api/src/modules/entities/record-routes.ts:330",""
"entity_officers","resigned_on","resignedOn","date","true","ACTIVE","Officer appointments, resignation dates and optional internal user link.","Current runtime query, row projection, filtering, authorization or processing reads this field; see evidence and table purpose.","packages/db/src/schema/entity-officers.ts:24","0082_great_betty_ross","apps/api/src/modules/entities/record-routes.ts:88; apps/api/src/modules/entities/record-routes.ts:207; apps/api/src/modules/entities/record-routes.ts:211; apps/api/src/modules/entities/record-routes.ts:335; apps/api/src/modules/entities/record-routes.ts:337","apps/api/src/modules/entities/record-routes.ts:252","apps/api/src/modules/entities/record-routes.ts:88; apps/api/src/modules/entities/record-routes.ts:207; apps/api/src/modules/entities/record-routes.ts:211; apps/api/src/modules/entities/record-routes.ts:335","index:entity_officers_entity_idx"
"entity_officers","user_id","userId","text","true","ACTIVE","Officer appointments, resignation dates and optional internal user link.","Current runtime query, row projection, filtering, authorization or processing reads this field; see evidence and table purpose.","packages/db/src/schema/entity-officers.ts:27","0082_great_betty_ross","apps/api/src/modules/entities/record-routes.ts:98; apps/api/src/modules/entities/record-routes.ts:340; apps/api/src/modules/entities/record-routes.ts:344; apps/api/src/modules/entities/record-routes.ts:346","apps/api/src/modules/entities/record-routes.ts:253","apps/api/src/modules/entities/record-routes.ts:98; apps/api/src/modules/entities/record-routes.ts:340; apps/api/src/modules/entities/record-routes.ts:344; apps/api/src/modules/entities/record-routes.ts:346","index:entity_officers_user_idx; foreign_key:entity_officers_user_id_users_id_fk"
"entity_officers","created_at","createdAt","timestamp with time zone","false","ACTIVE","Officer appointments, resignation dates and optional internal user link.","Current runtime query, row projection, filtering, authorization or processing reads this field; see evidence and table purpose.","packages/db/src/schema/entity-officers.ts:28","0082_great_betty_ross","apps/api/src/modules/entities/record-routes.ts:93; apps/api/src/modules/entities/record-routes.ts:213","","apps/api/src/modules/entities/record-routes.ts:93; apps/api/src/modules/entities/record-routes.ts:213","index:entity_officers_entity_idx"
"entity_officers","updated_at","updatedAt","timestamp with time zone","false","ACTIVE","Officer appointments, resignation dates and optional internal user link.","Current runtime query, row projection, filtering, authorization or processing reads this field; see evidence and table purpose.","packages/db/src/schema/entity-officers.ts:29","0082_great_betty_ross","apps/api/src/modules/entities/record-routes.ts:94","apps/api/src/modules/entities/record-routes.ts:357","apps/api/src/modules/entities/record-routes.ts:94",""
"entity_registrations","id","id","text","false","ACTIVE","Jurisdiction-specific registrations and agents.","Current runtime query, row projection, filtering, authorization or processing reads this field; see evidence and table purpose.","packages/db/src/schema/entity-registrations.ts:15","0082_great_betty_ross","apps/api/src/modules/entities/record-routes.ts:527; apps/api/src/modules/entities/record-routes.ts:559; apps/api/src/modules/entities/record-routes.ts:594; apps/api/src/modules/entities/record-routes.ts:601; apps/api/src/modules/entities/obligation-routes.ts:110","","apps/api/src/modules/entities/record-routes.ts:527; apps/api/src/modules/entities/record-routes.ts:559; apps/api/src/modules/entities/record-routes.ts:594; apps/api/src/modules/entities/record-routes.ts:601","foreign_key:entity_registrations_entity_id_entities_id_fk; primary_key:entity_registrations_pkey"
"entity_registrations","entity_id","entityId","text","false","ACTIVE","Jurisdiction-specific registrations and agents.","Current runtime query, row projection, filtering, authorization or processing reads this field; see evidence and table purpose.","packages/db/src/schema/entity-registrations.ts:16","0082_great_betty_ross","apps/api/src/modules/entities/record-routes.ts:443; apps/api/src/modules/entities/record-routes.ts:528; apps/api/src/modules/entities/record-routes.ts:595; apps/api/src/modules/entities/obligation-routes.ts:185","apps/api/src/modules/entities/record-routes.ts:475","apps/api/src/modules/entities/record-routes.ts:443; apps/api/src/modules/entities/record-routes.ts:528; apps/api/src/modules/entities/record-routes.ts:595; apps/api/src/modules/entities/obligation-routes.ts:185","index:entity_registrations_entity_idx; foreign_key:entity_registrations_entity_id_entities_id_fk"
"entity_registrations","jurisdiction","jurisdiction","text","false","ACTIVE","Jurisdiction-specific registrations and agents.","Current runtime query, row projection, filtering, authorization or processing reads this field; see evidence and table purpose.","packages/db/src/schema/entity-registrations.ts:19","0082_great_betty_ross","apps/api/src/modules/entities/record-routes.ts:445; apps/api/src/modules/entities/obligation-routes.ts:101; apps/api/src/modules/entities/record-routes.ts:490; apps/api/src/modules/entities/record-routes.ts:546; apps/api/src/modules/entities/record-routes.ts:548","apps/api/src/modules/entities/record-routes.ts:476","apps/api/src/modules/entities/record-routes.ts:445; apps/api/src/modules/entities/obligation-routes.ts:101; apps/api/src/modules/entities/record-routes.ts:490; apps/api/src/modules/entities/record-routes.ts:546",""
"entity_registrations","registration_number","registrationNumber","text","true","ACTIVE","Jurisdiction-specific registrations and agents.","Current runtime query, row projection, filtering, authorization or processing reads this field; see evidence and table purpose.","packages/db/src/schema/entity-registrations.ts:21","0082_great_betty_ross","apps/api/src/modules/entities/obligation-routes.ts:102; apps/api/src/modules/entities/record-routes.ts:491; apps/api/src/modules/entities/record-routes.ts:611","apps/api/src/modules/entities/record-routes.ts:477","apps/api/src/modules/entities/obligation-routes.ts:102; apps/api/src/modules/entities/record-routes.ts:491; apps/api/src/modules/entities/record-routes.ts:611",""
"entity_registrations","registered_agent","registeredAgent","text","true","ACTIVE","Jurisdiction-specific registrations and agents.","Current runtime query, row projection, filtering, authorization or processing reads this field; see evidence and table purpose.","packages/db/src/schema/entity-registrations.ts:23","0082_great_betty_ross","apps/api/src/modules/entities/record-routes.ts:492","apps/api/src/modules/entities/record-routes.ts:478","apps/api/src/modules/entities/record-routes.ts:492",""
"entity_registrations","status","status","text","false","ACTIVE","Jurisdiction-specific registrations and agents.","Current runtime query, row projection, filtering, authorization or processing reads this field; see evidence and table purpose.","packages/db/src/schema/entity-registrations.ts:24","0082_great_betty_ross","apps/api/src/modules/entities/record-routes.ts:493; apps/api/src/modules/entities/record-routes.ts:551; apps/api/src/modules/entities/record-routes.ts:552; apps/api/src/modules/entities/record-routes.ts:553","apps/api/src/modules/entities/record-routes.ts:479","apps/api/src/modules/entities/record-routes.ts:493; apps/api/src/modules/entities/record-routes.ts:551; apps/api/src/modules/entities/record-routes.ts:552; apps/api/src/modules/entities/record-routes.ts:553","check:entity_registrations_status_check"
"entity_registrations","created_at","createdAt","timestamp with time zone","false","ACTIVE","Jurisdiction-specific registrations and agents.","Current runtime query, row projection, filtering, authorization or processing reads this field; see evidence and table purpose.","packages/db/src/schema/entity-registrations.ts:25","0082_great_betty_ross","apps/api/src/modules/entities/record-routes.ts:446; apps/api/src/modules/entities/record-routes.ts:69","","apps/api/src/modules/entities/record-routes.ts:446; apps/api/src/modules/entities/record-routes.ts:69","index:entity_registrations_entity_idx"
"entity_registrations","updated_at","updatedAt","timestamp with time zone","false","ACTIVE","Jurisdiction-specific registrations and agents.","Current runtime query, row projection, filtering, authorization or processing reads this field; see evidence and table purpose.","packages/db/src/schema/entity-registrations.ts:26","0082_great_betty_ross","apps/api/src/modules/entities/record-routes.ts:70","apps/api/src/modules/entities/record-routes.ts:558","apps/api/src/modules/entities/record-routes.ts:70",""
"entity_type_fields","entity_type_id","typeId","text","false","ACTIVE_GENERIC","Entity Type field attachments, ordering and required-field validation.","Shared field-attachment routes and validation read/write the supplied join table; created_at breaks order ties.","packages/db/src/schema/entity-type-fields.ts:11","0082_great_betty_ross","","","apps/api/src/lib/custom-fields.ts:118; apps/api/src/lib/type-field-routes.ts:210","foreign_key:entity_type_fields_entity_type_id_entity_types_id_fk; primary_key:entity_type_fields_entity_type_id_field_id_pk"
"entity_type_fields","field_id","fieldId","text","false","ACTIVE_GENERIC","Entity Type field attachments, ordering and required-field validation.","Shared field-attachment routes and validation read/write the supplied join table; created_at breaks order ties.","packages/db/src/schema/helpers.ts:37","0082_great_betty_ross","","","apps/api/src/lib/custom-fields.ts:118; apps/api/src/lib/type-field-routes.ts:210","index:entity_type_fields_field_id_idx; foreign_key:entity_type_fields_field_id_fields_id_fk; primary_key:entity_type_fields_entity_type_id_field_id_pk"
"entity_type_fields","display_order","displayOrder","integer","false","ACTIVE_GENERIC","Entity Type field attachments, ordering and required-field validation.","Shared field-attachment routes and validation read/write the supplied join table; created_at breaks order ties.","packages/db/src/schema/helpers.ts:37","0082_great_betty_ross","","","apps/api/src/lib/custom-fields.ts:118; apps/api/src/lib/type-field-routes.ts:210",""
"entity_type_fields","is_required","isRequired","boolean","false","ACTIVE_GENERIC","Entity Type field attachments, ordering and required-field validation.","Shared field-attachment routes and validation read/write the supplied join table; created_at breaks order ties.","packages/db/src/schema/helpers.ts:37","0082_great_betty_ross","","","apps/api/src/lib/custom-fields.ts:118; apps/api/src/lib/type-field-routes.ts:210",""
"entity_type_fields","created_at","createdAt","timestamp with time zone","false","ACTIVE_GENERIC","Entity Type field attachments, ordering and required-field validation.","Shared field-attachment routes and validation read/write the supplied join table; created_at breaks order ties.","packages/db/src/schema/helpers.ts:37","0082_great_betty_ross","","","apps/api/src/lib/custom-fields.ts:118; apps/api/src/lib/type-field-routes.ts:210",""
"entity_types","id","id","text","false","ACTIVE","Configurable corporate Entity Types.","Current runtime query, row projection, filtering, authorization or processing reads this field; see evidence and table purpose.","packages/db/src/schema/helpers.ts:37","0014_entity_types","apps/api/src/modules/entities/holding-routes.ts:325; apps/api/src/modules/entities/routes.ts:271; apps/api/src/modules/entities/routes.ts:340; apps/api/src/modules/entities/routes.ts:451; apps/api/src/modules/entities/routes.ts:526","","apps/api/src/modules/entities/holding-routes.ts:325; apps/api/src/modules/entities/routes.ts:271; apps/api/src/modules/entities/routes.ts:340; apps/api/src/modules/entities/routes.ts:451","primary_key:entity_types_pkey"
"entity_types","slug","slug","text","false","ACTIVE","Configurable corporate Entity Types.","Current runtime query, row projection, filtering, authorization or processing reads this field; see evidence and table purpose.","packages/db/src/schema/helpers.ts:37","0014_entity_types","apps/api/src/modules/entities/routes.ts:452; apps/api/src/lib/taxonomy-routes.ts:256; apps/api/src/lib/taxonomy-routes.ts:363; apps/api/src/lib/taxonomy-routes.ts:562; apps/api/src/lib/taxonomy-routes.ts:574","","apps/api/src/modules/entities/routes.ts:452; apps/api/src/lib/taxonomy-routes.ts:256; apps/api/src/lib/taxonomy-routes.ts:363; apps/api/src/lib/taxonomy-routes.ts:562","index:entity_types_slug_unique"
"entity_types","display_name","displayName","text","false","ACTIVE","Configurable corporate Entity Types.","Current runtime query, row projection, filtering, authorization or processing reads this field; see evidence and table purpose.","packages/db/src/schema/helpers.ts:37","0014_entity_types","apps/api/src/modules/entities/holding-routes.ts:320; apps/api/src/modules/entities/routes.ts:239; apps/api/src/modules/entities/routes.ts:335; apps/api/src/modules/entities/routes.ts:453; apps/api/src/modules/entities/routes.ts:524","","apps/api/src/modules/entities/holding-routes.ts:320; apps/api/src/modules/entities/routes.ts:239; apps/api/src/modules/entities/routes.ts:335; apps/api/src/modules/entities/routes.ts:453",""
"entity_types","description","description","text","true","ACTIVE","Configurable corporate Entity Types.","Current runtime query, row projection, filtering, authorization or processing reads this field; see evidence and table purpose.","packages/db/src/schema/helpers.ts:37","0014_entity_types","apps/api/src/lib/taxonomy-routes.ts:258; apps/api/src/lib/taxonomy-routes.ts:504; apps/api/src/lib/taxonomy-routes.ts:532","","apps/api/src/lib/taxonomy-routes.ts:258; apps/api/src/lib/taxonomy-routes.ts:504; apps/api/src/lib/taxonomy-routes.ts:532",""
"entity_types","display_order","displayOrder","integer","false","ACTIVE","Configurable corporate Entity Types.","Current runtime query, row projection, filtering, authorization or processing reads this field; see evidence and table purpose.","packages/db/src/schema/helpers.ts:37","0014_entity_types","apps/api/src/modules/entities/routes.ts:457; apps/api/src/lib/taxonomy-routes.ts:259; apps/api/src/lib/taxonomy-routes.ts:619","","apps/api/src/modules/entities/routes.ts:457; apps/api/src/lib/taxonomy-routes.ts:259; apps/api/src/lib/taxonomy-routes.ts:619",""
"entity_types","is_system_default","isSystemDefault","boolean","false","REVIEW_API_ONLY","Configurable corporate Entity Types.","Seed provenance is serialized by the API. No shipped UI behavior or permission/default-selection rule consumes the flag; protected rows are identified by slug. Deprecate the response property before any removal.","packages/db/src/schema/helpers.ts:37","0014_entity_types","apps/api/src/lib/taxonomy-routes.ts:260","","apps/api/src/lib/taxonomy-routes.ts:254; apps/api/src/lib/taxonomy-routes.ts:363; apps/api/src/modules/contract-statuses/routes.ts:66; apps/api/src/modules/matter-statuses/routes.ts:48",""
"entity_types","archived_at","archivedAt","timestamp with time zone","true","ACTIVE","Configurable corporate Entity Types.","Current runtime query, row projection, filtering, authorization or processing reads this field; see evidence and table purpose.","packages/db/src/schema/helpers.ts:37","0014_entity_types","apps/api/src/modules/entities/routes.ts:456; apps/api/src/modules/entities/routes.ts:585; apps/api/src/modules/entities/routes.ts:732; apps/api/src/lib/taxonomy-routes.ts:261; apps/api/src/lib/taxonomy-routes.ts:680","","apps/api/src/modules/entities/routes.ts:456; apps/api/src/modules/entities/routes.ts:585; apps/api/src/modules/entities/routes.ts:732; apps/api/src/lib/taxonomy-routes.ts:261",""
"entity_types","created_at","createdAt","timestamp with time zone","false","ACTIVE","Configurable corporate Entity Types.","Current runtime query, row projection, filtering, authorization or processing reads this field; see evidence and table purpose.","packages/db/src/schema/helpers.ts:37","0014_entity_types","apps/api/src/modules/entities/routes.ts:457","","apps/api/src/modules/entities/routes.ts:457",""
"entity_types","updated_at","updatedAt","timestamp with time zone","false","PASSIVE_METADATA","Configurable corporate Entity Types.","Automatically refreshed by Drizzle. No application reader identified after projections and generic helpers were checked. Retained by schema timestamp convention; not proven functionally integral.","packages/db/src/schema/helpers.ts:37","0014_entity_types","","","packages/db/src/schema/helpers.ts:37; docs/decision-records/SCHEMA.md:18",""
"fields","id","id","text","false","ACTIVE","Custom-field catalog, type/options, audience tags and AI prompts.","Current runtime query, row projection, filtering, authorization or processing reads this field; see evidence and table purpose.","packages/db/src/schema/fields.ts:77","0010_fields","apps/api/src/lib/type-field-routes.ts:243; apps/api/src/lib/type-field-routes.ts:298; apps/api/src/lib/type-field-routes.ts:462; apps/api/src/lib/type-field-routes.ts:516; apps/api/src/lib/custom-fields.ts:126","","apps/api/src/lib/type-field-routes.ts:243; apps/api/src/lib/type-field-routes.ts:298; apps/api/src/lib/type-field-routes.ts:462; apps/api/src/lib/type-field-routes.ts:516","primary_key:fields_pkey"
"fields","slug","slug","text","false","ACTIVE","Custom-field catalog, type/options, audience tags and AI prompts.","Current runtime query, row projection, filtering, authorization or processing reads this field; see evidence and table purpose.","packages/db/src/schema/fields.ts:80","0010_fields","apps/api/src/lib/type-field-routes.ts:514; apps/api/src/lib/custom-fields.ts:127; apps/api/src/lib/analysis-targets.ts:39; apps/api/src/modules/entities/linked-records.ts:56; apps/api/src/modules/fields/routes.ts:320","apps/api/src/modules/fields/routes.ts:328","apps/api/src/lib/type-field-routes.ts:514; apps/api/src/lib/custom-fields.ts:127; apps/api/src/lib/analysis-targets.ts:39; apps/api/src/modules/entities/linked-records.ts:56","index:fields_slug_unique"
"fields","display_name","displayName","text","false","ACTIVE","Custom-field catalog, type/options, audience tags and AI prompts.","Current runtime query, row projection, filtering, authorization or processing reads this field; see evidence and table purpose.","packages/db/src/schema/fields.ts:81","0010_fields","apps/api/src/lib/custom-fields.ts:128; apps/api/src/modules/request-types/form-definition.ts:118; apps/api/src/lib/type-field-routes.ts:169; apps/api/src/lib/type-field-routes.ts:213; apps/api/src/lib/type-field-routes.ts:309","apps/api/src/modules/fields/routes.ts:329","apps/api/src/lib/custom-fields.ts:128; apps/api/src/modules/request-types/form-definition.ts:118; apps/api/src/lib/type-field-routes.ts:169; apps/api/src/lib/type-field-routes.ts:213",""
"fields","description","description","text","true","ACTIVE","Custom-field catalog, type/options, audience tags and AI prompts.","Current runtime query, row projection, filtering, authorization or processing reads this field; see evidence and table purpose.","packages/db/src/schema/fields.ts:84","0010_fields","apps/api/src/lib/custom-fields.ts:129; apps/api/src/modules/fields/routes.ts:94","apps/api/src/modules/fields/routes.ts:330","apps/api/src/lib/custom-fields.ts:129; apps/api/src/modules/fields/routes.ts:94",""
"fields","module_scope","moduleScope","text","false","ACTIVE","Custom-field catalog, type/options, audience tags and AI prompts.","Current runtime query, row projection, filtering, authorization or processing reads this field; see evidence and table purpose.","packages/db/src/schema/fields.ts:85","0010_fields","apps/api/src/lib/analysis-targets.ts:49; apps/api/src/modules/request-types/form-definition.ts:118; apps/api/src/modules/fields/routes.ts:267; apps/api/src/lib/type-field-routes.ts:215; apps/api/src/lib/type-field-routes.ts:305","apps/api/src/modules/fields/routes.ts:331; apps/api/src/modules/fields/routes.ts:481","apps/api/src/lib/analysis-targets.ts:49; apps/api/src/modules/request-types/form-definition.ts:118; apps/api/src/modules/fields/routes.ts:267; apps/api/src/lib/type-field-routes.ts:215","check:fields_module_scope_check"
"fields","field_type","fieldType","text","false","ACTIVE","Custom-field catalog, type/options, audience tags and AI prompts.","Current runtime query, row projection, filtering, authorization or processing reads this field; see evidence and table purpose.","packages/db/src/schema/fields.ts:86","0010_fields","apps/api/src/lib/custom-fields.ts:130; apps/api/src/lib/analysis-targets.ts:41; apps/api/src/modules/entities/linked-records.ts:55; apps/api/src/lib/type-field-routes.ts:168; apps/api/src/lib/type-field-routes.ts:214","apps/api/src/modules/fields/routes.ts:332","apps/api/src/lib/custom-fields.ts:130; apps/api/src/lib/analysis-targets.ts:41; apps/api/src/modules/entities/linked-records.ts:55; apps/api/src/lib/type-field-routes.ts:168","check:fields_field_type_check; check:fields_options_check"
"fields","options","options","jsonb","true","ACTIVE","Custom-field catalog, type/options, audience tags and AI prompts.","Current runtime query, row projection, filtering, authorization or processing reads this field; see evidence and table purpose.","packages/db/src/schema/fields.ts:89","0010_fields","apps/api/src/lib/custom-fields.ts:132; apps/api/src/lib/analysis-targets.ts:42; apps/api/src/modules/fields/routes.ts:97","apps/api/src/modules/fields/routes.ts:333","apps/api/src/lib/custom-fields.ts:132; apps/api/src/lib/analysis-targets.ts:42; apps/api/src/modules/fields/routes.ts:97","check:fields_options_check"
"fields","field_tag","fieldTag","text","false","ACTIVE","Custom-field catalog, type/options, audience tags and AI prompts.","Current runtime query, row projection, filtering, authorization or processing reads this field; see evidence and table purpose.","packages/db/src/schema/fields.ts:90","0010_fields","apps/api/src/lib/custom-fields.ts:131; apps/api/src/modules/fields/routes.ts:98; apps/api/src/modules/fields/routes.ts:393","apps/api/src/modules/fields/routes.ts:334","apps/api/src/lib/custom-fields.ts:131; apps/api/src/modules/fields/routes.ts:98; apps/api/src/modules/fields/routes.ts:393","check:fields_field_tag_check"
"fields","ai_prompt","aiPrompt","text","true","ACTIVE","Custom-field catalog, type/options, audience tags and AI prompts.","Current runtime query, row projection, filtering, authorization or processing reads this field; see evidence and table purpose.","packages/db/src/schema/fields.ts:94","0010_fields","apps/api/src/lib/analysis-targets.ts:40; apps/api/src/lib/analysis-targets.ts:51; apps/api/src/modules/fields/routes.ts:99","apps/api/src/modules/fields/routes.ts:335","apps/api/src/lib/analysis-targets.ts:40; apps/api/src/lib/analysis-targets.ts:51; apps/api/src/modules/fields/routes.ts:99",""
"fields","archived_at","archivedAt","timestamp with time zone","true","ACTIVE","Custom-field catalog, type/options, audience tags and AI prompts.","Current runtime query, row projection, filtering, authorization or processing reads this field; see evidence and table purpose.","packages/db/src/schema/fields.ts:97","0010_fields","apps/api/src/lib/type-field-routes.ts:244; apps/api/src/lib/type-field-routes.ts:463; apps/api/src/lib/custom-fields.ts:138; apps/api/src/lib/analysis-targets.ts:50; apps/api/src/modules/request-types/form-definition.ts:121","apps/api/src/modules/fields/routes.ts:518; apps/api/src/modules/fields/routes.ts:559","apps/api/src/lib/type-field-routes.ts:244; apps/api/src/lib/type-field-routes.ts:463; apps/api/src/lib/custom-fields.ts:138; apps/api/src/lib/analysis-targets.ts:50",""
"fields","created_at","createdAt","timestamp with time zone","false","ACTIVE","Custom-field catalog, type/options, audience tags and AI prompts.","Current runtime query, row projection, filtering, authorization or processing reads this field; see evidence and table purpose.","packages/db/src/schema/fields.ts:98","0010_fields","apps/api/src/modules/fields/routes.ts:276","","apps/api/src/modules/fields/routes.ts:276",""
"fields","updated_at","updatedAt","timestamp with time zone","false","PASSIVE_METADATA","Custom-field catalog, type/options, audience tags and AI prompts.","Automatically refreshed by Drizzle. No application reader identified after projections and generic helpers were checked. Retained by schema timestamp convention; not proven functionally integral.","packages/db/src/schema/fields.ts:101","0010_fields","","","packages/db/src/schema/fields.ts:101; docs/decision-records/SCHEMA.md:18",""
"intake_links","id","id","text","false","ACTIVE","Ordered portal links to URLs, knowledge or request forms.","Current runtime query, row projection, filtering, authorization or processing reads this field; see evidence and table purpose.","packages/db/src/schema/intake-links.ts:45","0059_intake_links","apps/api/src/modules/portal/routes.ts:242; apps/api/src/modules/portal/routes.ts:310; apps/api/src/modules/intake-links/routes.ts:127; apps/api/src/modules/intake-links/routes.ts:417; apps/api/src/modules/intake-links/routes.ts:476","","apps/api/src/modules/portal/routes.ts:242; apps/api/src/modules/portal/routes.ts:310; apps/api/src/modules/intake-links/routes.ts:127; apps/api/src/modules/intake-links/routes.ts:417","foreign_key:intake_links_knowledge_item_id_knowledge_items_id_fk; foreign_key:intake_links_request_type_id_request_types_id_fk; primary_key:intake_links_pkey"
"intake_links","label","label","text","false","ACTIVE","Ordered portal links to URLs, knowledge or request forms.","Current runtime query, row projection, filtering, authorization or processing reads this field; see evidence and table purpose.","packages/db/src/schema/intake-links.ts:47","0059_intake_links","apps/api/src/modules/portal/routes.ts:243; apps/api/src/modules/portal/routes.ts:311; apps/api/src/modules/intake-links/routes.ts:77; apps/api/src/modules/intake-links/routes.ts:356; apps/api/src/modules/intake-links/routes.ts:357","apps/api/src/modules/intake-links/routes.ts:297","apps/api/src/modules/portal/routes.ts:243; apps/api/src/modules/portal/routes.ts:311; apps/api/src/modules/intake-links/routes.ts:77; apps/api/src/modules/intake-links/routes.ts:356",""
"intake_links","url","url","text","true","ACTIVE","Ordered portal links to URLs, knowledge or request forms.","Current runtime query, row projection, filtering, authorization or processing reads this field; see evidence and table purpose.","packages/db/src/schema/intake-links.ts:49","0059_intake_links","apps/api/src/modules/portal/routes.ts:244; apps/api/src/modules/portal/routes.ts:312; apps/api/src/modules/intake-links/routes.ts:78; apps/api/src/modules/intake-links/routes.ts:366; apps/api/src/modules/intake-links/routes.ts:380","apps/api/src/modules/intake-links/routes.ts:297","apps/api/src/modules/portal/routes.ts:244; apps/api/src/modules/portal/routes.ts:312; apps/api/src/modules/intake-links/routes.ts:78; apps/api/src/modules/intake-links/routes.ts:366","check:intake_links_target_check"
"intake_links","knowledge_item_id","knowledgeItemId","text","true","ACTIVE","Ordered portal links to URLs, knowledge or request forms.","Current runtime query, row projection, filtering, authorization or processing reads this field; see evidence and table purpose.","packages/db/src/schema/intake-links.ts:51","0083_wide_inhumans","apps/api/src/modules/portal/routes.ts:176; apps/api/src/modules/portal/routes.ts:245; apps/api/src/modules/portal/routes.ts:249; apps/api/src/modules/portal/routes.ts:313; apps/api/src/modules/portal/routes.ts:317","apps/api/src/modules/intake-links/routes.ts:297","apps/api/src/modules/portal/routes.ts:176; apps/api/src/modules/portal/routes.ts:245; apps/api/src/modules/portal/routes.ts:249; apps/api/src/modules/portal/routes.ts:313","index:intake_links_knowledge_item_id_idx; foreign_key:intake_links_knowledge_item_id_knowledge_items_id_fk; check:intake_links_target_check"
"intake_links","request_type_id","requestTypeId","text","true","ACTIVE","Ordered portal links to URLs, knowledge or request forms.","Current runtime query, row projection, filtering, authorization or processing reads this field; see evidence and table purpose.","packages/db/src/schema/intake-links.ts:56","0059_intake_links","apps/api/src/modules/portal/routes.ts:250; apps/api/src/modules/portal/routes.ts:318; apps/api/src/modules/intake-links/routes.ts:81; apps/api/src/modules/intake-links/routes.ts:352; apps/api/src/modules/intake-links/routes.ts:393","apps/api/src/modules/intake-links/routes.ts:297","apps/api/src/modules/portal/routes.ts:250; apps/api/src/modules/portal/routes.ts:318; apps/api/src/modules/intake-links/routes.ts:81; apps/api/src/modules/intake-links/routes.ts:352","index:intake_links_request_type_id_idx; foreign_key:intake_links_request_type_id_request_types_id_fk"
"intake_links","display_order","displayOrder","integer","false","ACTIVE","Ordered portal links to URLs, knowledge or request forms.","Current runtime query, row projection, filtering, authorization or processing reads this field; see evidence and table purpose.","packages/db/src/schema/intake-links.ts:60","0059_intake_links","apps/api/src/modules/portal/routes.ts:246; apps/api/src/modules/portal/routes.ts:251; apps/api/src/modules/portal/routes.ts:314; apps/api/src/modules/portal/routes.ts:319; apps/api/src/modules/intake-links/routes.ts:117","apps/api/src/modules/intake-links/routes.ts:297; apps/api/src/modules/intake-links/routes.ts:475","apps/api/src/modules/portal/routes.ts:246; apps/api/src/modules/portal/routes.ts:251; apps/api/src/modules/portal/routes.ts:314; apps/api/src/modules/portal/routes.ts:319",""
"intake_links","created_at","createdAt","timestamp with time zone","false","ACTIVE","Ordered portal links to URLs, knowledge or request forms.","Current runtime query, row projection, filtering, authorization or processing reads this field; see evidence and table purpose.","packages/db/src/schema/intake-links.ts:61","0059_intake_links","apps/api/src/modules/portal/routes.ts:251; apps/api/src/modules/portal/routes.ts:319; apps/api/src/modules/intake-links/routes.ts:117; apps/api/src/modules/intake-links/routes.ts:452","","apps/api/src/modules/portal/routes.ts:251; apps/api/src/modules/portal/routes.ts:319; apps/api/src/modules/intake-links/routes.ts:117; apps/api/src/modules/intake-links/routes.ts:452",""
"intake_links","updated_at","updatedAt","timestamp with time zone","false","PASSIVE_METADATA","Ordered portal links to URLs, knowledge or request forms.","Automatically refreshed by Drizzle. No application reader identified after projections and generic helpers were checked. Retained by schema timestamp convention; not proven functionally integral.","packages/db/src/schema/intake-links.ts:64","0059_intake_links","","","packages/db/src/schema/intake-links.ts:64; docs/decision-records/SCHEMA.md:18",""
"knowledge_folders","id","id","text","false","ACTIVE","Knowledge-library hierarchy and presentation order.","Current runtime query, row projection, filtering, authorization or processing reads this field; see evidence and table purpose.","packages/db/src/schema/knowledge-folders.ts:23","0083_wide_inhumans","apps/api/src/modules/documents/routes.ts:1648; apps/api/src/modules/documents/routes.ts:1650; apps/api/src/modules/knowledge/routes.ts:258; apps/api/src/modules/knowledge/routes.ts:298; apps/api/src/modules/knowledge/routes.ts:300","","apps/api/src/modules/documents/routes.ts:1648; apps/api/src/modules/documents/routes.ts:1650; apps/api/src/modules/knowledge/routes.ts:258; apps/api/src/modules/knowledge/routes.ts:298","index:knowledge_folders_parent_idx; foreign_key:knowledge_folders_parent_id_knowledge_folders_id_fk; primary_key:knowledge_folders_pkey"
"knowledge_folders","parent_id","parentId","text","true","ACTIVE","Knowledge-library hierarchy and presentation order.","Current runtime query, row projection, filtering, authorization or processing reads this field; see evidence and table purpose.","packages/db/src/schema/knowledge-folders.ts:24","0083_wide_inhumans","apps/api/src/modules/knowledge/routes.ts:426; apps/api/src/modules/knowledge/routes.ts:1281","apps/api/src/modules/knowledge/routes.ts:1120; apps/api/src/modules/knowledge/routes.ts:1280","apps/api/src/modules/knowledge/routes.ts:426; apps/api/src/modules/knowledge/routes.ts:1281","index:knowledge_folders_parent_idx; index:knowledge_folders_root_name_idx; index:knowledge_folders_sibling_name_idx; foreign_key:knowledge_folders_parent_id_knowledge_folders_id_fk"
"knowledge_folders","name","name","text","false","ACTIVE","Knowledge-library hierarchy and presentation order.","Current runtime query, row projection, filtering, authorization or processing reads this field; see evidence and table purpose.","packages/db/src/schema/knowledge-folders.ts:25","0083_wide_inhumans","apps/api/src/modules/documents/routes.ts:1648; apps/api/src/modules/knowledge/routes.ts:140; apps/api/src/modules/knowledge/routes.ts:298; apps/api/src/modules/knowledge/routes.ts:358; apps/api/src/modules/knowledge/routes.ts:425","apps/api/src/modules/knowledge/routes.ts:1120","apps/api/src/modules/documents/routes.ts:1648; apps/api/src/modules/knowledge/routes.ts:140; apps/api/src/modules/knowledge/routes.ts:298; apps/api/src/modules/knowledge/routes.ts:358","index:knowledge_folders_parent_idx; index:knowledge_folders_root_name_idx; index:knowledge_folders_sibling_name_idx; foreign_key:knowledge_folders_parent_id_knowledge_folders_id_fk"
"knowledge_folders","display_order","displayOrder","integer","false","ACTIVE","Knowledge-library hierarchy and presentation order.","Current runtime query, row projection, filtering, authorization or processing reads this field; see evidence and table purpose.","packages/db/src/schema/knowledge-folders.ts:26","0083_wide_inhumans","apps/api/src/modules/knowledge/routes.ts:427; apps/api/src/modules/knowledge/routes.ts:445","apps/api/src/modules/knowledge/routes.ts:1120; apps/api/src/modules/knowledge/routes.ts:1160","apps/api/src/modules/knowledge/routes.ts:427; apps/api/src/modules/knowledge/routes.ts:445","index:knowledge_folders_parent_idx"
"knowledge_folders","created_at","createdAt","timestamp with time zone","false","ACTIVE","Knowledge-library hierarchy and presentation order.","Current runtime query, row projection, filtering, authorization or processing reads this field; see evidence and table purpose.","packages/db/src/schema/knowledge-folders.ts:27","0083_wide_inhumans","apps/api/src/modules/knowledge/routes.ts:428","","apps/api/src/modules/knowledge/routes.ts:428",""
"knowledge_folders","updated_at","updatedAt","timestamp with time zone","false","ACTIVE","Knowledge-library hierarchy and presentation order.","Current runtime query, row projection, filtering, authorization or processing reads this field; see evidence and table purpose.","packages/db/src/schema/knowledge-folders.ts:28","0083_wide_inhumans","apps/api/src/modules/knowledge/routes.ts:429","","apps/api/src/modules/knowledge/routes.ts:429",""
"knowledge_items","id","id","text","false","ACTIVE","Published/draft knowledge, audience, content, replacements and owned paper.","Current runtime query, row projection, filtering, authorization or processing reads this field; see evidence and table purpose.","packages/db/src/schema/knowledge-items.ts:21","0083_wide_inhumans","apps/api/src/pipeline/morning-round.ts:842; apps/api/src/pipeline/morning-round.ts:857; apps/api/src/modules/audit-log/routes.ts:468; apps/api/src/modules/audit-log/routes.ts:470; apps/api/src/modules/activity/routes.ts:205","apps/api/src/modules/documents/routes.ts:1660","apps/api/src/pipeline/morning-round.ts:842; apps/api/src/pipeline/morning-round.ts:857; apps/api/src/modules/audit-log/routes.ts:468; apps/api/src/modules/audit-log/routes.ts:470","index:knowledge_items_folder_idx; foreign_key:knowledge_items_knowledge_type_id_knowledge_types_id_fk; foreign_key:knowledge_items_folder_id_knowledge_folders_id_fk; foreign_key:knowledge_items_primary_document_id_documents_id_fk; foreign_key:knowledge_items_replaced_by_id_knowledge_items_id_fk; foreign_key:knowledge_items_created_by_users_id_fk; foreign_key:knowledge_items_updated_by_users_id_fk; primary_key:knowledge_items_pkey"
"knowledge_items","title","title","text","false","ACTIVE","Published/draft knowledge, audience, content, replacements and owned paper.","Current runtime query, row projection, filtering, authorization or processing reads this field; see evidence and table purpose.","packages/db/src/schema/knowledge-items.ts:22","0083_wide_inhumans","apps/api/src/pipeline/morning-round.ts:843; apps/api/src/modules/audit-log/routes.ts:468; apps/api/src/modules/portal/routes.ts:125; apps/api/src/modules/documents/owner.ts:74; apps/api/src/modules/documents/routes.ts:1042","apps/api/src/modules/documents/routes.ts:1661; apps/api/src/modules/knowledge/routes.ts:699","apps/api/src/pipeline/morning-round.ts:843; apps/api/src/modules/audit-log/routes.ts:468; apps/api/src/modules/portal/routes.ts:125; apps/api/src/modules/documents/owner.ts:74","generated:search_vector"
"knowledge_items","knowledge_type_id","knowledgeTypeId","text","false","ACTIVE","Published/draft knowledge, audience, content, replacements and owned paper.","Current runtime query, row projection, filtering, authorization or processing reads this field; see evidence and table purpose.","packages/db/src/schema/knowledge-items.ts:23","0083_wide_inhumans","apps/api/src/modules/knowledge/routes.ts:257; apps/api/src/modules/knowledge/routes.ts:318; apps/api/src/modules/knowledge-types/usage.ts:11; apps/api/src/modules/knowledge-types/usage.ts:13; apps/api/src/modules/knowledge-types/usage.ts:14","apps/api/src/modules/documents/routes.ts:1662; apps/api/src/modules/knowledge/routes.ts:700; apps/api/src/modules/knowledge-types/usage.ts:21","apps/api/src/modules/knowledge/routes.ts:257; apps/api/src/modules/knowledge/routes.ts:318; apps/api/src/modules/knowledge-types/usage.ts:11; apps/api/src/modules/knowledge-types/usage.ts:13","index:knowledge_items_type_idx; foreign_key:knowledge_items_knowledge_type_id_knowledge_types_id_fk"
"knowledge_items","body","body","text","true","ACTIVE","Published/draft knowledge, audience, content, replacements and owned paper.","Current runtime query, row projection, filtering, authorization or processing reads this field; see evidence and table purpose.","packages/db/src/schema/knowledge-items.ts:27","0083_wide_inhumans","apps/api/src/modules/portal/routes.ts:126; apps/api/src/modules/knowledge/routes.ts:247; apps/api/src/modules/knowledge/routes.ts:801; apps/api/src/modules/knowledge/routes.ts:802; apps/api/src/modules/knowledge/routes.ts:804","","apps/api/src/modules/portal/routes.ts:126; apps/api/src/modules/knowledge/routes.ts:247; apps/api/src/modules/knowledge/routes.ts:801; apps/api/src/modules/knowledge/routes.ts:802","generated:search_vector"
"knowledge_items","folder_id","folderId","text","true","ACTIVE","Published/draft knowledge, audience, content, replacements and owned paper.","Current runtime query, row projection, filtering, authorization or processing reads this field; see evidence and table purpose.","packages/db/src/schema/knowledge-items.ts:28","0083_wide_inhumans","apps/api/src/modules/knowledge/routes.ts:258; apps/api/src/modules/knowledge/routes.ts:337; apps/api/src/modules/knowledge/routes.ts:1277; apps/api/src/modules/knowledge/routes.ts:1285; apps/api/src/modules/knowledge/routes.ts:200","apps/api/src/modules/documents/routes.ts:1663; apps/api/src/modules/knowledge/routes.ts:701; apps/api/src/modules/knowledge/routes.ts:1284","apps/api/src/modules/knowledge/routes.ts:258; apps/api/src/modules/knowledge/routes.ts:337; apps/api/src/modules/knowledge/routes.ts:1277; apps/api/src/modules/knowledge/routes.ts:1285","index:knowledge_items_folder_idx; foreign_key:knowledge_items_folder_id_knowledge_folders_id_fk"
"knowledge_items","state","state","text","false","ACTIVE","Published/draft knowledge, audience, content, replacements and owned paper.","Current runtime query, row projection, filtering, authorization or processing reads this field; see evidence and table purpose.","packages/db/src/schema/knowledge-items.ts:29","0083_wide_inhumans","apps/api/src/pipeline/morning-round.ts:849; apps/api/src/modules/portal/routes.ts:133; apps/api/src/modules/portal/routes.ts:178; apps/api/src/modules/knowledge/routes.ts:319; apps/api/src/modules/knowledge/routes.ts:356","apps/api/src/modules/knowledge/routes.ts:952; apps/api/src/modules/knowledge/routes.ts:990","apps/api/src/pipeline/morning-round.ts:849; apps/api/src/modules/portal/routes.ts:133; apps/api/src/modules/portal/routes.ts:178; apps/api/src/modules/knowledge/routes.ts:319","check:knowledge_items_state_check"
"knowledge_items","audience","audience","text","false","ACTIVE","Published/draft knowledge, audience, content, replacements and owned paper.","Current runtime query, row projection, filtering, authorization or processing reads this field; see evidence and table purpose.","packages/db/src/schema/knowledge-items.ts:30","0083_wide_inhumans","apps/api/src/modules/portal/routes.ts:134; apps/api/src/modules/portal/routes.ts:179; apps/api/src/modules/knowledge/routes.ts:320; apps/api/src/modules/knowledge/routes.ts:357; apps/api/src/modules/intake-links/routes.ts:182","","apps/api/src/modules/portal/routes.ts:134; apps/api/src/modules/portal/routes.ts:179; apps/api/src/modules/knowledge/routes.ts:320; apps/api/src/modules/knowledge/routes.ts:357","check:knowledge_items_audience_check"
"knowledge_items","primary_document_id","primaryDocumentId","text","true","ACTIVE","Published/draft knowledge, audience, content, replacements and owned paper.","Current runtime query, row projection, filtering, authorization or processing reads this field; see evidence and table purpose.","packages/db/src/schema/knowledge-items.ts:32","0083_wide_inhumans","apps/api/src/modules/portal/routes.ts:127; apps/api/src/modules/documents/routes.ts:1030; apps/api/src/modules/documents/routes.ts:1776; apps/api/src/modules/documents/routes.ts:2330; apps/api/src/modules/knowledge/routes.ts:262","apps/api/src/modules/documents/routes.ts:1682; apps/api/src/modules/documents/routes.ts:2366; apps/api/src/modules/documents/routes.ts:3199","apps/api/src/modules/portal/routes.ts:127; apps/api/src/modules/documents/routes.ts:1030; apps/api/src/modules/documents/routes.ts:1776; apps/api/src/modules/documents/routes.ts:2330","index:knowledge_items_primary_document_idx; foreign_key:knowledge_items_primary_document_id_documents_id_fk"
"knowledge_items","replaced_by_id","replacedById","text","true","ACTIVE","Published/draft knowledge, audience, content, replacements and owned paper.","Current runtime query, row projection, filtering, authorization or processing reads this field; see evidence and table purpose.","packages/db/src/schema/knowledge-items.ts:36","0083_wide_inhumans","apps/api/src/modules/knowledge/routes.ts:261; apps/api/src/modules/knowledge/routes.ts:817; apps/api/src/modules/knowledge/routes.ts:839; apps/api/src/modules/knowledge/routes.ts:843; apps/api/src/modules/knowledge/routes.ts:846","apps/api/src/modules/knowledge/routes.ts:1031","apps/api/src/modules/knowledge/routes.ts:261; apps/api/src/modules/knowledge/routes.ts:817; apps/api/src/modules/knowledge/routes.ts:839; apps/api/src/modules/knowledge/routes.ts:843","index:knowledge_items_replaced_by_idx; foreign_key:knowledge_items_replaced_by_id_knowledge_items_id_fk"
"knowledge_items","published_at","publishedAt","timestamp with time zone","true","ACTIVE","Published/draft knowledge, audience, content, replacements and owned paper.","Current runtime query, row projection, filtering, authorization or processing reads this field; see evidence and table purpose.","packages/db/src/schema/knowledge-items.ts:39","0083_wide_inhumans","apps/api/src/pipeline/morning-round.ts:844; apps/api/src/pipeline/morning-round.ts:851; apps/api/src/pipeline/morning-round.ts:853; apps/api/src/pipeline/morning-round.ts:854; apps/api/src/pipeline/morning-round.ts:857","apps/api/src/modules/knowledge/routes.ts:952; apps/api/src/modules/knowledge/routes.ts:990","apps/api/src/pipeline/morning-round.ts:844; apps/api/src/pipeline/morning-round.ts:851; apps/api/src/pipeline/morning-round.ts:853; apps/api/src/pipeline/morning-round.ts:854",""
"knowledge_items","created_by","createdBy","text","false","ACTIVE","Published/draft knowledge, audience, content, replacements and owned paper.","Current runtime query, row projection, filtering, authorization or processing reads this field; see evidence and table purpose.","packages/db/src/schema/knowledge-items.ts:40","0083_wide_inhumans","apps/api/src/pipeline/morning-round.ts:852; apps/api/src/modules/knowledge/routes.ts:259; apps/api/src/modules/knowledge/routes.ts:321; apps/api/src/modules/knowledge/routes.ts:660","apps/api/src/modules/documents/routes.ts:1664; apps/api/src/modules/knowledge/routes.ts:702","apps/api/src/pipeline/morning-round.ts:852; apps/api/src/modules/knowledge/routes.ts:259; apps/api/src/modules/knowledge/routes.ts:321; apps/api/src/modules/knowledge/routes.ts:660","index:knowledge_items_created_by_idx; foreign_key:knowledge_items_created_by_users_id_fk"
"knowledge_items","updated_by","updatedBy","text","false","ACTIVE","Published/draft knowledge, audience, content, replacements and owned paper.","Current runtime query, row projection, filtering, authorization or processing reads this field; see evidence and table purpose.","packages/db/src/schema/knowledge-items.ts:43","0083_wide_inhumans","apps/api/src/modules/knowledge/routes.ts:260; apps/api/src/modules/knowledge/routes.ts:887","apps/api/src/modules/documents/routes.ts:1665; apps/api/src/modules/documents/routes.ts:2366; apps/api/src/modules/documents/routes.ts:3199; apps/api/src/modules/knowledge/routes.ts:703","apps/api/src/modules/knowledge/routes.ts:260; apps/api/src/modules/knowledge/routes.ts:887","foreign_key:knowledge_items_updated_by_users_id_fk"
"knowledge_items","created_at","createdAt","timestamp with time zone","false","ACTIVE","Published/draft knowledge, audience, content, replacements and owned paper.","Current runtime query, row projection, filtering, authorization or processing reads this field; see evidence and table purpose.","packages/db/src/schema/knowledge-items.ts:46","0083_wide_inhumans","apps/api/src/modules/knowledge/routes.ts:360; apps/api/src/modules/knowledge/routes.ts:241; apps/api/src/modules/knowledge/routes.ts:388","","apps/api/src/modules/knowledge/routes.ts:360; apps/api/src/modules/knowledge/routes.ts:241; apps/api/src/modules/knowledge/routes.ts:388","index:knowledge_items_folder_idx"
"knowledge_items","updated_at","updatedAt","timestamp with time zone","false","ACTIVE","Published/draft knowledge, audience, content, replacements and owned paper.","Current runtime query, row projection, filtering, authorization or processing reads this field; see evidence and table purpose.","packages/db/src/schema/knowledge-items.ts:47","0083_wide_inhumans","apps/api/src/modules/knowledge/routes.ts:361; apps/api/src/modules/knowledge/routes.ts:242; apps/api/src/modules/knowledge/routes.ts:390","","apps/api/src/modules/knowledge/routes.ts:361; apps/api/src/modules/knowledge/routes.ts:242; apps/api/src/modules/knowledge/routes.ts:390",""
"knowledge_items","archived_at","archivedAt","timestamp with time zone","true","ACTIVE","Published/draft knowledge, audience, content, replacements and owned paper.","Current runtime query, row projection, filtering, authorization or processing reads this field; see evidence and table purpose.","packages/db/src/schema/knowledge-items.ts:51","0083_wide_inhumans","apps/api/src/lib/document-access.ts:64; apps/api/src/pipeline/morning-round.ts:850; apps/api/src/modules/portal/routes.ts:135; apps/api/src/modules/portal/routes.ts:180; apps/api/src/modules/documents/routes.ts:1026","apps/api/src/modules/knowledge/routes.ts:1030; apps/api/src/modules/knowledge/routes.ts:1069","apps/api/src/lib/document-access.ts:64; apps/api/src/pipeline/morning-round.ts:850; apps/api/src/modules/portal/routes.ts:135; apps/api/src/modules/portal/routes.ts:180",""
"knowledge_items","search_vector","searchVector","tsvector","true","GENERATED_SEARCH","Published/draft knowledge, audience, content, replacements and owned paper.","PostgreSQL maintains a stored search vector consumed by search queries and its GIN index.","packages/db/src/schema/knowledge-items.ts:52","0083_wide_inhumans","apps/api/src/modules/search/routes.ts:402","","apps/api/src/modules/search/routes.ts:402","index:knowledge_items_search_vector_idx"
"knowledge_types","id","id","text","false","ACTIVE","Configurable knowledge classifications.","Current runtime query, row projection, filtering, authorization or processing reads this field; see evidence and table purpose.","packages/db/src/schema/helpers.ts:37","0083_wide_inhumans","apps/api/src/modules/documents/routes.ts:1623; apps/api/src/modules/documents/routes.ts:1625; apps/api/src/modules/knowledge/routes.ts:257; apps/api/src/modules/knowledge/routes.ts:280; apps/api/src/modules/knowledge/routes.ts:287","","apps/api/src/modules/documents/routes.ts:1623; apps/api/src/modules/documents/routes.ts:1625; apps/api/src/modules/knowledge/routes.ts:257; apps/api/src/modules/knowledge/routes.ts:280","primary_key:knowledge_types_pkey"
"knowledge_types","slug","slug","text","false","ACTIVE","Configurable knowledge classifications.","Current runtime query, row projection, filtering, authorization or processing reads this field; see evidence and table purpose.","packages/db/src/schema/helpers.ts:37","0083_wide_inhumans","apps/api/src/modules/knowledge-types/routes.ts:58; apps/api/src/lib/taxonomy-routes.ts:256; apps/api/src/lib/taxonomy-routes.ts:363; apps/api/src/lib/taxonomy-routes.ts:562; apps/api/src/lib/taxonomy-routes.ts:574","","apps/api/src/modules/knowledge-types/routes.ts:58; apps/api/src/lib/taxonomy-routes.ts:256; apps/api/src/lib/taxonomy-routes.ts:363; apps/api/src/lib/taxonomy-routes.ts:562","index:knowledge_types_slug_unique"
"knowledge_types","display_name","displayName","text","false","ACTIVE","Configurable knowledge classifications.","Current runtime query, row projection, filtering, authorization or processing reads this field; see evidence and table purpose.","packages/db/src/schema/helpers.ts:37","0083_wide_inhumans","apps/api/src/modules/documents/routes.ts:1623; apps/api/src/modules/knowledge/routes.ts:139; apps/api/src/modules/knowledge/routes.ts:278; apps/api/src/modules/knowledge/routes.ts:287; apps/api/src/modules/knowledge/routes.ts:355","","apps/api/src/modules/documents/routes.ts:1623; apps/api/src/modules/knowledge/routes.ts:139; apps/api/src/modules/knowledge/routes.ts:278; apps/api/src/modules/knowledge/routes.ts:287",""
"knowledge_types","description","description","text","true","ACTIVE","Configurable knowledge classifications.","Current runtime query, row projection, filtering, authorization or processing reads this field; see evidence and table purpose.","packages/db/src/schema/helpers.ts:37","0083_wide_inhumans","apps/api/src/lib/taxonomy-routes.ts:258; apps/api/src/lib/taxonomy-routes.ts:504; apps/api/src/lib/taxonomy-routes.ts:532","","apps/api/src/lib/taxonomy-routes.ts:258; apps/api/src/lib/taxonomy-routes.ts:504; apps/api/src/lib/taxonomy-routes.ts:532",""
"knowledge_types","display_order","displayOrder","integer","false","ACTIVE","Configurable knowledge classifications.","Current runtime query, row projection, filtering, authorization or processing reads this field; see evidence and table purpose.","packages/db/src/schema/helpers.ts:37","0083_wide_inhumans","apps/api/src/modules/knowledge-types/routes.ts:63; apps/api/src/lib/taxonomy-routes.ts:259; apps/api/src/lib/taxonomy-routes.ts:619","","apps/api/src/modules/knowledge-types/routes.ts:63; apps/api/src/lib/taxonomy-routes.ts:259; apps/api/src/lib/taxonomy-routes.ts:619",""
"knowledge_types","is_system_default","isSystemDefault","boolean","false","REVIEW_API_ONLY","Configurable knowledge classifications.","Seed provenance is serialized by the API. No shipped UI behavior or permission/default-selection rule consumes the flag; protected rows are identified by slug. Deprecate the response property before any removal.","packages/db/src/schema/helpers.ts:37","0083_wide_inhumans","apps/api/src/lib/taxonomy-routes.ts:260","","apps/api/src/lib/taxonomy-routes.ts:254; apps/api/src/lib/taxonomy-routes.ts:363; apps/api/src/modules/contract-statuses/routes.ts:66; apps/api/src/modules/matter-statuses/routes.ts:48",""
"knowledge_types","archived_at","archivedAt","timestamp with time zone","true","ACTIVE","Configurable knowledge classifications.","Current runtime query, row projection, filtering, authorization or processing reads this field; see evidence and table purpose.","packages/db/src/schema/helpers.ts:37","0083_wide_inhumans","apps/api/src/modules/documents/routes.ts:1625; apps/api/src/modules/knowledge/routes.ts:289; apps/api/src/modules/knowledge-types/routes.ts:62; apps/api/src/lib/taxonomy-routes.ts:261; apps/api/src/lib/taxonomy-routes.ts:680","","apps/api/src/modules/documents/routes.ts:1625; apps/api/src/modules/knowledge/routes.ts:289; apps/api/src/modules/knowledge-types/routes.ts:62; apps/api/src/lib/taxonomy-routes.ts:261",""
"knowledge_types","created_at","createdAt","timestamp with time zone","false","ACTIVE","Configurable knowledge classifications.","Current runtime query, row projection, filtering, authorization or processing reads this field; see evidence and table purpose.","packages/db/src/schema/helpers.ts:37","0083_wide_inhumans","apps/api/src/modules/knowledge-types/routes.ts:63","","apps/api/src/modules/knowledge-types/routes.ts:63",""
"knowledge_types","updated_at","updatedAt","timestamp with time zone","false","PASSIVE_METADATA","Configurable knowledge classifications.","Automatically refreshed by Drizzle. No application reader identified after projections and generic helpers were checked. Retained by schema timestamp convention; not proven functionally integral.","packages/db/src/schema/helpers.ts:37","0083_wide_inhumans","","","packages/db/src/schema/helpers.ts:37; docs/decision-records/SCHEMA.md:18",""
"list_views","id","id","text","false","ACTIVE","Saved per-user list configurations and default view selection.","Current runtime query, row projection, filtering, authorization or processing reads this field; see evidence and table purpose.","packages/db/src/schema/list-views.ts:44","0051_list_views","apps/api/src/modules/list-views/routes.ts:126; apps/api/src/modules/list-views/routes.ts:164; apps/api/src/modules/list-views/routes.ts:192; apps/api/src/modules/list-views/routes.ts:263; apps/api/src/modules/list-views/routes.ts:317","","apps/api/src/modules/list-views/routes.ts:126; apps/api/src/modules/list-views/routes.ts:164; apps/api/src/modules/list-views/routes.ts:192; apps/api/src/modules/list-views/routes.ts:263","foreign_key:list_views_user_id_users_id_fk; primary_key:list_views_pkey"
"list_views","user_id","userId","text","false","ACTIVE","Saved per-user list configurations and default view selection.","Current runtime query, row projection, filtering, authorization or processing reads this field; see evidence and table purpose.","packages/db/src/schema/list-views.ts:50","0051_list_views","apps/api/src/modules/list-views/routes.ts:142; apps/api/src/modules/list-views/routes.ts:162; apps/api/src/modules/list-views/routes.ts:164; apps/api/src/modules/list-views/routes.ts:187; apps/api/src/modules/list-views/routes.ts:257","apps/api/src/modules/list-views/routes.ts:262","apps/api/src/modules/list-views/routes.ts:142; apps/api/src/modules/list-views/routes.ts:162; apps/api/src/modules/list-views/routes.ts:164; apps/api/src/modules/list-views/routes.ts:187","index:list_views_name_idx; index:list_views_default_idx; foreign_key:list_views_user_id_users_id_fk"
"list_views","surface","surface","text","false","ACTIVE","Saved per-user list configurations and default view selection.","Current runtime query, row projection, filtering, authorization or processing reads this field; see evidence and table purpose.","packages/db/src/schema/list-views.ts:58","0051_list_views","apps/api/src/modules/list-views/routes.ts:127; apps/api/src/modules/list-views/routes.ts:142; apps/api/src/modules/list-views/routes.ts:188; apps/api/src/modules/list-views/routes.ts:257","apps/api/src/modules/list-views/routes.ts:262","apps/api/src/modules/list-views/routes.ts:127; apps/api/src/modules/list-views/routes.ts:142; apps/api/src/modules/list-views/routes.ts:188; apps/api/src/modules/list-views/routes.ts:257","index:list_views_name_idx; index:list_views_default_idx; check:list_views_surface_check"
"list_views","name","name","text","false","ACTIVE","Saved per-user list configurations and default view selection.","Current runtime query, row projection, filtering, authorization or processing reads this field; see evidence and table purpose.","packages/db/src/schema/list-views.ts:60","0051_list_views","apps/api/src/modules/list-views/routes.ts:128; apps/api/src/modules/list-views/routes.ts:143","apps/api/src/modules/list-views/routes.ts:262","apps/api/src/modules/list-views/routes.ts:128; apps/api/src/modules/list-views/routes.ts:143","index:list_views_name_idx; index:list_views_default_idx; foreign_key:list_views_user_id_users_id_fk; check:list_views_name_check; check:list_views_surface_check"
"list_views","config","config","jsonb","false","ACTIVE","Saved per-user list configurations and default view selection.","Current runtime query, row projection, filtering, authorization or processing reads this field; see evidence and table purpose.","packages/db/src/schema/list-views.ts:66","0051_list_views","apps/api/src/modules/list-views/routes.ts:129","apps/api/src/modules/list-views/routes.ts:262","apps/api/src/modules/list-views/routes.ts:129",""
"list_views","is_default","isDefault","boolean","false","ACTIVE","Saved per-user list configurations and default view selection.","Current runtime query, row projection, filtering, authorization or processing reads this field; see evidence and table purpose.","packages/db/src/schema/list-views.ts:73","0051_list_views","apps/api/src/modules/list-views/routes.ts:130; apps/api/src/modules/list-views/routes.ts:189","apps/api/src/modules/list-views/routes.ts:184; apps/api/src/modules/list-views/routes.ts:192; apps/api/src/modules/list-views/routes.ts:324","apps/api/src/modules/list-views/routes.ts:130; apps/api/src/modules/list-views/routes.ts:189","index:list_views_default_idx"
"list_views","created_at","createdAt","timestamp with time zone","false","PASSIVE_METADATA","Saved per-user list configurations and default view selection.","Stamped on insertion. No application reader identified after projections and generic helpers were checked. Retained by schema timestamp convention; not proven functionally integral.","packages/db/src/schema/list-views.ts:74","0051_list_views","","","packages/db/src/schema/list-views.ts:74; docs/decision-records/SCHEMA.md:18",""
"list_views","updated_at","updatedAt","timestamp with time zone","false","PASSIVE_METADATA","Saved per-user list configurations and default view selection.","Automatically refreshed by Drizzle. No application reader identified after projections and generic helpers were checked. Retained by schema timestamp convention; not proven functionally integral.","packages/db/src/schema/list-views.ts:75","0051_list_views","","","packages/db/src/schema/list-views.ts:75; docs/decision-records/SCHEMA.md:18",""
"matter_key_dates","id","id","text","false","ACTIVE","Named matter dates and per-date reminders.","Current runtime query, row projection, filtering, authorization or processing reads this field; see evidence and table purpose.","packages/db/src/schema/matter-key-dates.ts:12","0073_shocking_raider","apps/api/src/lib/key-date-reminders.ts:145; apps/api/src/lib/key-date-reminders.ts:150; apps/api/src/pipeline/morning-round.ts:678; apps/api/src/modules/home/sections/dates.ts:212; apps/api/src/modules/home/sections/dates.ts:216","","apps/api/src/lib/key-date-reminders.ts:145; apps/api/src/lib/key-date-reminders.ts:150; apps/api/src/pipeline/morning-round.ts:678; apps/api/src/modules/home/sections/dates.ts:212","foreign_key:matter_key_dates_matter_id_matters_id_fk; primary_key:matter_key_dates_pkey"
"matter_key_dates","matter_id","matterId","text","false","ACTIVE","Named matter dates and per-date reminders.","Current runtime query, row projection, filtering, authorization or processing reads this field; see evidence and table purpose.","packages/db/src/schema/matter-key-dates.ts:13","0073_shocking_raider","apps/api/src/lib/key-date-reminders.ts:146; apps/api/src/lib/next-deadline.ts:33; apps/api/src/pipeline/morning-round.ts:676; apps/api/src/pipeline/morning-round.ts:683; apps/api/src/modules/home/sections/dates.ts:224","apps/api/src/modules/matter-key-dates/routes.ts:243; apps/api/src/modules/matters/create.ts:224; apps/api/src/modules/requests/convert.ts:588","apps/api/src/lib/key-date-reminders.ts:146; apps/api/src/lib/next-deadline.ts:33; apps/api/src/pipeline/morning-round.ts:676; apps/api/src/pipeline/morning-round.ts:683","index:matter_key_dates_matter_date_idx; foreign_key:matter_key_dates_matter_id_matters_id_fk"
"matter_key_dates","date","date","date","false","ACTIVE","Named matter dates and per-date reminders.","Current runtime query, row projection, filtering, authorization or processing reads this field; see evidence and table purpose.","packages/db/src/schema/matter-key-dates.ts:16","0073_shocking_raider","apps/api/src/pipeline/morning-round.ts:677; apps/api/src/pipeline/morning-round.ts:689; apps/api/src/modules/home/sections/dates.ts:213; apps/api/src/modules/home/sections/dates.ts:226; apps/api/src/modules/matter-key-dates/routes.ts:101","apps/api/src/modules/matter-key-dates/routes.ts:244; apps/api/src/modules/matters/create.ts:225; apps/api/src/modules/requests/convert.ts:588","apps/api/src/pipeline/morning-round.ts:677; apps/api/src/pipeline/morning-round.ts:689; apps/api/src/modules/home/sections/dates.ts:213; apps/api/src/modules/home/sections/dates.ts:226","index:matter_key_dates_matter_date_idx"
"matter_key_dates","label","label","text","false","ACTIVE","Named matter dates and per-date reminders.","Current runtime query, row projection, filtering, authorization or processing reads this field; see evidence and table purpose.","packages/db/src/schema/matter-key-dates.ts:17","0073_shocking_raider","apps/api/src/pipeline/morning-round.ts:679; apps/api/src/modules/home/sections/dates.ts:214; apps/api/src/modules/matter-key-dates/routes.ts:102; apps/api/src/modules/matter-key-dates/routes.ts:141","apps/api/src/modules/matter-key-dates/routes.ts:245; apps/api/src/modules/matters/create.ts:226; apps/api/src/modules/requests/convert.ts:588","apps/api/src/pipeline/morning-round.ts:679; apps/api/src/modules/home/sections/dates.ts:214; apps/api/src/modules/matter-key-dates/routes.ts:102; apps/api/src/modules/matter-key-dates/routes.ts:141","check:matter_key_dates_label_check"
"matter_key_dates","note","note","text","true","ACTIVE","Named matter dates and per-date reminders.","Current runtime query, row projection, filtering, authorization or processing reads this field; see evidence and table purpose.","packages/db/src/schema/matter-key-dates.ts:18","0073_shocking_raider","apps/api/src/modules/matter-key-dates/routes.ts:103; apps/api/src/modules/matter-key-dates/routes.ts:142","apps/api/src/modules/matter-key-dates/routes.ts:246; apps/api/src/modules/matters/create.ts:227","apps/api/src/modules/matter-key-dates/routes.ts:103; apps/api/src/modules/matter-key-dates/routes.ts:142","check:matter_key_dates_note_check"
"matter_key_dates","reminder_offset_days","reminderOffsetDays","jsonb","false","ACTIVE","Named matter dates and per-date reminders.","Current runtime query, row projection, filtering, authorization or processing reads this field; see evidence and table purpose.","packages/db/src/schema/matter-key-dates.ts:19","0101_key_date_reminders","apps/api/src/pipeline/morning-round.ts:689; apps/api/src/modules/matter-key-dates/routes.ts:104; apps/api/src/modules/matter-key-dates/routes.ts:143","apps/api/src/modules/matter-key-dates/routes.ts:247","apps/api/src/pipeline/morning-round.ts:689; apps/api/src/modules/matter-key-dates/routes.ts:104; apps/api/src/modules/matter-key-dates/routes.ts:143","check:matter_key_dates_reminder_offsets_check"
"matter_key_dates","reminder_recipient_ids","reminderRecipientIds","jsonb","false","ACTIVE","Named matter dates and per-date reminders.","Current runtime query, row projection, filtering, authorization or processing reads this field; see evidence and table purpose.","packages/db/src/schema/matter-key-dates.ts:20","0101_key_date_reminders","apps/api/src/lib/key-date-reminders.ts:147; apps/api/src/pipeline/morning-round.ts:680; apps/api/src/modules/matter-key-dates/routes.ts:105; apps/api/src/modules/matter-key-dates/routes.ts:144","apps/api/src/modules/matter-key-dates/routes.ts:248","apps/api/src/lib/key-date-reminders.ts:147; apps/api/src/pipeline/morning-round.ts:680; apps/api/src/modules/matter-key-dates/routes.ts:105; apps/api/src/modules/matter-key-dates/routes.ts:144","check:matter_key_dates_reminder_recipients_check"
"matter_key_dates","created_at","createdAt","timestamp with time zone","false","PASSIVE_METADATA","Named matter dates and per-date reminders.","Stamped on insertion. No application reader identified after projections and generic helpers were checked. Retained by schema timestamp convention; not proven functionally integral.","packages/db/src/schema/matter-key-dates.ts:21","0073_shocking_raider","","","packages/db/src/schema/matter-key-dates.ts:21; docs/decision-records/SCHEMA.md:18",""
"matter_key_dates","updated_at","updatedAt","timestamp with time zone","false","PASSIVE_METADATA","Named matter dates and per-date reminders.","Automatically refreshed by Drizzle. No application reader identified after projections and generic helpers were checked. Retained by schema timestamp convention; not proven functionally integral.","packages/db/src/schema/matter-key-dates.ts:22","0073_shocking_raider","","","packages/db/src/schema/matter-key-dates.ts:22; docs/decision-records/SCHEMA.md:18",""
"matter_relations","matter_a_id","matterAId","text","false","ACTIVE","Canonical undirected links between matters.","Current runtime query, row projection, filtering, authorization or processing reads this field; see evidence and table purpose.","packages/db/src/schema/matter-relations.ts:12","0075_watery_war_machine","apps/api/src/lib/matter-relations.ts:88; apps/api/src/lib/matter-relations.ts:107; apps/api/src/modules/matter-relations/routes.ts:126; apps/api/src/modules/matter-relations/routes.ts:130; apps/api/src/modules/matter-relations/routes.ts:131","apps/api/src/lib/matter-relations.ts:95","apps/api/src/lib/matter-relations.ts:88; apps/api/src/lib/matter-relations.ts:107; apps/api/src/modules/matter-relations/routes.ts:126; apps/api/src/modules/matter-relations/routes.ts:130","foreign_key:matter_relations_matter_a_id_matters_id_fk; primary_key:matter_relations_pkey; check:matter_relations_canonical_check"
"matter_relations","matter_b_id","matterBId","text","false","ACTIVE","Canonical undirected links between matters.","Current runtime query, row projection, filtering, authorization or processing reads this field; see evidence and table purpose.","packages/db/src/schema/matter-relations.ts:15","0075_watery_war_machine","apps/api/src/lib/matter-relations.ts:88; apps/api/src/lib/matter-relations.ts:107; apps/api/src/modules/matter-relations/routes.ts:127; apps/api/src/modules/matter-relations/routes.ts:130","apps/api/src/lib/matter-relations.ts:95","apps/api/src/lib/matter-relations.ts:88; apps/api/src/lib/matter-relations.ts:107; apps/api/src/modules/matter-relations/routes.ts:127; apps/api/src/modules/matter-relations/routes.ts:130","index:matter_relations_b_idx; foreign_key:matter_relations_matter_b_id_matters_id_fk; primary_key:matter_relations_pkey; check:matter_relations_canonical_check"
"matter_relations","created_by","createdBy","text","false","PROVENANCE_ONLY","Canonical undirected links between matters.","Written when linking matters; no application reader/projection. Retains actor provenance, also represented in activity.","packages/db/src/schema/matter-relations.ts:18","0075_watery_war_machine","","apps/api/src/lib/matter-relations.ts:95","apps/api/src/lib/matter-relations.ts:95; docs/decision-records/SCHEMA.md:449","foreign_key:matter_relations_created_by_users_id_fk"
"matter_relations","created_at","createdAt","timestamp with time zone","false","ACTIVE","Canonical undirected links between matters.","Current runtime query, row projection, filtering, authorization or processing reads this field; see evidence and table purpose.","packages/db/src/schema/matter-relations.ts:21","0075_watery_war_machine","apps/api/src/lib/matter-relations.ts:86; apps/api/src/lib/matter-relations.ts:108; apps/api/src/modules/matter-relations/routes.ts:131","","apps/api/src/lib/matter-relations.ts:86; apps/api/src/lib/matter-relations.ts:108; apps/api/src/modules/matter-relations/routes.ts:131",""
"matter_statuses","id","id","text","false","ACTIVE","Configurable matter statuses, open/closed categories and progression groups.","Current runtime query, row projection, filtering, authorization or processing reads this field; see evidence and table purpose.","packages/db/src/schema/matter-statuses.ts:24","0071_parched_ronan","apps/api/src/pipeline/morning-round.ts:684; apps/api/src/modules/entities/linked-records.ts:135; apps/api/src/modules/home/sections/dates.ts:225; apps/api/src/modules/home/sections/tasks.ts:150; apps/api/src/modules/home/sections/matters.ts:41","","apps/api/src/pipeline/morning-round.ts:684; apps/api/src/modules/entities/linked-records.ts:135; apps/api/src/modules/home/sections/dates.ts:225; apps/api/src/modules/home/sections/tasks.ts:150","primary_key:matter_statuses_pkey"
"matter_statuses","slug","slug","text","false","ACTIVE","Configurable matter statuses, open/closed categories and progression groups.","Current runtime query, row projection, filtering, authorization or processing reads this field; see evidence and table purpose.","packages/db/src/schema/matter-statuses.ts:25","0071_parched_ronan","apps/api/src/modules/matters/routes.ts:481; apps/api/src/modules/matters/routes.ts:482; apps/api/src/modules/matters/routes.ts:625; apps/api/src/modules/matter-statuses/routes.ts:145; apps/api/src/modules/matter-statuses/routes.ts:50","apps/api/src/modules/matter-statuses/routes.ts:154","apps/api/src/modules/matters/routes.ts:481; apps/api/src/modules/matters/routes.ts:482; apps/api/src/modules/matters/routes.ts:625; apps/api/src/modules/matter-statuses/routes.ts:145","index:matter_statuses_slug_unique"
"matter_statuses","display_name","displayName","text","false","ACTIVE","Configurable matter statuses, open/closed categories and progression groups.","Current runtime query, row projection, filtering, authorization or processing reads this field; see evidence and table purpose.","packages/db/src/schema/matter-statuses.ts:26","0071_parched_ronan","apps/api/src/modules/entities/linked-records.ts:129; apps/api/src/modules/home/sections/matters.ts:42; apps/api/src/modules/matter-relations/routes.ts:85; apps/api/src/modules/matter-relations/routes.ts:239; apps/api/src/modules/contract-matters/routes.ts:82","apps/api/src/modules/matter-statuses/routes.ts:154; apps/api/src/modules/matter-statuses/routes.ts:189","apps/api/src/modules/entities/linked-records.ts:129; apps/api/src/modules/home/sections/matters.ts:42; apps/api/src/modules/matter-relations/routes.ts:85; apps/api/src/modules/matter-relations/routes.ts:239",""
"matter_statuses","category","category","text","false","ACTIVE","Configurable matter statuses, open/closed categories and progression groups.","Current runtime query, row projection, filtering, authorization or processing reads this field; see evidence and table purpose.","packages/db/src/schema/matter-statuses.ts:27","0071_parched_ronan","apps/api/src/lib/next-deadline.ts:37; apps/api/src/pipeline/morning-round.ts:687; apps/api/src/modules/entities/linked-records.ts:130; apps/api/src/modules/home/sections/dates.ts:130; apps/api/src/modules/home/sections/tasks.ts:156","apps/api/src/modules/matter-statuses/routes.ts:154","apps/api/src/lib/next-deadline.ts:37; apps/api/src/pipeline/morning-round.ts:687; apps/api/src/modules/entities/linked-records.ts:130; apps/api/src/modules/home/sections/dates.ts:130","check:matter_statuses_category_check"
"matter_statuses","progression_group","progressionGroup","text","false","ACTIVE","Configurable matter statuses, open/closed categories and progression groups.","Current runtime query, row projection, filtering, authorization or processing reads this field; see evidence and table purpose.","packages/db/src/schema/matter-statuses.ts:28","0093_matter_status_groups_and_documents","apps/api/src/modules/matters/create.ts:120; apps/api/src/modules/matters/routes.ts:231; apps/api/src/modules/matters/routes.ts:628; apps/api/src/modules/matters/routes.ts:1051; apps/api/src/modules/matter-statuses/routes.ts:53","apps/api/src/modules/matter-statuses/routes.ts:154; apps/api/src/modules/matter-statuses/routes.ts:227","apps/api/src/modules/matters/create.ts:120; apps/api/src/modules/matters/routes.ts:231; apps/api/src/modules/matters/routes.ts:628; apps/api/src/modules/matters/routes.ts:1051","check:matter_statuses_progression_group_check"
"matter_statuses","display_order","displayOrder","integer","false","ACTIVE","Configurable matter statuses, open/closed categories and progression groups.","Current runtime query, row projection, filtering, authorization or processing reads this field; see evidence and table purpose.","packages/db/src/schema/matter-statuses.ts:31","0071_parched_ronan","apps/api/src/modules/matters/create.ts:124; apps/api/src/modules/matters/routes.ts:323; apps/api/src/modules/matters/routes.ts:632; apps/api/src/modules/matters/routes.ts:785; apps/api/src/modules/matter-statuses/routes.ts:115","apps/api/src/modules/matter-statuses/routes.ts:154; apps/api/src/modules/matter-statuses/routes.ts:279; apps/api/src/modules/matter-statuses/routes.ts:438","apps/api/src/modules/matters/create.ts:124; apps/api/src/modules/matters/routes.ts:323; apps/api/src/modules/matters/routes.ts:632; apps/api/src/modules/matters/routes.ts:785",""
"matter_statuses","is_system_default","isSystemDefault","boolean","false","REVIEW_API_ONLY","Configurable matter statuses, open/closed categories and progression groups.","Seed provenance is serialized by the API. No shipped UI behavior or permission/default-selection rule consumes the flag; protected rows are identified by slug. Deprecate the response property before any removal.","packages/db/src/schema/matter-statuses.ts:32","0071_parched_ronan","apps/api/src/modules/matter-statuses/routes.ts:55","","apps/api/src/lib/taxonomy-routes.ts:254; apps/api/src/lib/taxonomy-routes.ts:363; apps/api/src/modules/contract-statuses/routes.ts:66; apps/api/src/modules/matter-statuses/routes.ts:48",""
"matter_statuses","archived_at","archivedAt","timestamp with time zone","true","ACTIVE","Configurable matter statuses, open/closed categories and progression groups.","Current runtime query, row projection, filtering, authorization or processing reads this field; see evidence and table purpose.","packages/db/src/schema/matter-statuses.ts:34","0071_parched_ronan","apps/api/src/modules/matters/create.ts:123; apps/api/src/modules/matters/routes.ts:631; apps/api/src/modules/matters/routes.ts:784; apps/api/src/modules/matters/routes.ts:1052; apps/api/src/modules/matter-statuses/routes.ts:91","apps/api/src/modules/matter-statuses/routes.ts:391; apps/api/src/modules/matter-statuses/routes.ts:438","apps/api/src/modules/matters/create.ts:123; apps/api/src/modules/matters/routes.ts:631; apps/api/src/modules/matters/routes.ts:784; apps/api/src/modules/matters/routes.ts:1052",""
"matter_statuses","created_at","createdAt","timestamp with time zone","false","ACTIVE","Configurable matter statuses, open/closed categories and progression groups.","Current runtime query, row projection, filtering, authorization or processing reads this field; see evidence and table purpose.","packages/db/src/schema/matter-statuses.ts:35","0071_parched_ronan","apps/api/src/modules/matters/create.ts:124; apps/api/src/modules/matters/routes.ts:632; apps/api/src/modules/matters/routes.ts:785; apps/api/src/modules/matter-statuses/routes.ts:115; apps/api/src/modules/matter-statuses/routes.ts:261","","apps/api/src/modules/matters/create.ts:124; apps/api/src/modules/matters/routes.ts:632; apps/api/src/modules/matters/routes.ts:785; apps/api/src/modules/matter-statuses/routes.ts:115",""
"matter_statuses","updated_at","updatedAt","timestamp with time zone","false","PASSIVE_METADATA","Configurable matter statuses, open/closed categories and progression groups.","Automatically refreshed by Drizzle. No application reader identified after projections and generic helpers were checked. Retained by schema timestamp convention; not proven functionally integral.","packages/db/src/schema/matter-statuses.ts:36","0071_parched_ronan","","","packages/db/src/schema/matter-statuses.ts:36; docs/decision-records/SCHEMA.md:18",""
"matter_tasks","id","id","text","false","ACTIVE","Assignable ordered matter tasks and due dates.","Current runtime query, row projection, filtering, authorization or processing reads this field; see evidence and table purpose.","packages/db/src/schema/matter-tasks.ts:22","0074_bored_felicia_hardy","apps/api/src/modules/home/sections/tasks.ts:139; apps/api/src/modules/matter-tasks/create.ts:80; apps/api/src/modules/matter-tasks/routes.ts:71; apps/api/src/modules/matter-tasks/routes.ts:84; apps/api/src/modules/matter-tasks/routes.ts:99","","apps/api/src/modules/home/sections/tasks.ts:139; apps/api/src/modules/matter-tasks/create.ts:80; apps/api/src/modules/matter-tasks/routes.ts:71; apps/api/src/modules/matter-tasks/routes.ts:84","foreign_key:matter_tasks_matter_id_matters_id_fk; foreign_key:matter_tasks_assignee_id_users_id_fk; primary_key:matter_tasks_pkey"
"matter_tasks","matter_id","matterId","text","false","ACTIVE","Assignable ordered matter tasks and due dates.","Current runtime query, row projection, filtering, authorization or processing reads this field; see evidence and table purpose.","packages/db/src/schema/matter-tasks.ts:23","0074_bored_felicia_hardy","apps/api/src/lib/next-deadline.ts:34; apps/api/src/modules/comments/audience.ts:584; apps/api/src/modules/home/sections/tasks.ts:149; apps/api/src/modules/matter-tasks/create.ts:60; apps/api/src/modules/matter-tasks/routes.ts:83","apps/api/src/modules/matter-tasks/create.ts:73","apps/api/src/lib/next-deadline.ts:34; apps/api/src/modules/comments/audience.ts:584; apps/api/src/modules/home/sections/tasks.ts:149; apps/api/src/modules/matter-tasks/create.ts:60","index:matter_tasks_matter_order_idx; foreign_key:matter_tasks_matter_id_matters_id_fk"
"matter_tasks","title","title","text","false","ACTIVE","Assignable ordered matter tasks and due dates.","Current runtime query, row projection, filtering, authorization or processing reads this field; see evidence and table purpose.","packages/db/src/schema/matter-tasks.ts:26","0074_bored_felicia_hardy","apps/api/src/modules/home/sections/tasks.ts:140; apps/api/src/modules/matter-tasks/routes.ts:72; apps/api/src/modules/matter-tasks/routes.ts:100","apps/api/src/modules/matter-tasks/create.ts:74","apps/api/src/modules/home/sections/tasks.ts:140; apps/api/src/modules/matter-tasks/routes.ts:72; apps/api/src/modules/matter-tasks/routes.ts:100","check:matter_tasks_title_check"
"matter_tasks","description","description","text","true","ACTIVE","Assignable ordered matter tasks and due dates.","Current runtime query, row projection, filtering, authorization or processing reads this field; see evidence and table purpose.","packages/db/src/schema/matter-tasks.ts:27","0094_fantastic_deathbird","apps/api/src/modules/matter-tasks/routes.ts:73; apps/api/src/modules/matter-tasks/routes.ts:101","apps/api/src/modules/matter-tasks/create.ts:75","apps/api/src/modules/matter-tasks/routes.ts:73; apps/api/src/modules/matter-tasks/routes.ts:101",""
"matter_tasks","is_done","isDone","boolean","false","ACTIVE","Assignable ordered matter tasks and due dates.","Current runtime query, row projection, filtering, authorization or processing reads this field; see evidence and table purpose.","packages/db/src/schema/matter-tasks.ts:28","0074_bored_felicia_hardy","apps/api/src/modules/home/sections/tasks.ts:153; apps/api/src/modules/matter-tasks/routes.ts:74; apps/api/src/modules/matter-tasks/routes.ts:102","apps/api/src/modules/matter-tasks/routes.ts:313","apps/api/src/modules/home/sections/tasks.ts:153; apps/api/src/modules/matter-tasks/routes.ts:74; apps/api/src/modules/matter-tasks/routes.ts:102",""
"matter_tasks","assignee_id","assigneeId","text","true","ACTIVE","Assignable ordered matter tasks and due dates.","Current runtime query, row projection, filtering, authorization or processing reads this field; see evidence and table purpose.","packages/db/src/schema/matter-tasks.ts:29","0074_bored_felicia_hardy","apps/api/src/modules/home/sections/tasks.ts:152; apps/api/src/modules/matter-tasks/routes.ts:75; apps/api/src/modules/matter-tasks/routes.ts:82; apps/api/src/modules/matter-tasks/routes.ts:103","apps/api/src/modules/matter-tasks/create.ts:76","apps/api/src/modules/home/sections/tasks.ts:152; apps/api/src/modules/matter-tasks/routes.ts:75; apps/api/src/modules/matter-tasks/routes.ts:82; apps/api/src/modules/matter-tasks/routes.ts:103","index:matter_tasks_assignee_due_idx; foreign_key:matter_tasks_assignee_id_users_id_fk"
"matter_tasks","due_date","dueDate","date","true","ACTIVE","Assignable ordered matter tasks and due dates.","Current runtime query, row projection, filtering, authorization or processing reads this field; see evidence and table purpose.","packages/db/src/schema/matter-tasks.ts:31","0074_bored_felicia_hardy","apps/api/src/modules/home/sections/tasks.ts:141; apps/api/src/modules/home/sections/tasks.ts:142; apps/api/src/modules/home/sections/tasks.ts:154; apps/api/src/modules/matter-tasks/routes.ts:78; apps/api/src/modules/matter-tasks/routes.ts:84","apps/api/src/modules/matter-tasks/create.ts:77","apps/api/src/modules/home/sections/tasks.ts:141; apps/api/src/modules/home/sections/tasks.ts:142; apps/api/src/modules/home/sections/tasks.ts:154; apps/api/src/modules/matter-tasks/routes.ts:78","index:matter_tasks_assignee_due_idx"
"matter_tasks","display_order","displayOrder","integer","false","ACTIVE","Assignable ordered matter tasks and due dates.","Current runtime query, row projection, filtering, authorization or processing reads this field; see evidence and table purpose.","packages/db/src/schema/matter-tasks.ts:32","0074_bored_felicia_hardy","apps/api/src/modules/matter-tasks/create.ts:58; apps/api/src/modules/matter-tasks/routes.ts:79; apps/api/src/modules/matter-tasks/routes.ts:84; apps/api/src/modules/matter-tasks/routes.ts:105","apps/api/src/modules/matter-tasks/create.ts:78; apps/api/src/modules/matter-tasks/routes.ts:360","apps/api/src/modules/matter-tasks/create.ts:58; apps/api/src/modules/matter-tasks/routes.ts:79; apps/api/src/modules/matter-tasks/routes.ts:84; apps/api/src/modules/matter-tasks/routes.ts:105","index:matter_tasks_matter_order_idx"
"matter_tasks","created_at","createdAt","timestamp with time zone","false","PASSIVE_METADATA","Assignable ordered matter tasks and due dates.","Stamped on insertion. No application reader identified after projections and generic helpers were checked. Retained by schema timestamp convention; not proven functionally integral.","packages/db/src/schema/matter-tasks.ts:33","0074_bored_felicia_hardy","","","packages/db/src/schema/matter-tasks.ts:33; docs/decision-records/SCHEMA.md:18",""
"matter_tasks","updated_at","updatedAt","timestamp with time zone","false","PASSIVE_METADATA","Assignable ordered matter tasks and due dates.","Automatically refreshed by Drizzle. No application reader identified after projections and generic helpers were checked. Retained by schema timestamp convention; not proven functionally integral.","packages/db/src/schema/matter-tasks.ts:34","0074_bored_felicia_hardy","","","packages/db/src/schema/matter-tasks.ts:34; docs/decision-records/SCHEMA.md:18",""
"matter_team","matter_id","matterId","text","false","ACTIVE","Role-tagged matter membership and authorization in dev.","Current runtime query, row projection, filtering, authorization or processing reads this field; see evidence and table purpose.","packages/db/src/schema/matter-team.ts:15","0071_parched_ronan","apps/api/src/lib/task-assignment.ts:39; apps/api/src/lib/matter-access.ts:37; apps/api/src/lib/matter-access.ts:103; apps/api/src/lib/matter-access.ts:144; apps/api/src/lib/matter-access.ts:184","apps/api/src/lib/task-assignment.ts:59; apps/api/src/modules/matters/create.ts:192; apps/api/src/modules/matters/routes.ts:1241","apps/api/src/lib/task-assignment.ts:39; apps/api/src/lib/matter-access.ts:37; apps/api/src/lib/matter-access.ts:103; apps/api/src/lib/matter-access.ts:144","foreign_key:matter_team_matter_id_matters_id_fk; primary_key:matter_team_pkey"
"matter_team","user_id","userId","text","false","ACTIVE","Role-tagged matter membership and authorization in dev.","Current runtime query, row projection, filtering, authorization or processing reads this field; see evidence and table purpose.","packages/db/src/schema/matter-team.ts:18","0071_parched_ronan","apps/api/src/lib/matter-access.ts:39; apps/api/src/lib/matter-access.ts:103; apps/api/src/lib/matter-access.ts:145; apps/api/src/lib/matter-access.ts:182; apps/api/src/lib/contract-access.ts:366","apps/api/src/lib/task-assignment.ts:59; apps/api/src/modules/matters/create.ts:192; apps/api/src/modules/matters/routes.ts:1241","apps/api/src/lib/matter-access.ts:39; apps/api/src/lib/matter-access.ts:103; apps/api/src/lib/matter-access.ts:145; apps/api/src/lib/matter-access.ts:182","index:matter_team_user_idx; foreign_key:matter_team_user_id_users_id_fk; primary_key:matter_team_pkey"
"matter_team","role","role","text","false","ACTIVE","Role-tagged matter membership and authorization in dev.","Current runtime query, row projection, filtering, authorization or processing reads this field; see evidence and table purpose.","packages/db/src/schema/matter-team.ts:21","0071_parched_ronan","apps/api/src/lib/matter-access.ts:101; apps/api/src/modules/matters/routes.ts:252; apps/api/src/modules/matters/routes.ts:257; apps/api/src/modules/matters/routes.ts:1297","apps/api/src/lib/task-assignment.ts:59; apps/api/src/modules/matters/create.ts:192; apps/api/src/modules/matters/routes.ts:1241","apps/api/src/lib/matter-access.ts:101; apps/api/src/modules/matters/routes.ts:252; apps/api/src/modules/matters/routes.ts:257; apps/api/src/modules/matters/routes.ts:1297","primary_key:matter_team_pkey; check:matter_team_role_check"
"matter_team","created_at","createdAt","timestamp with time zone","false","PASSIVE_METADATA","Role-tagged matter membership and authorization in dev.","Stamped on insertion. No application reader identified after projections and generic helpers were checked. Retained by schema timestamp convention; not proven functionally integral.","packages/db/src/schema/matter-team.ts:22","0071_parched_ronan","","","packages/db/src/schema/matter-team.ts:22; docs/decision-records/SCHEMA.md:18",""
"matter_template_key_dates","id","id","text","false","ACTIVE","Template date labels/notes and offsets expanded at matter creation.","Current runtime query, row projection, filtering, authorization or processing reads this field; see evidence and table purpose.","packages/db/src/schema/matter-templates.ts:112","0079_gigantic_lester","apps/api/src/modules/matters/create.ts:111; apps/api/src/modules/matter-templates/routes.ts:192; apps/api/src/modules/matter-templates/routes.ts:606; apps/api/src/modules/matter-templates/routes.ts:127","","apps/api/src/modules/matters/create.ts:111; apps/api/src/modules/matter-templates/routes.ts:192; apps/api/src/modules/matter-templates/routes.ts:606; apps/api/src/modules/matter-templates/routes.ts:127","foreign_key:matter_template_key_dates_matter_template_id_matter_templates_id_fk; primary_key:matter_template_key_dates_pkey"
"matter_template_key_dates","matter_template_id","matterTemplateId","text","false","ACTIVE","Template date labels/notes and offsets expanded at matter creation.","Current runtime query, row projection, filtering, authorization or processing reads this field; see evidence and table purpose.","packages/db/src/schema/matter-templates.ts:113","0079_gigantic_lester","apps/api/src/modules/matters/create.ts:110; apps/api/src/modules/matters/routes.ts:654; apps/api/src/modules/matters/routes.ts:656; apps/api/src/modules/matter-templates/routes.ts:188; apps/api/src/modules/matter-templates/routes.ts:190","","apps/api/src/modules/matters/create.ts:110; apps/api/src/modules/matters/routes.ts:654; apps/api/src/modules/matters/routes.ts:656; apps/api/src/modules/matter-templates/routes.ts:188","index:matter_template_key_dates_order_idx; foreign_key:matter_template_key_dates_matter_template_id_matter_templates_id_fk"
"matter_template_key_dates","label","label","text","false","ACTIVE","Template date labels/notes and offsets expanded at matter creation.","Current runtime query, row projection, filtering, authorization or processing reads this field; see evidence and table purpose.","packages/db/src/schema/matter-templates.ts:116","0079_gigantic_lester","apps/api/src/modules/matters/create.ts:226; apps/api/src/modules/matters/create.ts:236; apps/api/src/modules/matter-templates/routes.ts:128","","apps/api/src/modules/matters/create.ts:226; apps/api/src/modules/matters/create.ts:236; apps/api/src/modules/matter-templates/routes.ts:128","check:matter_template_key_dates_label_check"
"matter_template_key_dates","offset_days","offsetDays","integer","false","ACTIVE","Template date labels/notes and offsets expanded at matter creation.","Current runtime query, row projection, filtering, authorization or processing reads this field; see evidence and table purpose.","packages/db/src/schema/matter-templates.ts:117","0079_gigantic_lester","apps/api/src/modules/matters/create.ts:220; apps/api/src/modules/matter-templates/routes.ts:129","","apps/api/src/modules/matters/create.ts:220; apps/api/src/modules/matter-templates/routes.ts:129","check:matter_template_key_dates_offset_check"
"matter_template_key_dates","note","note","text","true","ACTIVE","Template date labels/notes and offsets expanded at matter creation.","Current runtime query, row projection, filtering, authorization or processing reads this field; see evidence and table purpose.","packages/db/src/schema/matter-templates.ts:118","0079_gigantic_lester","apps/api/src/modules/matters/create.ts:227; apps/api/src/modules/matter-templates/routes.ts:130","","apps/api/src/modules/matters/create.ts:227; apps/api/src/modules/matter-templates/routes.ts:130","check:matter_template_key_dates_note_check"
"matter_template_key_dates","display_order","displayOrder","integer","false","ACTIVE","Template date labels/notes and offsets expanded at matter creation.","Current runtime query, row projection, filtering, authorization or processing reads this field; see evidence and table purpose.","packages/db/src/schema/matter-templates.ts:119","0079_gigantic_lester","apps/api/src/modules/matters/create.ts:111; apps/api/src/modules/matter-templates/routes.ts:191; apps/api/src/modules/matter-templates/routes.ts:606; apps/api/src/modules/matter-templates/routes.ts:131","","apps/api/src/modules/matters/create.ts:111; apps/api/src/modules/matter-templates/routes.ts:191; apps/api/src/modules/matter-templates/routes.ts:606; apps/api/src/modules/matter-templates/routes.ts:131","index:matter_template_key_dates_order_idx; check:matter_template_key_dates_order_check"
"matter_template_tasks","id","id","text","false","ACTIVE","Template tasks and relative due dates/assignee roles.","Current runtime query, row projection, filtering, authorization or processing reads this field; see evidence and table purpose.","packages/db/src/schema/matter-templates.ts:77","0079_gigantic_lester","apps/api/src/modules/matters/create.ts:106; apps/api/src/modules/matter-templates/routes.ts:183; apps/api/src/modules/matter-templates/routes.ts:543; apps/api/src/modules/matter-templates/routes.ts:117","","apps/api/src/modules/matters/create.ts:106; apps/api/src/modules/matter-templates/routes.ts:183; apps/api/src/modules/matter-templates/routes.ts:543; apps/api/src/modules/matter-templates/routes.ts:117","foreign_key:matter_template_tasks_matter_template_id_matter_templates_id_fk; primary_key:matter_template_tasks_pkey"
"matter_template_tasks","matter_template_id","matterTemplateId","text","false","ACTIVE","Template tasks and relative due dates/assignee roles.","Current runtime query, row projection, filtering, authorization or processing reads this field; see evidence and table purpose.","packages/db/src/schema/matter-templates.ts:78","0079_gigantic_lester","apps/api/src/modules/matters/create.ts:105; apps/api/src/modules/matters/routes.ts:650; apps/api/src/modules/matters/routes.ts:652; apps/api/src/modules/matter-templates/routes.ts:179; apps/api/src/modules/matter-templates/routes.ts:181","","apps/api/src/modules/matters/create.ts:105; apps/api/src/modules/matters/routes.ts:650; apps/api/src/modules/matters/routes.ts:652; apps/api/src/modules/matter-templates/routes.ts:179","index:matter_template_tasks_order_idx; foreign_key:matter_template_tasks_matter_template_id_matter_templates_id_fk"
"matter_template_tasks","title","title","text","false","ACTIVE","Template tasks and relative due dates/assignee roles.","Current runtime query, row projection, filtering, authorization or processing reads this field; see evidence and table purpose.","packages/db/src/schema/matter-templates.ts:81","0079_gigantic_lester","apps/api/src/modules/matters/create.ts:213; apps/api/src/modules/matter-templates/routes.ts:118","","apps/api/src/modules/matters/create.ts:213; apps/api/src/modules/matter-templates/routes.ts:118","check:matter_template_tasks_title_check"
"matter_template_tasks","due_offset_days","dueOffsetDays","integer","true","ACTIVE","Template tasks and relative due dates/assignee roles.","Current runtime query, row projection, filtering, authorization or processing reads this field; see evidence and table purpose.","packages/db/src/schema/matter-templates.ts:82","0079_gigantic_lester","apps/api/src/modules/matters/create.ts:215; apps/api/src/modules/matter-templates/routes.ts:119","","apps/api/src/modules/matters/create.ts:215; apps/api/src/modules/matter-templates/routes.ts:119","check:matter_template_tasks_due_offset_check"
"matter_template_tasks","assignee_role","assigneeRole","text","false","ACTIVE","Template tasks and relative due dates/assignee roles.","Current runtime query, row projection, filtering, authorization or processing reads this field; see evidence and table purpose.","packages/db/src/schema/matter-templates.ts:83","0079_gigantic_lester","apps/api/src/modules/matters/create.ts:214; apps/api/src/modules/matter-templates/routes.ts:120","","apps/api/src/modules/matters/create.ts:214; apps/api/src/modules/matter-templates/routes.ts:120","check:matter_template_tasks_assignee_role_check"
"matter_template_tasks","display_order","displayOrder","integer","false","ACTIVE","Template tasks and relative due dates/assignee roles.","Current runtime query, row projection, filtering, authorization or processing reads this field; see evidence and table purpose.","packages/db/src/schema/matter-templates.ts:86","0079_gigantic_lester","apps/api/src/modules/matters/create.ts:106; apps/api/src/modules/matter-templates/routes.ts:182; apps/api/src/modules/matter-templates/routes.ts:543; apps/api/src/modules/matter-templates/routes.ts:121","","apps/api/src/modules/matters/create.ts:106; apps/api/src/modules/matter-templates/routes.ts:182; apps/api/src/modules/matter-templates/routes.ts:543; apps/api/src/modules/matter-templates/routes.ts:121","index:matter_template_tasks_order_idx; check:matter_template_tasks_order_check"
"matter_templates","id","id","text","false","ACTIVE","Reusable matter defaults with task/date templates.","Current runtime query, row projection, filtering, authorization or processing reads this field; see evidence and table purpose.","packages/db/src/schema/matter-templates.ts:29","0077_fearless_maximus","apps/api/src/modules/matters/create.ts:89; apps/api/src/modules/matter-templates/routes.ts:233; apps/api/src/modules/matter-templates/routes.ts:319; apps/api/src/modules/matter-templates/routes.ts:444; apps/api/src/modules/matter-templates/routes.ts:497","","apps/api/src/modules/matters/create.ts:89; apps/api/src/modules/matter-templates/routes.ts:233; apps/api/src/modules/matter-templates/routes.ts:319; apps/api/src/modules/matter-templates/routes.ts:444","foreign_key:matter_templates_matter_type_id_matter_types_id_fk; primary_key:matter_templates_pkey"
"matter_templates","matter_type_id","matterTypeId","text","false","ACTIVE","Reusable matter defaults with task/date templates.","Current runtime query, row projection, filtering, authorization or processing reads this field; see evidence and table purpose.","packages/db/src/schema/matter-templates.ts:30","0077_fearless_maximus","apps/api/src/modules/matters/routes.ts:648; apps/api/src/modules/matter-templates/routes.ts:270; apps/api/src/modules/matter-templates/routes.ts:277; apps/api/src/modules/matter-templates/routes.ts:318; apps/api/src/modules/matters/create.ts:96","apps/api/src/modules/matter-templates/routes.ts:366","apps/api/src/modules/matters/routes.ts:648; apps/api/src/modules/matter-templates/routes.ts:270; apps/api/src/modules/matter-templates/routes.ts:277; apps/api/src/modules/matter-templates/routes.ts:318","index:matter_templates_type_idx; index:matter_templates_name_idx; foreign_key:matter_templates_matter_type_id_matter_types_id_fk"
"matter_templates","name","name","text","false","ACTIVE","Reusable matter defaults with task/date templates.","Current runtime query, row projection, filtering, authorization or processing reads this field; see evidence and table purpose.","packages/db/src/schema/matter-templates.ts:33","0077_fearless_maximus","apps/api/src/modules/matters/routes.ts:648; apps/api/src/modules/matter-templates/routes.ts:281; apps/api/src/modules/matters/create.ts:205; apps/api/src/modules/matters/routes.ts:685; apps/api/src/modules/matter-templates/routes.ts:147","apps/api/src/modules/matter-templates/routes.ts:367","apps/api/src/modules/matters/routes.ts:648; apps/api/src/modules/matter-templates/routes.ts:281; apps/api/src/modules/matters/create.ts:205; apps/api/src/modules/matters/routes.ts:685","index:matter_templates_type_idx; index:matter_templates_name_idx; foreign_key:matter_templates_matter_type_id_matter_types_id_fk; check:matter_templates_default_priority_check; check:matter_templates_default_risk_check"
"matter_templates","description","description","text","true","ACTIVE","Reusable matter defaults with task/date templates.","Current runtime query, row projection, filtering, authorization or processing reads this field; see evidence and table purpose.","packages/db/src/schema/matter-templates.ts:34","0077_fearless_maximus","apps/api/src/modules/matters/routes.ts:686; apps/api/src/modules/matter-templates/routes.ts:148","apps/api/src/modules/matter-templates/routes.ts:368","apps/api/src/modules/matters/routes.ts:686; apps/api/src/modules/matter-templates/routes.ts:148",""
"matter_templates","default_priority","defaultPriority","text","true","ACTIVE","Reusable matter defaults with task/date templates.","Current runtime query, row projection, filtering, authorization or processing reads this field; see evidence and table purpose.","packages/db/src/schema/matter-templates.ts:35","0077_fearless_maximus","apps/api/src/modules/matters/create.ts:183; apps/api/src/modules/matters/routes.ts:687; apps/api/src/modules/matter-templates/routes.ts:149","apps/api/src/modules/matter-templates/routes.ts:369","apps/api/src/modules/matters/create.ts:183; apps/api/src/modules/matters/routes.ts:687; apps/api/src/modules/matter-templates/routes.ts:149","check:matter_templates_default_priority_check"
"matter_templates","default_risk","defaultRisk","text","true","ACTIVE","Reusable matter defaults with task/date templates.","Current runtime query, row projection, filtering, authorization or processing reads this field; see evidence and table purpose.","packages/db/src/schema/matter-templates.ts:36","0077_fearless_maximus","apps/api/src/modules/matters/create.ts:184; apps/api/src/modules/matters/routes.ts:688; apps/api/src/modules/matter-templates/routes.ts:150","apps/api/src/modules/matter-templates/routes.ts:370","apps/api/src/modules/matters/create.ts:184; apps/api/src/modules/matters/routes.ts:688; apps/api/src/modules/matter-templates/routes.ts:150","check:matter_templates_default_risk_check"
"matter_templates","default_custom_fields","defaultCustomFields","jsonb","true","ACTIVE","Reusable matter defaults with task/date templates.","Current runtime query, row projection, filtering, authorization or processing reads this field; see evidence and table purpose.","packages/db/src/schema/matter-templates.ts:37","0077_fearless_maximus","apps/api/src/modules/matters/create.ts:161; apps/api/src/modules/matters/routes.ts:690; apps/api/src/modules/matter-templates/routes.ts:142; apps/api/src/modules/matter-templates/routes.ts:489","apps/api/src/modules/matter-templates/routes.ts:496","apps/api/src/modules/matters/create.ts:161; apps/api/src/modules/matters/routes.ts:690; apps/api/src/modules/matter-templates/routes.ts:142; apps/api/src/modules/matter-templates/routes.ts:489",""
"matter_templates","title_prefix","titlePrefix","text","true","ACTIVE","Reusable matter defaults with task/date templates.","Current runtime query, row projection, filtering, authorization or processing reads this field; see evidence and table purpose.","packages/db/src/schema/matter-templates.ts:38","0077_fearless_maximus","apps/api/src/modules/matters/routes.ts:694; apps/api/src/modules/matter-templates/routes.ts:151","apps/api/src/modules/matter-templates/routes.ts:371","apps/api/src/modules/matters/routes.ts:694; apps/api/src/modules/matter-templates/routes.ts:151",""
"matter_templates","archived_at","archivedAt","timestamp with time zone","true","ACTIVE","Reusable matter defaults with task/date templates.","Current runtime query, row projection, filtering, authorization or processing reads this field; see evidence and table purpose.","packages/db/src/schema/matter-templates.ts:39","0077_fearless_maximus","apps/api/src/modules/matters/routes.ts:647; apps/api/src/modules/matter-templates/routes.ts:272; apps/api/src/modules/matters/create.ts:96; apps/api/src/modules/matter-templates/routes.ts:152; apps/api/src/modules/matter-templates/routes.ts:659","apps/api/src/modules/matter-templates/routes.ts:662; apps/api/src/modules/matter-templates/routes.ts:699","apps/api/src/modules/matters/routes.ts:647; apps/api/src/modules/matter-templates/routes.ts:272; apps/api/src/modules/matters/create.ts:96; apps/api/src/modules/matter-templates/routes.ts:152","index:matter_templates_name_idx"
"matter_templates","created_at","createdAt","timestamp with time zone","false","ACTIVE","Reusable matter defaults with task/date templates.","Current runtime query, row projection, filtering, authorization or processing reads this field; see evidence and table purpose.","packages/db/src/schema/matter-templates.ts:40","0077_fearless_maximus","apps/api/src/modules/matter-templates/routes.ts:282","","apps/api/src/modules/matter-templates/routes.ts:282",""
"matter_templates","updated_at","updatedAt","timestamp with time zone","false","PASSIVE_METADATA","Reusable matter defaults with task/date templates.","Automatically refreshed by Drizzle. No application reader identified after projections and generic helpers were checked. Retained by schema timestamp convention; not proven functionally integral.","packages/db/src/schema/matter-templates.ts:41","0077_fearless_maximus","","","packages/db/src/schema/matter-templates.ts:41; docs/decision-records/SCHEMA.md:18",""
"matter_type_fields","matter_type_id","typeId","text","false","ACTIVE_GENERIC","Matter Type field attachments, ordering and required-field validation.","Shared field-attachment routes and validation read/write the supplied join table; created_at breaks order ties.","packages/db/src/schema/matter-type-fields.ts:23","0012_matter_types","apps/api/src/modules/matters/routes.ts:375; apps/api/src/modules/matter-templates/routes.ts:195; apps/api/src/modules/matter-templates/routes.ts:198","","apps/api/src/lib/custom-fields.ts:118; apps/api/src/lib/type-field-routes.ts:210","foreign_key:matter_type_fields_matter_type_id_matter_types_id_fk; primary_key:matter_type_fields_matter_type_id_field_id_pk"
"matter_type_fields","field_id","fieldId","text","false","ACTIVE_GENERIC","Matter Type field attachments, ordering and required-field validation.","Shared field-attachment routes and validation read/write the supplied join table; created_at breaks order ties.","packages/db/src/schema/helpers.ts:37","0012_matter_types","apps/api/src/modules/matters/routes.ts:374; apps/api/src/modules/matter-templates/routes.ts:197","","apps/api/src/lib/custom-fields.ts:118; apps/api/src/lib/type-field-routes.ts:210","index:matter_type_fields_field_id_idx; foreign_key:matter_type_fields_field_id_fields_id_fk; primary_key:matter_type_fields_matter_type_id_field_id_pk"
"matter_type_fields","display_order","displayOrder","integer","false","ACTIVE_GENERIC","Matter Type field attachments, ordering and required-field validation.","Shared field-attachment routes and validation read/write the supplied join table; created_at breaks order ties.","packages/db/src/schema/helpers.ts:37","0012_matter_types","","","apps/api/src/lib/custom-fields.ts:118; apps/api/src/lib/type-field-routes.ts:210",""
"matter_type_fields","is_required","isRequired","boolean","false","ACTIVE_GENERIC","Matter Type field attachments, ordering and required-field validation.","Shared field-attachment routes and validation read/write the supplied join table; created_at breaks order ties.","packages/db/src/schema/helpers.ts:37","0012_matter_types","apps/api/src/modules/matters/routes.ts:376","","apps/api/src/lib/custom-fields.ts:118; apps/api/src/lib/type-field-routes.ts:210",""
"matter_type_fields","created_at","createdAt","timestamp with time zone","false","ACTIVE_GENERIC","Matter Type field attachments, ordering and required-field validation.","Shared field-attachment routes and validation read/write the supplied join table; created_at breaks order ties.","packages/db/src/schema/helpers.ts:37","0012_matter_types","","","apps/api/src/lib/custom-fields.ts:118; apps/api/src/lib/type-field-routes.ts:210",""
"matter_types","id","id","text","false","ACTIVE","Configurable Matter Types.","Current runtime query, row projection, filtering, authorization or processing reads this field; see evidence and table purpose.","packages/db/src/schema/helpers.ts:37","0012_matter_types","apps/api/src/modules/matters/create.ts:72; apps/api/src/modules/matters/create.ts:77; apps/api/src/modules/matters/routes.ts:241; apps/api/src/modules/matters/routes.ts:350; apps/api/src/modules/matters/routes.ts:542","","apps/api/src/modules/matters/create.ts:72; apps/api/src/modules/matters/create.ts:77; apps/api/src/modules/matters/routes.ts:241; apps/api/src/modules/matters/routes.ts:350","primary_key:matter_types_pkey"
"matter_types","slug","slug","text","false","ACTIVE","Configurable Matter Types.","Current runtime query, row projection, filtering, authorization or processing reads this field; see evidence and table purpose.","packages/db/src/schema/helpers.ts:37","0012_matter_types","apps/api/src/modules/matters/routes.ts:616; apps/api/src/lib/taxonomy-routes.ts:256; apps/api/src/lib/taxonomy-routes.ts:363; apps/api/src/lib/taxonomy-routes.ts:562; apps/api/src/lib/taxonomy-routes.ts:574","","apps/api/src/modules/matters/routes.ts:616; apps/api/src/lib/taxonomy-routes.ts:256; apps/api/src/lib/taxonomy-routes.ts:363; apps/api/src/lib/taxonomy-routes.ts:562","index:matter_types_slug_unique"
"matter_types","display_name","displayName","text","false","ACTIVE","Configurable Matter Types.","Current runtime query, row projection, filtering, authorization or processing reads this field; see evidence and table purpose.","packages/db/src/schema/helpers.ts:37","0012_matter_types","apps/api/src/modules/matters/create.ts:73; apps/api/src/modules/matters/routes.ts:228; apps/api/src/modules/matters/routes.ts:322; apps/api/src/modules/matters/routes.ts:535; apps/api/src/modules/matters/routes.ts:617","","apps/api/src/modules/matters/create.ts:73; apps/api/src/modules/matters/routes.ts:228; apps/api/src/modules/matters/routes.ts:322; apps/api/src/modules/matters/routes.ts:535",""
"matter_types","description","description","text","true","ACTIVE","Configurable Matter Types.","Current runtime query, row projection, filtering, authorization or processing reads this field; see evidence and table purpose.","packages/db/src/schema/helpers.ts:37","0012_matter_types","apps/api/src/lib/taxonomy-routes.ts:258; apps/api/src/lib/taxonomy-routes.ts:504; apps/api/src/lib/taxonomy-routes.ts:532","","apps/api/src/lib/taxonomy-routes.ts:258; apps/api/src/lib/taxonomy-routes.ts:504; apps/api/src/lib/taxonomy-routes.ts:532",""
"matter_types","display_order","displayOrder","integer","false","ACTIVE","Configurable Matter Types.","Current runtime query, row projection, filtering, authorization or processing reads this field; see evidence and table purpose.","packages/db/src/schema/helpers.ts:37","0012_matter_types","apps/api/src/modules/matters/routes.ts:621; apps/api/src/modules/matter-templates/routes.ts:280; apps/api/src/lib/taxonomy-routes.ts:259; apps/api/src/lib/taxonomy-routes.ts:619","","apps/api/src/modules/matters/routes.ts:621; apps/api/src/modules/matter-templates/routes.ts:280; apps/api/src/lib/taxonomy-routes.ts:259; apps/api/src/lib/taxonomy-routes.ts:619",""
"matter_types","is_system_default","isSystemDefault","boolean","false","REVIEW_API_ONLY","Configurable Matter Types.","Seed provenance is serialized by the API. No shipped UI behavior or permission/default-selection rule consumes the flag; protected rows are identified by slug. Deprecate the response property before any removal.","packages/db/src/schema/helpers.ts:37","0012_matter_types","apps/api/src/lib/taxonomy-routes.ts:260","","apps/api/src/lib/taxonomy-routes.ts:254; apps/api/src/lib/taxonomy-routes.ts:363; apps/api/src/modules/contract-statuses/routes.ts:66; apps/api/src/modules/matter-statuses/routes.ts:48",""
"matter_types","archived_at","archivedAt","timestamp with time zone","true","ACTIVE","Configurable Matter Types.","Current runtime query, row projection, filtering, authorization or processing reads this field; see evidence and table purpose.","packages/db/src/schema/helpers.ts:37","0012_matter_types","apps/api/src/modules/matters/create.ts:74; apps/api/src/modules/matters/routes.ts:620; apps/api/src/modules/matters/routes.ts:994; apps/api/src/modules/requests/projection.ts:138; apps/api/src/lib/taxonomy-routes.ts:261","","apps/api/src/modules/matters/create.ts:74; apps/api/src/modules/matters/routes.ts:620; apps/api/src/modules/matters/routes.ts:994; apps/api/src/modules/requests/projection.ts:138",""
"matter_types","created_at","createdAt","timestamp with time zone","false","ACTIVE","Configurable Matter Types.","Current runtime query, row projection, filtering, authorization or processing reads this field; see evidence and table purpose.","packages/db/src/schema/helpers.ts:37","0012_matter_types","apps/api/src/modules/matters/routes.ts:621","","apps/api/src/modules/matters/routes.ts:621",""
"matter_types","updated_at","updatedAt","timestamp with time zone","false","PASSIVE_METADATA","Configurable Matter Types.","Automatically refreshed by Drizzle. No application reader identified after projections and generic helpers were checked. Retained by schema timestamp convention; not proven functionally integral.","packages/db/src/schema/helpers.ts:37","0012_matter_types","","","packages/db/src/schema/helpers.ts:37; docs/decision-records/SCHEMA.md:18",""
"matters","id","id","text","false","ACTIVE","Matter lifecycle, hierarchy, ownership, custom fields and confidentiality.","Current runtime query, row projection, filtering, authorization or processing reads this field; see evidence and table purpose.","packages/db/src/schema/matters.ts:28","0071_parched_ronan","apps/api/src/lib/matter-relations.ts:45; apps/api/src/lib/matter-relations.ts:55; apps/api/src/lib/matter-relations.ts:63; apps/api/src/lib/matter-relations.ts:64; apps/api/src/lib/matter-access.ts:35","","apps/api/src/lib/matter-relations.ts:45; apps/api/src/lib/matter-relations.ts:55; apps/api/src/lib/matter-relations.ts:63; apps/api/src/lib/matter-relations.ts:64","index:matters_unverified_idx; foreign_key:matters_matter_type_id_matter_types_id_fk; foreign_key:matters_status_id_matter_statuses_id_fk; foreign_key:matters_manager_id_users_id_fk; foreign_key:matters_parent_id_matters_id_fk; foreign_key:matters_created_by_users_id_fk; check:matters_parent_self_check; primary_key:matters_pkey"
"matters","number","number","integer","false","ACTIVE","Matter lifecycle, hierarchy, ownership, custom fields and confidentiality.","Current runtime query, row projection, filtering, authorization or processing reads this field; see evidence and table purpose.","packages/db/src/schema/matters.ts:29","0071_parched_ronan","apps/api/src/lib/matter-access.ts:87; apps/api/src/modules/comments/audience.ts:289; apps/api/src/lib/notifications/audience.ts:285; apps/api/src/modules/audit-log/routes.ts:444; apps/api/src/modules/activity/routes.ts:302","","apps/api/src/lib/matter-access.ts:87; apps/api/src/modules/comments/audience.ts:289; apps/api/src/lib/notifications/audience.ts:285; apps/api/src/modules/audit-log/routes.ts:444","index:matters_number_unique; generated:search_vector"
"matters","title","title","text","false","ACTIVE","Matter lifecycle, hierarchy, ownership, custom fields and confidentiality.","Current runtime query, row projection, filtering, authorization or processing reads this field; see evidence and table purpose.","packages/db/src/schema/matters.ts:32","0071_parched_ronan","apps/api/src/modules/comments/audience.ts:289; apps/api/src/lib/notifications/audience.ts:285; apps/api/src/modules/audit-log/routes.ts:444; apps/api/src/modules/entities/obligation-routes.ts:106; apps/api/src/modules/entities/obligation-routes.ts:335","apps/api/src/modules/matters/create.ts:178","apps/api/src/modules/comments/audience.ts:289; apps/api/src/lib/notifications/audience.ts:285; apps/api/src/modules/audit-log/routes.ts:444; apps/api/src/modules/entities/obligation-routes.ts:106","generated:search_vector"
"matters","description","description","text","true","ACTIVE","Matter lifecycle, hierarchy, ownership, custom fields and confidentiality.","Current runtime query, row projection, filtering, authorization or processing reads this field; see evidence and table purpose.","packages/db/src/schema/matters.ts:33","0071_parched_ronan","apps/api/src/modules/matters/routes.ts:188; apps/api/src/modules/matters/routes.ts:962; apps/api/src/modules/matters/routes.ts:963; apps/api/src/modules/matters/routes.ts:964","apps/api/src/modules/matters/create.ts:179","apps/api/src/modules/matters/routes.ts:188; apps/api/src/modules/matters/routes.ts:962; apps/api/src/modules/matters/routes.ts:963; apps/api/src/modules/matters/routes.ts:964","generated:search_vector"
"matters","matter_type_id","matterTypeId","text","false","ACTIVE","Matter lifecycle, hierarchy, ownership, custom fields and confidentiality.","Current runtime query, row projection, filtering, authorization or processing reads this field; see evidence and table purpose.","packages/db/src/schema/matters.ts:34","0071_parched_ronan","apps/api/src/modules/matters/type-usage.ts:11; apps/api/src/modules/matters/type-usage.ts:13; apps/api/src/modules/matters/type-usage.ts:14; apps/api/src/modules/matters/type-usage.ts:21; apps/api/src/modules/matters/routes.ts:241","apps/api/src/modules/matters/type-usage.ts:20; apps/api/src/modules/matters/create.ts:180","apps/api/src/modules/matters/type-usage.ts:11; apps/api/src/modules/matters/type-usage.ts:13; apps/api/src/modules/matters/type-usage.ts:14; apps/api/src/modules/matters/type-usage.ts:21","index:matters_type_idx; foreign_key:matters_matter_type_id_matter_types_id_fk"
"matters","status_id","statusId","text","false","ACTIVE","Matter lifecycle, hierarchy, ownership, custom fields and confidentiality.","Current runtime query, row projection, filtering, authorization or processing reads this field; see evidence and table purpose.","packages/db/src/schema/matters.ts:37","0071_parched_ronan","apps/api/src/pipeline/morning-round.ts:684; apps/api/src/modules/entities/linked-records.ts:135; apps/api/src/modules/home/sections/dates.ts:225; apps/api/src/modules/home/sections/tasks.ts:150; apps/api/src/modules/home/sections/matters.ts:47","apps/api/src/modules/matters/create.ts:181; apps/api/src/modules/matter-statuses/routes.ts:367","apps/api/src/pipeline/morning-round.ts:684; apps/api/src/modules/entities/linked-records.ts:135; apps/api/src/modules/home/sections/dates.ts:225; apps/api/src/modules/home/sections/tasks.ts:150","index:matters_status_idx; foreign_key:matters_status_id_matter_statuses_id_fk"
"matters","manager_id","managerId","text","true","ACTIVE","Matter lifecycle, hierarchy, ownership, custom fields and confidentiality.","Current runtime query, row projection, filtering, authorization or processing reads this field; see evidence and table purpose.","packages/db/src/schema/matters.ts:41","0071_parched_ronan","apps/api/src/lib/matter-access.ts:50; apps/api/src/lib/matter-access.ts:141; apps/api/src/lib/matter-access.ts:174; apps/api/src/lib/contract-access.ts:360; apps/api/src/modules/comments/routes.ts:1344","apps/api/src/modules/matters/create.ts:182","apps/api/src/lib/matter-access.ts:50; apps/api/src/lib/matter-access.ts:141; apps/api/src/lib/matter-access.ts:174; apps/api/src/lib/contract-access.ts:360","index:matters_manager_idx; foreign_key:matters_manager_id_users_id_fk"
"matters","priority","priority","text","false","ACTIVE","Matter lifecycle, hierarchy, ownership, custom fields and confidentiality.","Current runtime query, row projection, filtering, authorization or processing reads this field; see evidence and table purpose.","packages/db/src/schema/matters.ts:42","0071_parched_ronan","apps/api/src/modules/matters/routes.ts:324; apps/api/src/modules/matters/routes.ts:450; apps/api/src/modules/matters/routes.ts:203; apps/api/src/modules/matters/routes.ts:977; apps/api/src/modules/matters/routes.ts:978","apps/api/src/modules/matters/create.ts:183","apps/api/src/modules/matters/routes.ts:324; apps/api/src/modules/matters/routes.ts:450; apps/api/src/modules/matters/routes.ts:203; apps/api/src/modules/matters/routes.ts:977","check:matters_priority_check"
"matters","risk","risk","text","true","ACTIVE","Matter lifecycle, hierarchy, ownership, custom fields and confidentiality.","Current runtime query, row projection, filtering, authorization or processing reads this field; see evidence and table purpose.","packages/db/src/schema/matters.ts:44","0071_parched_ronan","apps/api/src/modules/matters/routes.ts:325; apps/api/src/modules/matters/routes.ts:451; apps/api/src/modules/matters/routes.ts:204; apps/api/src/modules/matters/routes.ts:981; apps/api/src/modules/matters/routes.ts:982","apps/api/src/modules/matters/create.ts:184","apps/api/src/modules/matters/routes.ts:325; apps/api/src/modules/matters/routes.ts:451; apps/api/src/modules/matters/routes.ts:204; apps/api/src/modules/matters/routes.ts:981","check:matters_risk_check"
"matters","ai_unverified","aiUnverified","jsonb","true","ACTIVE","Matter lifecycle, hierarchy, ownership, custom fields and confidentiality.","Current runtime query, row projection, filtering, authorization or processing reads this field; see evidence and table purpose.","packages/db/src/schema/matters.ts:46","0102_high_leo","apps/api/src/lib/conversion-source-privacy.ts:18; apps/api/src/modules/home/sections/dates.ts:216; apps/api/src/modules/matter-key-dates/routes.ts:112; apps/api/src/modules/matter-key-dates/routes.ts:336; apps/api/src/modules/matter-key-dates/routes.ts:373","apps/api/src/modules/matter-key-dates/routes.ts:336; apps/api/src/modules/matter-key-dates/routes.ts:373; apps/api/src/modules/requests/conversion-draft.ts:434","apps/api/src/lib/conversion-source-privacy.ts:18; apps/api/src/modules/home/sections/dates.ts:216; apps/api/src/modules/matter-key-dates/routes.ts:112; apps/api/src/modules/matter-key-dates/routes.ts:336","index:matters_unverified_idx"
"matters","custom_fields","customFields","jsonb","false","ACTIVE","Matter lifecycle, hierarchy, ownership, custom fields and confidentiality.","Current runtime query, row projection, filtering, authorization or processing reads this field; see evidence and table purpose.","packages/db/src/schema/matters.ts:47","0071_parched_ronan","apps/api/src/modules/entities/linked-records.ts:56; apps/api/src/modules/fields/routes.ts:192; apps/api/src/modules/fields/routes.ts:194; apps/api/src/modules/matters/routes.ts:379; apps/api/src/modules/matters/routes.ts:380","apps/api/src/modules/matters/create.ts:185","apps/api/src/modules/entities/linked-records.ts:56; apps/api/src/modules/fields/routes.ts:192; apps/api/src/modules/fields/routes.ts:194; apps/api/src/modules/matters/routes.ts:379",""
"matters","parent_id","parentId","text","true","ACTIVE","Matter lifecycle, hierarchy, ownership, custom fields and confidentiality.","Current runtime query, row projection, filtering, authorization or processing reads this field; see evidence and table purpose.","packages/db/src/schema/matters.ts:53","0075_watery_war_machine","apps/api/src/lib/matter-relations.ts:43; apps/api/src/lib/matter-relations.ts:63; apps/api/src/modules/matter-relations/routes.ts:115; apps/api/src/modules/matter-relations/routes.ts:122; apps/api/src/modules/matters/routes.ts:795","apps/api/src/lib/matter-relations.ts:55; apps/api/src/lib/matter-relations.ts:62","apps/api/src/lib/matter-relations.ts:43; apps/api/src/lib/matter-relations.ts:63; apps/api/src/modules/matter-relations/routes.ts:115; apps/api/src/modules/matter-relations/routes.ts:122","index:matters_parent_idx; foreign_key:matters_parent_id_matters_id_fk; check:matters_parent_self_check"
"matters","opened_at","openedAt","timestamp with time zone","false","ACTIVE","Matter lifecycle, hierarchy, ownership, custom fields and confidentiality.","Current runtime query, row projection, filtering, authorization or processing reads this field; see evidence and table purpose.","packages/db/src/schema/matters.ts:54","0071_parched_ronan","apps/api/src/modules/matters/routes.ts:327; apps/api/src/modules/matters/routes.ts:454; apps/api/src/modules/matters/routes.ts:213","","apps/api/src/modules/matters/routes.ts:327; apps/api/src/modules/matters/routes.ts:454; apps/api/src/modules/matters/routes.ts:213",""
"matters","closed_at","closedAt","timestamp with time zone","true","ACTIVE","Matter lifecycle, hierarchy, ownership, custom fields and confidentiality.","Current runtime query, row projection, filtering, authorization or processing reads this field; see evidence and table purpose.","packages/db/src/schema/matters.ts:56","0071_parched_ronan","apps/api/src/modules/matters/routes.ts:214; apps/api/src/modules/matters/routes.ts:1073; apps/api/src/modules/matters/routes.ts:1079","","apps/api/src/modules/matters/routes.ts:214; apps/api/src/modules/matters/routes.ts:1073; apps/api/src/modules/matters/routes.ts:1079",""
"matters","is_confidential","isConfidential","boolean","false","ACTIVE","Matter lifecycle, hierarchy, ownership, custom fields and confidentiality.","Current runtime query, row projection, filtering, authorization or processing reads this field; see evidence and table purpose.","packages/db/src/schema/matters.ts:57","0071_parched_ronan","apps/api/src/lib/matter-access.ts:48; apps/api/src/lib/matter-access.ts:174; apps/api/src/modules/entities/linked-records.ts:131; apps/api/src/modules/home/sections/dates.ts:221; apps/api/src/modules/home/sections/tasks.ts:147","apps/api/src/modules/matters/create.ts:186","apps/api/src/lib/matter-access.ts:48; apps/api/src/lib/matter-access.ts:174; apps/api/src/modules/entities/linked-records.ts:131; apps/api/src/modules/home/sections/dates.ts:221",""
"matters","created_by","createdBy","text","false","KEEP_PORTAL_DEPENDENCY","Matter lifecycle, hierarchy, ownership, custom fields and confidentiality.","Write-only and duplicated by immutable creator membership on dev, but pending Portal code uses it for authorization after retiring team roles. Do not remove across this transition.","packages/db/src/schema/matters.ts:58","0071_parched_ronan","","apps/api/src/modules/matters/create.ts:187","apps/api/src/modules/matters/create.ts:187; apps/api/src/modules/matters/create.ts:192; git:80e5f61b:apps/api/src/lib/matter-access.ts:110","foreign_key:matters_created_by_users_id_fk"
"matters","created_at","createdAt","timestamp with time zone","false","ACTIVE","Matter lifecycle, hierarchy, ownership, custom fields and confidentiality.","Current runtime query, row projection, filtering, authorization or processing reads this field; see evidence and table purpose.","packages/db/src/schema/matters.ts:61","0071_parched_ronan","apps/api/src/modules/matters/create.ts:209; apps/api/src/modules/matters/routes.ts:217","","apps/api/src/modules/matters/create.ts:209; apps/api/src/modules/matters/routes.ts:217",""
"matters","updated_at","updatedAt","timestamp with time zone","false","ACTIVE","Matter lifecycle, hierarchy, ownership, custom fields and confidentiality.","Current runtime query, row projection, filtering, authorization or processing reads this field; see evidence and table purpose.","packages/db/src/schema/matters.ts:62","0071_parched_ronan","apps/api/src/modules/matters/routes.ts:218","apps/api/src/lib/matter-relations.ts:55; apps/api/src/lib/matter-relations.ts:62; apps/api/src/modules/matters/routes.ts:1123; apps/api/src/modules/matters/routes.ts:1345","apps/api/src/modules/matters/routes.ts:218",""
"matters","archived_at","archivedAt","timestamp with time zone","true","ACTIVE","Matter lifecycle, hierarchy, ownership, custom fields and confidentiality.","Current runtime query, row projection, filtering, authorization or processing reads this field; see evidence and table purpose.","packages/db/src/schema/matters.ts:67","0071_parched_ronan","apps/api/src/lib/document-access.ts:52; apps/api/src/pipeline/morning-round.ts:688; apps/api/src/modules/comments/routes.ts:1346; apps/api/src/modules/entities/obligation-routes.ts:218; apps/api/src/modules/entities/obligation-routes.ts:337","apps/api/src/modules/matters/routes.ts:1345; apps/api/src/modules/matters/routes.ts:1385","apps/api/src/lib/document-access.ts:52; apps/api/src/pipeline/morning-round.ts:688; apps/api/src/modules/comments/routes.ts:1346; apps/api/src/modules/entities/obligation-routes.ts:218",""
"matters","search_vector","searchVector","tsvector","true","GENERATED_SEARCH","Matter lifecycle, hierarchy, ownership, custom fields and confidentiality.","PostgreSQL maintains a stored search vector consumed by search queries and its GIN index.","packages/db/src/schema/matters.ts:70","0080_calm_cloak","apps/api/src/modules/search/routes.ts:207","","apps/api/src/modules/search/routes.ts:207","index:matters_search_vector_idx"
"notification_preferences","user_id","userId","text","false","ACTIVE","Per-user event/channel overrides used by delivery policy.","Current runtime query, row projection, filtering, authorization or processing reads this field; see evidence and table purpose.","packages/db/src/schema/notifications.ts:323","0052_notifications","apps/api/src/lib/notifications/preferences.ts:81; apps/api/src/lib/notifications/preferences.ts:88; apps/api/src/lib/notifications/preferences.ts:123; apps/api/src/lib/notifications/preferences.ts:147; apps/api/src/lib/notifications/preferences.ts:154","apps/api/src/lib/notifications/preferences.ts:229; apps/api/src/lib/notifications/preferences.ts:258","apps/api/src/lib/notifications/preferences.ts:81; apps/api/src/lib/notifications/preferences.ts:88; apps/api/src/lib/notifications/preferences.ts:123; apps/api/src/lib/notifications/preferences.ts:147","foreign_key:notification_preferences_user_id_users_id_fk; primary_key:notification_preferences_pkey"
"notification_preferences","event_group","eventGroup","text","false","ACTIVE","Per-user event/channel overrides used by delivery policy.","Current runtime query, row projection, filtering, authorization or processing reads this field; see evidence and table purpose.","packages/db/src/schema/notifications.ts:326","0052_notifications","apps/api/src/lib/notifications/preferences.ts:89; apps/api/src/lib/notifications/preferences.ts:118; apps/api/src/lib/notifications/preferences.ts:148; apps/api/src/lib/notifications/preferences.ts:155; apps/api/src/lib/notifications/preferences.ts:216","apps/api/src/lib/notifications/preferences.ts:229; apps/api/src/lib/notifications/preferences.ts:258","apps/api/src/lib/notifications/preferences.ts:89; apps/api/src/lib/notifications/preferences.ts:118; apps/api/src/lib/notifications/preferences.ts:148; apps/api/src/lib/notifications/preferences.ts:155","primary_key:notification_preferences_pkey; check:notification_preferences_group_check; check:notification_preferences_briefing_email_only"
"notification_preferences","channel","channel","text","false","ACTIVE","Per-user event/channel overrides used by delivery policy.","Current runtime query, row projection, filtering, authorization or processing reads this field; see evidence and table purpose.","packages/db/src/schema/notifications.ts:327","0052_notifications","apps/api/src/lib/notifications/preferences.ts:82; apps/api/src/lib/notifications/preferences.ts:119; apps/api/src/lib/notifications/preferences.ts:156; apps/api/src/lib/notifications/preferences.ts:217; apps/api/src/lib/notifications/preferences.ts:234","apps/api/src/lib/notifications/preferences.ts:229; apps/api/src/lib/notifications/preferences.ts:258","apps/api/src/lib/notifications/preferences.ts:82; apps/api/src/lib/notifications/preferences.ts:119; apps/api/src/lib/notifications/preferences.ts:156; apps/api/src/lib/notifications/preferences.ts:217","primary_key:notification_preferences_pkey; check:notification_preferences_channel_check; check:notification_preferences_briefing_email_only"
"notification_preferences","enabled","enabled","boolean","false","ACTIVE","Per-user event/channel overrides used by delivery policy.","Current runtime query, row projection, filtering, authorization or processing reads this field; see evidence and table purpose.","packages/db/src/schema/notifications.ts:328","0052_notifications","apps/api/src/lib/notifications/preferences.ts:83; apps/api/src/lib/notifications/preferences.ts:120; apps/api/src/lib/notifications/preferences.ts:149","apps/api/src/lib/notifications/preferences.ts:229; apps/api/src/lib/notifications/preferences.ts:258","apps/api/src/lib/notifications/preferences.ts:83; apps/api/src/lib/notifications/preferences.ts:120; apps/api/src/lib/notifications/preferences.ts:149",""
"notification_preferences","created_at","createdAt","timestamp with time zone","false","PASSIVE_METADATA","Per-user event/channel overrides used by delivery policy.","Stamped on insertion. No application reader identified after projections and generic helpers were checked. Retained by schema timestamp convention; not proven functionally integral.","packages/db/src/schema/notifications.ts:329","0052_notifications","","","packages/db/src/schema/notifications.ts:329; docs/decision-records/SCHEMA.md:18",""
"notification_preferences","updated_at","updatedAt","timestamp with time zone","false","PASSIVE_METADATA","Per-user event/channel overrides used by delivery policy.","Automatically refreshed by Drizzle. No application reader identified after projections and generic helpers were checked. Retained by schema timestamp convention; not proven functionally integral.","packages/db/src/schema/notifications.ts:330","0052_notifications","","","packages/db/src/schema/notifications.ts:330; docs/decision-records/SCHEMA.md:18",""
"notifications","id","id","text","false","ACTIVE","In-app inbox, durable email outbox and reminder deduplication.","Current runtime query, row projection, filtering, authorization or processing reads this field; see evidence and table purpose.","packages/db/src/schema/notifications.ts:177","0052_notifications","apps/api/src/pipeline/notification-email.ts:155; apps/api/src/pipeline/notification-email.ts:177; apps/api/src/pipeline/notification-email.ts:192; apps/api/src/pipeline/morning-round.ts:885; apps/api/src/pipeline/morning-round.ts:909","","apps/api/src/pipeline/notification-email.ts:155; apps/api/src/pipeline/notification-email.ts:177; apps/api/src/pipeline/notification-email.ts:192; apps/api/src/pipeline/morning-round.ts:885","index:notifications_user_idx; foreign_key:notifications_user_id_users_id_fk; primary_key:notifications_pkey"
"notifications","user_id","userId","text","false","ACTIVE","In-app inbox, durable email outbox and reminder deduplication.","Current runtime query, row projection, filtering, authorization or processing reads this field; see evidence and table purpose.","packages/db/src/schema/notifications.ts:180","0052_notifications","apps/api/src/pipeline/notification-email.ts:178; apps/api/src/pipeline/notification-email.ts:191; apps/api/src/pipeline/morning-round.ts:802; apps/api/src/pipeline/morning-round.ts:900; apps/api/src/lib/notifications/notifier.ts:912","apps/api/src/pipeline/morning-round.ts:1111","apps/api/src/pipeline/notification-email.ts:178; apps/api/src/pipeline/notification-email.ts:191; apps/api/src/pipeline/morning-round.ts:802; apps/api/src/pipeline/morning-round.ts:900","index:notifications_user_idx; index:notifications_unread_idx; index:notifications_reminder_idx; foreign_key:notifications_user_id_users_id_fk"
"notifications","event_type","eventType","text","false","ACTIVE","In-app inbox, durable email outbox and reminder deduplication.","Current runtime query, row projection, filtering, authorization or processing reads this field; see evidence and table purpose.","packages/db/src/schema/notifications.ts:184","0052_notifications","apps/api/src/pipeline/notification-email.ts:179; apps/api/src/pipeline/morning-round.ts:886; apps/api/src/lib/notifications/audience.ts:585; apps/api/src/lib/notifications/audience.ts:626; apps/api/src/lib/notifications/audience.ts:644","apps/api/src/pipeline/morning-round.ts:1112","apps/api/src/pipeline/notification-email.ts:179; apps/api/src/pipeline/morning-round.ts:886; apps/api/src/lib/notifications/audience.ts:585; apps/api/src/lib/notifications/audience.ts:626","index:notifications_reminder_idx"
"notifications","entity_type","entityType","text","false","ACTIVE","In-app inbox, durable email outbox and reminder deduplication.","Current runtime query, row projection, filtering, authorization or processing reads this field; see evidence and table purpose.","packages/db/src/schema/notifications.ts:185","0052_notifications","apps/api/src/pipeline/notification-email.ts:180; apps/api/src/pipeline/morning-round.ts:887; apps/api/src/pipeline/morning-round.ts:896; apps/api/src/lib/notifications/audience.ts:587; apps/api/src/lib/notifications/audience.ts:597","apps/api/src/pipeline/morning-round.ts:1116","apps/api/src/pipeline/notification-email.ts:180; apps/api/src/pipeline/morning-round.ts:887; apps/api/src/pipeline/morning-round.ts:896; apps/api/src/lib/notifications/audience.ts:587","index:notifications_reminder_idx; check:notifications_entity_type_check"
"notifications","entity_id","entityId","text","false","ACTIVE","In-app inbox, durable email outbox and reminder deduplication.","Current runtime query, row projection, filtering, authorization or processing reads this field; see evidence and table purpose.","packages/db/src/schema/notifications.ts:187","0052_notifications","apps/api/src/pipeline/notification-email.ts:181; apps/api/src/pipeline/morning-round.ts:888; apps/api/src/pipeline/morning-round.ts:896; apps/api/src/lib/notifications/audience.ts:592; apps/api/src/lib/notifications/audience.ts:601","apps/api/src/pipeline/morning-round.ts:1117","apps/api/src/pipeline/notification-email.ts:181; apps/api/src/pipeline/morning-round.ts:888; apps/api/src/pipeline/morning-round.ts:896; apps/api/src/lib/notifications/audience.ts:592","index:notifications_reminder_idx"
"notifications","payload","payload","jsonb","false","ACTIVE","In-app inbox, durable email outbox and reminder deduplication.","Current runtime query, row projection, filtering, authorization or processing reads this field; see evidence and table purpose.","packages/db/src/schema/notifications.ts:197","0052_notifications","apps/api/src/pipeline/notification-email.ts:182; apps/api/src/pipeline/morning-round.ts:889; apps/api/src/modules/notifications/routes.ts:405","apps/api/src/pipeline/morning-round.ts:1118","apps/api/src/pipeline/notification-email.ts:182; apps/api/src/pipeline/morning-round.ts:889; apps/api/src/modules/notifications/routes.ts:405","index:notifications_reminder_idx"
"notifications","read_at","readAt","timestamp with time zone","true","ACTIVE","In-app inbox, durable email outbox and reminder deduplication.","Current runtime query, row projection, filtering, authorization or processing reads this field; see evidence and table purpose.","packages/db/src/schema/notifications.ts:200","0052_notifications","apps/api/src/modules/notifications/routes.ts:144; apps/api/src/modules/notifications/routes.ts:406; apps/api/src/modules/notifications/routes.ts:479; apps/api/src/modules/notifications/routes.ts:512","apps/api/src/modules/notifications/routes.ts:471; apps/api/src/modules/notifications/routes.ts:508","apps/api/src/modules/notifications/routes.ts:144; apps/api/src/modules/notifications/routes.ts:406; apps/api/src/modules/notifications/routes.ts:479; apps/api/src/modules/notifications/routes.ts:512","index:notifications_unread_idx"
"notifications","email_owed","emailOwed","boolean","false","ACTIVE","In-app inbox, durable email outbox and reminder deduplication.","Current runtime query, row projection, filtering, authorization or processing reads this field; see evidence and table purpose.","packages/db/src/schema/notifications.ts:219","0052_notifications","apps/api/src/pipeline/notification-email.ts:156; apps/api/src/pipeline/notification-email.ts:183; apps/api/src/pipeline/morning-round.ts:904; apps/api/src/pipeline/morning-round.ts:1205; apps/api/src/pipeline/morning-round.ts:1238","apps/api/src/pipeline/morning-round.ts:1119","apps/api/src/pipeline/notification-email.ts:156; apps/api/src/pipeline/notification-email.ts:183; apps/api/src/pipeline/morning-round.ts:904; apps/api/src/pipeline/morning-round.ts:1205","check:notifications_email_owed"
"notifications","emailed_at","emailedAt","timestamp with time zone","true","ACTIVE","In-app inbox, durable email outbox and reminder deduplication.","Current runtime query, row projection, filtering, authorization or processing reads this field; see evidence and table purpose.","packages/db/src/schema/notifications.ts:222","0052_notifications","apps/api/src/pipeline/notification-email.ts:157; apps/api/src/pipeline/notification-email.ts:184; apps/api/src/pipeline/morning-round.ts:798; apps/api/src/pipeline/morning-round.ts:804; apps/api/src/pipeline/morning-round.ts:807","","apps/api/src/pipeline/notification-email.ts:157; apps/api/src/pipeline/notification-email.ts:184; apps/api/src/pipeline/morning-round.ts:798; apps/api/src/pipeline/morning-round.ts:804","check:notifications_email_outcome; check:notifications_email_owed"
"notifications","email_skipped_at","emailSkippedAt","timestamp with time zone","true","ACTIVE","In-app inbox, durable email outbox and reminder deduplication.","Current runtime query, row projection, filtering, authorization or processing reads this field; see evidence and table purpose.","packages/db/src/schema/notifications.ts:235","0052_notifications","apps/api/src/pipeline/notification-email.ts:158; apps/api/src/pipeline/notification-email.ts:185; apps/api/src/pipeline/morning-round.ts:906; apps/api/src/pipeline/morning-round.ts:1207; apps/api/src/pipeline/morning-round.ts:1240","","apps/api/src/pipeline/notification-email.ts:158; apps/api/src/pipeline/notification-email.ts:185; apps/api/src/pipeline/morning-round.ts:906; apps/api/src/pipeline/morning-round.ts:1207","check:notifications_email_outcome; check:notifications_email_owed"
"notifications","reminder_date","reminderDate","date","true","ACTIVE","In-app inbox, durable email outbox and reminder deduplication.","Current runtime query, row projection, filtering, authorization or processing reads this field; see evidence and table purpose.","packages/db/src/schema/notifications.ts:248","0052_notifications","apps/api/src/pipeline/morning-round.ts:803; apps/api/src/pipeline/morning-round.ts:890; apps/api/src/pipeline/morning-round.ts:903; apps/api/src/pipeline/morning-round.ts:909; apps/api/src/pipeline/morning-round.ts:1241","apps/api/src/pipeline/morning-round.ts:1120","apps/api/src/pipeline/morning-round.ts:803; apps/api/src/pipeline/morning-round.ts:890; apps/api/src/pipeline/morning-round.ts:903; apps/api/src/pipeline/morning-round.ts:909","index:notifications_reminder_idx; check:notifications_reminder_pair"
"notifications","reminder_offset_days","reminderOffsetDays","integer","true","STRUCTURAL","In-app inbox, durable email outbox and reminder deduplication.","Written into the durable reminder deduplication key; its unique index prevents duplicate sends.","packages/db/src/schema/notifications.ts:249","0052_notifications","","apps/api/src/pipeline/morning-round.ts:1121","apps/api/src/pipeline/morning-round.ts:1121; packages/db/src/schema/notifications.ts; packages/db/migrations/0098_distinct_key_date_reminders.sql:14","index:notifications_reminder_idx; check:notifications_reminder_pair"
"notifications","created_at","createdAt","timestamp with time zone","false","ACTIVE","In-app inbox, durable email outbox and reminder deduplication.","Current runtime query, row projection, filtering, authorization or processing reads this field; see evidence and table purpose.","packages/db/src/schema/notifications.ts:250","0052_notifications","apps/api/src/pipeline/morning-round.ts:1242; apps/api/src/pipeline/morning-round.ts:1245; apps/api/src/modules/notifications/routes.ts:391; apps/api/src/modules/notifications/routes.ts:392; apps/api/src/modules/notifications/routes.ts:407","apps/api/src/pipeline/morning-round.ts:1122","apps/api/src/pipeline/morning-round.ts:1242; apps/api/src/pipeline/morning-round.ts:1245; apps/api/src/modules/notifications/routes.ts:391; apps/api/src/modules/notifications/routes.ts:392","index:notifications_user_idx"
"officer_roles","id","id","text","false","ACTIVE","Configurable officer role taxonomy.","Current runtime query, row projection, filtering, authorization or processing reads this field; see evidence and table purpose.","packages/db/src/schema/helpers.ts:37","0082_great_betty_ross","apps/api/src/modules/entities/record-routes.ts:97; apps/api/src/modules/entities/record-routes.ts:133; apps/api/src/modules/entities/record-routes.ts:138; apps/api/src/modules/entities/record-routes.ts:395; apps/api/src/modules/entities/routes.ts:484","","apps/api/src/modules/entities/record-routes.ts:97; apps/api/src/modules/entities/record-routes.ts:133; apps/api/src/modules/entities/record-routes.ts:138; apps/api/src/modules/entities/record-routes.ts:395","primary_key:officer_roles_pkey"
"officer_roles","slug","slug","text","false","ACTIVE","Configurable officer role taxonomy.","Current runtime query, row projection, filtering, authorization or processing reads this field; see evidence and table purpose.","packages/db/src/schema/helpers.ts:37","0082_great_betty_ross","apps/api/src/modules/entities/routes.ts:485; apps/api/src/lib/taxonomy-routes.ts:256; apps/api/src/lib/taxonomy-routes.ts:363; apps/api/src/lib/taxonomy-routes.ts:562; apps/api/src/lib/taxonomy-routes.ts:574","","apps/api/src/modules/entities/routes.ts:485; apps/api/src/lib/taxonomy-routes.ts:256; apps/api/src/lib/taxonomy-routes.ts:363; apps/api/src/lib/taxonomy-routes.ts:562","index:officer_roles_slug_unique"
"officer_roles","display_name","displayName","text","false","ACTIVE","Configurable officer role taxonomy.","Current runtime query, row projection, filtering, authorization or processing reads this field; see evidence and table purpose.","packages/db/src/schema/helpers.ts:37","0082_great_betty_ross","apps/api/src/modules/entities/record-routes.ts:86; apps/api/src/modules/entities/record-routes.ts:134; apps/api/src/modules/entities/record-routes.ts:393; apps/api/src/modules/entities/routes.ts:486; apps/api/src/lib/taxonomy-routes.ts:257","","apps/api/src/modules/entities/record-routes.ts:86; apps/api/src/modules/entities/record-routes.ts:134; apps/api/src/modules/entities/record-routes.ts:393; apps/api/src/modules/entities/routes.ts:486",""
"officer_roles","description","description","text","true","ACTIVE","Configurable officer role taxonomy.","Current runtime query, row projection, filtering, authorization or processing reads this field; see evidence and table purpose.","packages/db/src/schema/helpers.ts:37","0082_great_betty_ross","apps/api/src/lib/taxonomy-routes.ts:258; apps/api/src/lib/taxonomy-routes.ts:504; apps/api/src/lib/taxonomy-routes.ts:532","","apps/api/src/lib/taxonomy-routes.ts:258; apps/api/src/lib/taxonomy-routes.ts:504; apps/api/src/lib/taxonomy-routes.ts:532",""
"officer_roles","display_order","displayOrder","integer","false","ACTIVE","Configurable officer role taxonomy.","Current runtime query, row projection, filtering, authorization or processing reads this field; see evidence and table purpose.","packages/db/src/schema/helpers.ts:37","0082_great_betty_ross","apps/api/src/modules/entities/routes.ts:490; apps/api/src/lib/taxonomy-routes.ts:259; apps/api/src/lib/taxonomy-routes.ts:619","","apps/api/src/modules/entities/routes.ts:490; apps/api/src/lib/taxonomy-routes.ts:259; apps/api/src/lib/taxonomy-routes.ts:619",""
"officer_roles","is_system_default","isSystemDefault","boolean","false","REVIEW_API_ONLY","Configurable officer role taxonomy.","Seed provenance is serialized by the API. No shipped UI behavior or permission/default-selection rule consumes the flag; protected rows are identified by slug. Deprecate the response property before any removal.","packages/db/src/schema/helpers.ts:37","0082_great_betty_ross","apps/api/src/lib/taxonomy-routes.ts:260","","apps/api/src/lib/taxonomy-routes.ts:254; apps/api/src/lib/taxonomy-routes.ts:363; apps/api/src/modules/contract-statuses/routes.ts:66; apps/api/src/modules/matter-statuses/routes.ts:48",""
"officer_roles","archived_at","archivedAt","timestamp with time zone","true","ACTIVE","Configurable officer role taxonomy.","Current runtime query, row projection, filtering, authorization or processing reads this field; see evidence and table purpose.","packages/db/src/schema/helpers.ts:37","0082_great_betty_ross","apps/api/src/modules/entities/record-routes.ts:135; apps/api/src/modules/entities/routes.ts:489; apps/api/src/lib/taxonomy-routes.ts:261; apps/api/src/lib/taxonomy-routes.ts:680; apps/api/src/lib/taxonomy-routes.ts:693","","apps/api/src/modules/entities/record-routes.ts:135; apps/api/src/modules/entities/routes.ts:489; apps/api/src/lib/taxonomy-routes.ts:261; apps/api/src/lib/taxonomy-routes.ts:680",""
"officer_roles","created_at","createdAt","timestamp with time zone","false","ACTIVE","Configurable officer role taxonomy.","Current runtime query, row projection, filtering, authorization or processing reads this field; see evidence and table purpose.","packages/db/src/schema/helpers.ts:37","0082_great_betty_ross","apps/api/src/modules/entities/routes.ts:490","","apps/api/src/modules/entities/routes.ts:490",""
"officer_roles","updated_at","updatedAt","timestamp with time zone","false","PASSIVE_METADATA","Configurable officer role taxonomy.","Automatically refreshed by Drizzle. No application reader identified after projections and generic helpers were checked. Retained by schema timestamp convention; not proven functionally integral.","packages/db/src/schema/helpers.ts:37","0082_great_betty_ross","","","packages/db/src/schema/helpers.ts:37; docs/decision-records/SCHEMA.md:18",""
"org_settings","id","id","text","false","ACTIVE","Singleton identity, authentication, locale, SMTP, reminders and onboarding settings.","Current runtime query, row projection, filtering, authorization or processing reads this field; see evidence and table purpose.","packages/db/src/schema/org.ts:21","0000_auth","packages/db/src/rewrap.ts:85; apps/api/src/modules/auth/routes.ts:876; apps/api/src/modules/auth/routes.ts:885; apps/api/src/modules/auth/routes.ts:946; apps/api/src/modules/auth/routes.ts:956","","packages/db/src/rewrap.ts:85; apps/api/src/modules/auth/routes.ts:876; apps/api/src/modules/auth/routes.ts:885; apps/api/src/modules/auth/routes.ts:946","primary_key:org_settings_pkey"
"org_settings","auth_mode","authMode","text","false","ACTIVE","Singleton identity, authentication, locale, SMTP, reminders and onboarding settings.","Current runtime query, row projection, filtering, authorization or processing reads this field; see evidence and table purpose.","packages/db/src/schema/org.ts:22","0000_auth","apps/api/src/modules/auth/routes.ts:876; apps/api/src/modules/auth/routes.ts:886; apps/api/src/modules/auth/routes.ts:274; apps/api/src/modules/auth/routes.ts:845; apps/api/src/modules/onboarding/routes.ts:124","apps/api/src/modules/auth/routes.ts:884","apps/api/src/modules/auth/routes.ts:876; apps/api/src/modules/auth/routes.ts:886; apps/api/src/modules/auth/routes.ts:274; apps/api/src/modules/auth/routes.ts:845","check:org_settings_auth_mode_check"
"org_settings","magic_link_enabled","magicLinkEnabled","boolean","false","ACTIVE","Singleton identity, authentication, locale, SMTP, reminders and onboarding settings.","Current runtime query, row projection, filtering, authorization or processing reads this field; see evidence and table purpose.","packages/db/src/schema/org.ts:24","0000_auth","apps/api/src/modules/auth/routes.ts:992; apps/api/src/modules/auth/routes.ts:1004; apps/api/src/modules/auth/routes.ts:275; apps/api/src/modules/auth/routes.ts:1047; apps/api/src/auth/instance.ts:155","apps/api/src/modules/auth/routes.ts:1002","apps/api/src/modules/auth/routes.ts:992; apps/api/src/modules/auth/routes.ts:1004; apps/api/src/modules/auth/routes.ts:275; apps/api/src/modules/auth/routes.ts:1047",""
"org_settings","allowed_email_domains","allowedEmailDomains","jsonb","false","ACTIVE","Singleton identity, authentication, locale, SMTP, reminders and onboarding settings.","Current runtime query, row projection, filtering, authorization or processing reads this field; see evidence and table purpose.","packages/db/src/schema/org.ts:30","0000_auth","apps/api/src/modules/auth/routes.ts:946; apps/api/src/modules/auth/routes.ts:957; apps/api/src/modules/auth/routes.ts:917; apps/api/src/modules/auth/routes.ts:1063; apps/api/src/modules/onboarding/routes.ts:127","apps/api/src/modules/auth/routes.ts:955","apps/api/src/modules/auth/routes.ts:946; apps/api/src/modules/auth/routes.ts:957; apps/api/src/modules/auth/routes.ts:917; apps/api/src/modules/auth/routes.ts:1063",""
"org_settings","name","name","text","false","ACTIVE","Singleton identity, authentication, locale, SMTP, reminders and onboarding settings.","Current runtime query, row projection, filtering, authorization or processing reads this field; see evidence and table purpose.","packages/db/src/schema/org.ts:32","0005_org_general","apps/api/src/modules/org/routes.ts:98; apps/api/src/modules/org/routes.ts:170; apps/api/src/modules/onboarding/routes.ts:119","","apps/api/src/modules/org/routes.ts:98; apps/api/src/modules/org/routes.ts:170; apps/api/src/modules/onboarding/routes.ts:119","index:org_settings_singleton; check:org_settings_auth_mode_check"
"org_settings","logo","logo","text","true","ACTIVE","Singleton identity, authentication, locale, SMTP, reminders and onboarding settings.","Current runtime query, row projection, filtering, authorization or processing reads this field; see evidence and table purpose.","packages/db/src/schema/org.ts:34","0005_org_general","apps/api/src/modules/org/routes.ts:99; apps/api/src/modules/org/routes.ts:159; apps/api/src/modules/org/routes.ts:160; apps/api/src/modules/org/routes.ts:171","","apps/api/src/modules/org/routes.ts:99; apps/api/src/modules/org/routes.ts:159; apps/api/src/modules/org/routes.ts:160; apps/api/src/modules/org/routes.ts:171",""
"org_settings","currencies_in_use","currenciesInUse","jsonb","false","ACTIVE","Singleton identity, authentication, locale, SMTP, reminders and onboarding settings.","Current runtime query, row projection, filtering, authorization or processing reads this field; see evidence and table purpose.","packages/db/src/schema/org.ts:35","0097_currencies_in_use","apps/api/src/modules/org/currencies.ts:26; apps/api/src/modules/org/currencies.ts:38","apps/api/src/modules/org/currencies.ts:45","apps/api/src/modules/org/currencies.ts:26; apps/api/src/modules/org/currencies.ts:38",""
"org_settings","default_locale","defaultLocale","text","false","ACTIVE","Singleton identity, authentication, locale, SMTP, reminders and onboarding settings.","Current runtime query, row projection, filtering, authorization or processing reads this field; see evidence and table purpose.","packages/db/src/schema/org.ts:37","0005_org_general","apps/api/src/modules/org/routes.ts:102; apps/api/src/modules/org/routes.ts:172","","apps/api/src/modules/org/routes.ts:102; apps/api/src/modules/org/routes.ts:172",""
"org_settings","default_timezone","defaultTimezone","text","false","ACTIVE","Singleton identity, authentication, locale, SMTP, reminders and onboarding settings.","Current runtime query, row projection, filtering, authorization or processing reads this field; see evidence and table purpose.","packages/db/src/schema/org.ts:39","0005_org_general","apps/api/src/modules/requests/calendar.ts:9; apps/api/src/modules/org/routes.ts:103; apps/api/src/modules/org/routes.ts:173","","apps/api/src/modules/requests/calendar.ts:9; apps/api/src/modules/org/routes.ts:103; apps/api/src/modules/org/routes.ts:173",""
"org_settings","reminder_offset_days","reminderOffsetDays","jsonb","false","ACTIVE","Singleton identity, authentication, locale, SMTP, reminders and onboarding settings.","Current runtime query, row projection, filtering, authorization or processing reads this field; see evidence and table purpose.","packages/db/src/schema/org.ts:61","0053_reminder_offsets","apps/api/src/lib/notifications/offsets.ts:108; apps/api/src/modules/org/routes.ts:198; apps/api/src/modules/org/routes.ts:238; apps/api/src/modules/org/routes.ts:251","apps/api/src/modules/org/routes.ts:249","apps/api/src/lib/notifications/offsets.ts:108; apps/api/src/modules/org/routes.ts:198; apps/api/src/modules/org/routes.ts:238; apps/api/src/modules/org/routes.ts:251",""
"org_settings","onboarding_completed_at","onboardingCompletedAt","timestamp with time zone","true","ACTIVE","Singleton identity, authentication, locale, SMTP, reminders and onboarding settings.","Current runtime query, row projection, filtering, authorization or processing reads this field; see evidence and table purpose.","packages/db/src/schema/org.ts:70","0001_onboarding","apps/api/src/modules/onboarding/routes.ts:206; apps/api/src/modules/onboarding/routes.ts:117; apps/api/src/modules/onboarding/routes.ts:200","apps/api/src/modules/onboarding/routes.ts:205","apps/api/src/modules/onboarding/routes.ts:206; apps/api/src/modules/onboarding/routes.ts:117; apps/api/src/modules/onboarding/routes.ts:200",""
"org_settings","onboarding_reviewed_types_at","onboardingReviewedTypesAt","timestamp with time zone","true","ACTIVE","Singleton identity, authentication, locale, SMTP, reminders and onboarding settings.","Current runtime query, row projection, filtering, authorization or processing reads this field; see evidence and table purpose.","packages/db/src/schema/org.ts:72","0090_onboarding_reviewed_types","apps/api/src/modules/onboarding/routes.ts:177; apps/api/src/modules/onboarding/routes.ts:137; apps/api/src/modules/onboarding/routes.ts:173","apps/api/src/modules/onboarding/routes.ts:176","apps/api/src/modules/onboarding/routes.ts:177; apps/api/src/modules/onboarding/routes.ts:137; apps/api/src/modules/onboarding/routes.ts:173",""
"org_settings","smtp_url","smtpUrl","text","true","ACTIVE","Singleton identity, authentication, locale, SMTP, reminders and onboarding settings.","Current runtime query, row projection, filtering, authorization or processing reads this field; see evidence and table purpose.","packages/db/src/schema/org.ts:83","0003_smtp","apps/api/src/lib/mailer.ts:125; apps/api/src/lib/mailer.ts:129","apps/api/src/modules/email-settings/routes.ts:132","apps/api/src/lib/mailer.ts:125; apps/api/src/lib/mailer.ts:129",""
"org_settings","smtp_from","smtpFrom","text","true","ACTIVE","Singleton identity, authentication, locale, SMTP, reminders and onboarding settings.","Current runtime query, row projection, filtering, authorization or processing reads this field; see evidence and table purpose.","packages/db/src/schema/org.ts:85","0003_smtp","apps/api/src/lib/mailer.ts:125; apps/api/src/lib/mailer.ts:128; apps/api/src/lib/mailer.ts:129","apps/api/src/modules/email-settings/routes.ts:132","apps/api/src/lib/mailer.ts:125; apps/api/src/lib/mailer.ts:128; apps/api/src/lib/mailer.ts:129",""
"org_settings","created_at","createdAt","timestamp with time zone","false","PASSIVE_METADATA","Singleton identity, authentication, locale, SMTP, reminders and onboarding settings.","Stamped on insertion. No application reader identified after projections and generic helpers were checked. Retained by schema timestamp convention; not proven functionally integral.","packages/db/src/schema/org.ts:86","0000_auth","","","packages/db/src/schema/org.ts:86; docs/decision-records/SCHEMA.md:18",""
"org_settings","updated_at","updatedAt","timestamp with time zone","false","PASSIVE_METADATA","Singleton identity, authentication, locale, SMTP, reminders and onboarding settings.","Automatically refreshed by Drizzle. No application reader identified after projections and generic helpers were checked. Retained by schema timestamp convention; not proven functionally integral.","packages/db/src/schema/org.ts:90","0000_auth","","apps/api/src/modules/auth/routes.ts:884; apps/api/src/modules/auth/routes.ts:955; apps/api/src/modules/auth/routes.ts:1002; apps/api/src/modules/org/routes.ts:142","packages/db/src/schema/org.ts:90; docs/decision-records/SCHEMA.md:18",""
"request_attachments","id","id","text","false","ACTIVE","Original intake paper, downloads and promoted-version evidence links.","Current runtime query, row projection, filtering, authorization or processing reads this field; see evidence and table purpose.","packages/db/src/schema/request-attachments.ts:37","0062_request_attachments","apps/api/src/lib/conversion-draft.ts:171; apps/api/src/lib/conversion-source-privacy.ts:30; apps/api/src/pipeline/automatic-contract-analysis.ts:94; apps/api/src/modules/requests/projection.ts:252; apps/api/src/modules/requests/projection.ts:258","apps/api/src/modules/requests/routes.ts:624","apps/api/src/lib/conversion-draft.ts:171; apps/api/src/lib/conversion-source-privacy.ts:30; apps/api/src/pipeline/automatic-contract-analysis.ts:94; apps/api/src/modules/requests/projection.ts:252","foreign_key:request_attachments_request_id_requests_id_fk; foreign_key:request_attachments_uploaded_by_users_id_fk; foreign_key:request_attachments_promoted_version_id_document_versions_id_fk; primary_key:request_attachments_pkey"
"request_attachments","request_id","requestId","text","false","ACTIVE","Original intake paper, downloads and promoted-version evidence links.","Current runtime query, row projection, filtering, authorization or processing reads this field; see evidence and table purpose.","packages/db/src/schema/request-attachments.ts:45","0062_request_attachments","apps/api/src/lib/conversion-draft.ts:170; apps/api/src/modules/requests/routes.ts:614; apps/api/src/modules/requests/projection.ts:257; apps/api/src/modules/requests/projection.ts:278; apps/api/src/modules/requests/promote-paper.ts:219","apps/api/src/modules/requests/routes.ts:625","apps/api/src/lib/conversion-draft.ts:170; apps/api/src/modules/requests/routes.ts:614; apps/api/src/modules/requests/projection.ts:257; apps/api/src/modules/requests/projection.ts:278","index:request_attachments_request_idx; foreign_key:request_attachments_request_id_requests_id_fk"
"request_attachments","file_ref","fileRef","text","false","ACTIVE","Original intake paper, downloads and promoted-version evidence links.","Current runtime query, row projection, filtering, authorization or processing reads this field; see evidence and table purpose.","packages/db/src/schema/request-attachments.ts:49","0062_request_attachments","apps/api/src/modules/requests/projection.ts:275; apps/api/src/modules/requests/promote-paper.ts:215; apps/api/src/lib/conversion-draft.ts:176; apps/api/src/lib/conversion-draft.ts:177","apps/api/src/modules/requests/routes.ts:626","apps/api/src/modules/requests/projection.ts:275; apps/api/src/modules/requests/promote-paper.ts:215; apps/api/src/lib/conversion-draft.ts:176; apps/api/src/lib/conversion-draft.ts:177",""
"request_attachments","filename","filename","text","false","ACTIVE","Original intake paper, downloads and promoted-version evidence links.","Current runtime query, row projection, filtering, authorization or processing reads this field; see evidence and table purpose.","packages/db/src/schema/request-attachments.ts:52","0062_request_attachments","apps/api/src/modules/requests/projection.ts:253; apps/api/src/modules/requests/projection.ts:275; apps/api/src/modules/requests/promote-paper.ts:216; apps/api/src/lib/conversion-draft.ts:175; apps/api/src/lib/conversion-draft.ts:177","apps/api/src/modules/requests/routes.ts:627","apps/api/src/modules/requests/projection.ts:253; apps/api/src/modules/requests/projection.ts:275; apps/api/src/modules/requests/promote-paper.ts:216; apps/api/src/lib/conversion-draft.ts:175",""
"request_attachments","uploaded_by","uploadedBy","text","false","PROVENANCE_ONLY","Original intake paper, downloads and promoted-version evidence links.","Written at upload; no application reader/projection. Records who supplied the file separately from who requested the work, per the schema contract.","packages/db/src/schema/request-attachments.ts:56","0062_request_attachments","","apps/api/src/modules/requests/routes.ts:628","apps/api/src/modules/requests/routes.ts:628; docs/decision-records/SCHEMA.md:1185","foreign_key:request_attachments_uploaded_by_users_id_fk"
"request_attachments","promoted_version_id","promotedVersionId","text","true","ACTIVE","Original intake paper, downloads and promoted-version evidence links.","Current runtime query, row projection, filtering, authorization or processing reads this field; see evidence and table purpose.","packages/db/src/schema/request-attachments.ts:64","0103_minor_revanche","apps/api/src/lib/conversion-source-privacy.ts:31; apps/api/src/pipeline/automatic-contract-analysis.ts:96; apps/api/src/lib/conversion-draft.ts:179","apps/api/src/modules/requests/promote-paper.ts:281","apps/api/src/lib/conversion-source-privacy.ts:31; apps/api/src/pipeline/automatic-contract-analysis.ts:96; apps/api/src/lib/conversion-draft.ts:179","foreign_key:request_attachments_promoted_version_id_document_versions_id_fk"
"request_attachments","created_at","createdAt","timestamp with time zone","false","ACTIVE","Original intake paper, downloads and promoted-version evidence links.","Current runtime query, row projection, filtering, authorization or processing reads this field; see evidence and table purpose.","packages/db/src/schema/request-attachments.ts:67","0062_request_attachments","apps/api/src/lib/conversion-draft.ts:171; apps/api/src/modules/requests/projection.ts:254; apps/api/src/modules/requests/projection.ts:258; apps/api/src/modules/requests/promote-paper.ts:225","","apps/api/src/lib/conversion-draft.ts:171; apps/api/src/modules/requests/projection.ts:254; apps/api/src/modules/requests/projection.ts:258; apps/api/src/modules/requests/promote-paper.ts:225","index:request_attachments_request_idx"
"request_type_fields","request_type_id","typeId","text","false","ACTIVE_GENERIC","Request Type form fields, ordering and required-field validation.","Shared field-attachment routes and validation read/write the supplied join table; created_at breaks order ties.","packages/db/src/schema/request-type-fields.ts:38","0058_request_type_fields","apps/api/src/lib/conversion-draft.ts:86; apps/api/src/modules/request-types/form-definition.ts:121; apps/api/src/modules/request-types/form-definition.ts:162; apps/api/src/modules/request-types/form-definition.ts:165; apps/api/src/modules/request-types/form-definition.ts:166","","apps/api/src/lib/custom-fields.ts:118; apps/api/src/lib/type-field-routes.ts:210","foreign_key:request_type_fields_request_type_id_request_types_id_fk; primary_key:request_type_fields_request_type_id_field_id_pk"
"request_type_fields","field_id","fieldId","text","false","ACTIVE_GENERIC","Request Type form fields, ordering and required-field validation.","Shared field-attachment routes and validation read/write the supplied join table; created_at breaks order ties.","packages/db/src/schema/helpers.ts:37","0058_request_type_fields","apps/api/src/lib/conversion-draft.ts:85; apps/api/src/modules/request-types/form-definition.ts:120; apps/api/src/modules/request-types/form-definition.ts:164","","apps/api/src/lib/custom-fields.ts:118; apps/api/src/lib/type-field-routes.ts:210","index:request_type_fields_field_id_idx; foreign_key:request_type_fields_field_id_fields_id_fk; primary_key:request_type_fields_request_type_id_field_id_pk"
"request_type_fields","display_order","displayOrder","integer","false","ACTIVE_GENERIC","Request Type form fields, ordering and required-field validation.","Shared field-attachment routes and validation read/write the supplied join table; created_at breaks order ties.","packages/db/src/schema/helpers.ts:37","0058_request_type_fields","apps/api/src/modules/request-types/form-definition.ts:122","","apps/api/src/lib/custom-fields.ts:118; apps/api/src/lib/type-field-routes.ts:210",""
"request_type_fields","is_required","isRequired","boolean","false","ACTIVE_GENERIC","Request Type form fields, ordering and required-field validation.","Shared field-attachment routes and validation read/write the supplied join table; created_at breaks order ties.","packages/db/src/schema/helpers.ts:37","0058_request_type_fields","","","apps/api/src/lib/custom-fields.ts:118; apps/api/src/lib/type-field-routes.ts:210",""
"request_type_fields","created_at","createdAt","timestamp with time zone","false","ACTIVE_GENERIC","Request Type form fields, ordering and required-field validation.","Shared field-attachment routes and validation read/write the supplied join table; created_at breaks order ties.","packages/db/src/schema/helpers.ts:37","0058_request_type_fields","apps/api/src/modules/request-types/form-definition.ts:122","","apps/api/src/lib/custom-fields.ts:118; apps/api/src/lib/type-field-routes.ts:210",""
"request_types","id","id","text","false","ACTIVE","Portal intake forms, conversion destinations and turnaround estimates.","Current runtime query, row projection, filtering, authorization or processing reads this field; see evidence and table purpose.","packages/db/src/schema/helpers.ts:37","0057_request_types","apps/api/src/modules/home/sections/inbox.ts:54; apps/api/src/modules/home/sections/inbox.ts:62; apps/api/src/modules/portal/routes.ts:205; apps/api/src/modules/portal/routes.ts:294; apps/api/src/modules/intake-links/routes.ts:161","","apps/api/src/modules/home/sections/inbox.ts:54; apps/api/src/modules/home/sections/inbox.ts:62; apps/api/src/modules/portal/routes.ts:205; apps/api/src/modules/portal/routes.ts:294","foreign_key:request_types_target_matter_type_id_matter_types_id_fk; foreign_key:request_types_target_contract_type_id_contract_types_id_fk; primary_key:request_types_pkey"
"request_types","slug","slug","text","false","ACTIVE","Portal intake forms, conversion destinations and turnaround estimates.","Current runtime query, row projection, filtering, authorization or processing reads this field; see evidence and table purpose.","packages/db/src/schema/helpers.ts:37","0057_request_types","apps/api/src/modules/portal/routes.ts:206; apps/api/src/modules/portal/routes.ts:295; apps/api/src/modules/portal/routes.ts:302; apps/api/src/modules/requests/routes.ts:416; apps/api/src/modules/requests/routes.ts:496","","apps/api/src/modules/portal/routes.ts:206; apps/api/src/modules/portal/routes.ts:295; apps/api/src/modules/portal/routes.ts:302; apps/api/src/modules/requests/routes.ts:416","index:request_types_slug_unique"
"request_types","display_name","displayName","text","false","ACTIVE","Portal intake forms, conversion destinations and turnaround estimates.","Current runtime query, row projection, filtering, authorization or processing reads this field; see evidence and table purpose.","packages/db/src/schema/helpers.ts:37","0057_request_types","apps/api/src/modules/home/sections/inbox.ts:55; apps/api/src/modules/portal/routes.ts:207; apps/api/src/modules/portal/routes.ts:296; apps/api/src/modules/intake-links/routes.ts:159; apps/api/src/modules/requests/routes.ts:259","","apps/api/src/modules/home/sections/inbox.ts:55; apps/api/src/modules/portal/routes.ts:207; apps/api/src/modules/portal/routes.ts:296; apps/api/src/modules/intake-links/routes.ts:159",""
"request_types","description","description","text","true","ACTIVE","Portal intake forms, conversion destinations and turnaround estimates.","Current runtime query, row projection, filtering, authorization or processing reads this field; see evidence and table purpose.","packages/db/src/schema/helpers.ts:37","0057_request_types","apps/api/src/modules/portal/routes.ts:208; apps/api/src/modules/portal/routes.ts:297","","apps/api/src/modules/portal/routes.ts:208; apps/api/src/modules/portal/routes.ts:297",""
"request_types","display_order","displayOrder","integer","false","ACTIVE","Portal intake forms, conversion destinations and turnaround estimates.","Current runtime query, row projection, filtering, authorization or processing reads this field; see evidence and table purpose.","packages/db/src/schema/helpers.ts:37","0057_request_types","apps/api/src/modules/portal/routes.ts:210; apps/api/src/modules/portal/routes.ts:217; apps/api/src/modules/portal/routes.ts:299","","apps/api/src/modules/portal/routes.ts:210; apps/api/src/modules/portal/routes.ts:217; apps/api/src/modules/portal/routes.ts:299",""
"request_types","is_system_default","isSystemDefault","boolean","false","REVIEW_API_ONLY","Portal intake forms, conversion destinations and turnaround estimates.","Seed provenance is serialized by the API. No shipped UI behavior or permission/default-selection rule consumes the flag; protected rows are identified by slug. Deprecate the response property before any removal.","packages/db/src/schema/helpers.ts:37","0057_request_types","","","apps/api/src/lib/taxonomy-routes.ts:254; apps/api/src/lib/taxonomy-routes.ts:363; apps/api/src/modules/contract-statuses/routes.ts:66; apps/api/src/modules/matter-statuses/routes.ts:48",""
"request_types","archived_at","archivedAt","timestamp with time zone","true","ACTIVE","Portal intake forms, conversion destinations and turnaround estimates.","Current runtime query, row projection, filtering, authorization or processing reads this field; see evidence and table purpose.","packages/db/src/schema/helpers.ts:37","0057_request_types","apps/api/src/modules/portal/routes.ts:213; apps/api/src/modules/portal/routes.ts:302; apps/api/src/modules/intake-links/routes.ts:159; apps/api/src/modules/requests/routes.ts:260","","apps/api/src/modules/portal/routes.ts:213; apps/api/src/modules/portal/routes.ts:302; apps/api/src/modules/intake-links/routes.ts:159; apps/api/src/modules/requests/routes.ts:260",""
"request_types","created_at","createdAt","timestamp with time zone","false","ACTIVE","Portal intake forms, conversion destinations and turnaround estimates.","Current runtime query, row projection, filtering, authorization or processing reads this field; see evidence and table purpose.","packages/db/src/schema/helpers.ts:37","0057_request_types","apps/api/src/modules/portal/routes.ts:217","","apps/api/src/modules/portal/routes.ts:217",""
"request_types","updated_at","updatedAt","timestamp with time zone","false","PASSIVE_METADATA","Portal intake forms, conversion destinations and turnaround estimates.","Automatically refreshed by Drizzle. No application reader identified after projections and generic helpers were checked. Retained by schema timestamp convention; not proven functionally integral.","packages/db/src/schema/helpers.ts:37","0057_request_types","","","packages/db/src/schema/helpers.ts:37; docs/decision-records/SCHEMA.md:18",""
"request_types","turnaround_days","turnaroundDays","integer","true","ACTIVE","Portal intake forms, conversion destinations and turnaround estimates.","Current runtime query, row projection, filtering, authorization or processing reads this field; see evidence and table purpose.","packages/db/src/schema/request-types.ts:48","0100_request_return_estimates","apps/api/src/modules/portal/routes.ts:209; apps/api/src/modules/portal/routes.ts:298; apps/api/src/modules/requests/projection.ts:566; apps/api/src/modules/request-types/routes.ts:128; apps/api/src/modules/request-types/routes.ts:145","","apps/api/src/modules/portal/routes.ts:209; apps/api/src/modules/portal/routes.ts:298; apps/api/src/modules/requests/projection.ts:566; apps/api/src/modules/request-types/routes.ts:128","check:request_types_turnaround_days_check"
"request_types","target_module","targetModule","text","true","ACTIVE","Portal intake forms, conversion destinations and turnaround estimates.","Current runtime query, row projection, filtering, authorization or processing reads this field; see evidence and table purpose.","packages/db/src/schema/request-types.ts:51","0057_request_types","apps/api/src/modules/requests/projection.ts:559; apps/api/src/modules/requests/inbox.ts:294; apps/api/src/modules/requests/convert.ts:245; apps/api/src/modules/request-types/routes.ts:129; apps/api/src/modules/request-types/routes.ts:150","","apps/api/src/modules/requests/projection.ts:559; apps/api/src/modules/requests/inbox.ts:294; apps/api/src/modules/requests/convert.ts:245; apps/api/src/modules/request-types/routes.ts:129","check:request_types_target_check"
"request_types","target_matter_type_id","targetMatterTypeId","text","true","ACTIVE","Portal intake forms, conversion destinations and turnaround estimates.","Current runtime query, row projection, filtering, authorization or processing reads this field; see evidence and table purpose.","packages/db/src/schema/request-types.ts:54","0057_request_types","apps/api/src/modules/requests/projection.ts:138; apps/api/src/modules/request-types/routes.ts:73","","apps/api/src/modules/requests/projection.ts:138; apps/api/src/modules/request-types/routes.ts:73","foreign_key:request_types_target_matter_type_id_matter_types_id_fk; check:request_types_target_check"
"request_types","target_contract_type_id","targetContractTypeId","text","true","ACTIVE","Portal intake forms, conversion destinations and turnaround estimates.","Current runtime query, row projection, filtering, authorization or processing reads this field; see evidence and table purpose.","packages/db/src/schema/request-types.ts:59","0057_request_types","apps/api/src/modules/requests/projection.ts:133; apps/api/src/modules/request-types/routes.ts:73","","apps/api/src/modules/requests/projection.ts:133; apps/api/src/modules/request-types/routes.ts:73","foreign_key:request_types_target_contract_type_id_contract_types_id_fk; check:request_types_target_check"
"requests","id","id","text","false","ACTIVE","Intake queue, ownership, assignment, estimated return and disposition links.","Current runtime query, row projection, filtering, authorization or processing reads this field; see evidence and table purpose.","packages/db/src/schema/requests.ts:66","0061_requests","apps/api/src/lib/conversion-draft.ts:78; apps/api/src/modules/comments/audience.ts:387; apps/api/src/modules/comments/audience.ts:395; apps/api/src/modules/comments/audience.ts:469; apps/api/src/lib/notifications/audience.ts:346","","apps/api/src/lib/conversion-draft.ts:78; apps/api/src/modules/comments/audience.ts:387; apps/api/src/modules/comments/audience.ts:395; apps/api/src/modules/comments/audience.ts:469","foreign_key:requests_request_type_id_request_types_id_fk; foreign_key:requests_requester_id_users_id_fk; foreign_key:requests_assignee_id_users_id_fk; foreign_key:requests_converted_matter_id_matters_id_fk; foreign_key:requests_converted_contract_id_contracts_id_fk; primary_key:requests_pkey"
"requests","number","number","integer","false","ACTIVE","Intake queue, ownership, assignment, estimated return and disposition links.","Current runtime query, row projection, filtering, authorization or processing reads this field; see evidence and table purpose.","packages/db/src/schema/requests.ts:68","0061_requests","apps/api/src/lib/notifications/audience.ts:341; apps/api/src/lib/notifications/audience.ts:403; apps/api/src/modules/audit-log/routes.ts:450; apps/api/src/modules/home/sections/inbox.ts:51; apps/api/src/modules/home/sections/inbox.ts:65","","apps/api/src/lib/notifications/audience.ts:341; apps/api/src/lib/notifications/audience.ts:403; apps/api/src/modules/audit-log/routes.ts:450; apps/api/src/modules/home/sections/inbox.ts:51","index:requests_number_unique; generated:search_vector"
"requests","request_type_id","requestTypeId","text","false","ACTIVE","Intake queue, ownership, assignment, estimated return and disposition links.","Current runtime query, row projection, filtering, authorization or processing reads this field; see evidence and table purpose.","packages/db/src/schema/requests.ts:74","0061_requests","apps/api/src/modules/home/sections/inbox.ts:62; apps/api/src/modules/requests/routes.ts:422; apps/api/src/modules/requests/routes.ts:502; apps/api/src/modules/requests/projection.ts:573; apps/api/src/modules/requests/inbox.ts:203","apps/api/src/modules/requests/routes.ts:309","apps/api/src/modules/home/sections/inbox.ts:62; apps/api/src/modules/requests/routes.ts:422; apps/api/src/modules/requests/routes.ts:502; apps/api/src/modules/requests/projection.ts:573","foreign_key:requests_request_type_id_request_types_id_fk"
"requests","requester_id","requesterId","text","false","ACTIVE","Intake queue, ownership, assignment, estimated return and disposition links.","Current runtime query, row projection, filtering, authorization or processing reads this field; see evidence and table purpose.","packages/db/src/schema/requests.ts:80","0061_requests","apps/api/src/modules/comments/audience.ts:388; apps/api/src/modules/comments/audience.ts:467; apps/api/src/lib/notifications/audience.ts:343; apps/api/src/lib/notifications/audience.ts:393; apps/api/src/lib/notifications/audience.ts:461","apps/api/src/modules/requests/routes.ts:313","apps/api/src/modules/comments/audience.ts:388; apps/api/src/modules/comments/audience.ts:467; apps/api/src/lib/notifications/audience.ts:343; apps/api/src/lib/notifications/audience.ts:393","index:requests_requester_idx; foreign_key:requests_requester_id_users_id_fk"
"requests","expected_by","expectedBy","date","true","ACTIVE","Intake queue, ownership, assignment, estimated return and disposition links.","Current runtime query, row projection, filtering, authorization or processing reads this field; see evidence and table purpose.","packages/db/src/schema/requests.ts:84","0100_request_return_estimates","apps/api/src/modules/requests/routes.ts:418; apps/api/src/modules/requests/routes.ts:498; apps/api/src/modules/requests/projection.ts:565; apps/api/src/modules/requests/estimates.ts:39; apps/api/src/modules/requests/estimates.ts:47","apps/api/src/modules/requests/estimates.ts:40","apps/api/src/modules/requests/routes.ts:418; apps/api/src/modules/requests/routes.ts:498; apps/api/src/modules/requests/projection.ts:565; apps/api/src/modules/requests/estimates.ts:39",""
"requests","assignee_id","assigneeId","text","true","ACTIVE","Intake queue, ownership, assignment, estimated return and disposition links.","Current runtime query, row projection, filtering, authorization or processing reads this field; see evidence and table purpose.","packages/db/src/schema/requests.ts:86","0092_request_triage_assignee","apps/api/src/modules/requests/routes.ts:423; apps/api/src/modules/requests/routes.ts:503; apps/api/src/modules/requests/projection.ts:575; apps/api/src/modules/requests/inbox.ts:306; apps/api/src/modules/requests/assignment.ts:92","apps/api/src/modules/requests/assignment.ts:93","apps/api/src/modules/requests/routes.ts:423; apps/api/src/modules/requests/routes.ts:503; apps/api/src/modules/requests/projection.ts:575; apps/api/src/modules/requests/inbox.ts:306","index:requests_assignee_idx; foreign_key:requests_assignee_id_users_id_fk"
"requests","status","status","text","false","ACTIVE","Intake queue, ownership, assignment, estimated return and disposition links.","Current runtime query, row projection, filtering, authorization or processing reads this field; see evidence and table purpose.","packages/db/src/schema/requests.ts:88","0061_requests","apps/api/src/modules/home/sections/inbox.ts:64; apps/api/src/modules/requests/routes.ts:412; apps/api/src/modules/requests/routes.ts:488; apps/api/src/modules/requests/routes.ts:694; apps/api/src/modules/requests/projection.ts:550","apps/api/src/modules/requests/resolve.ts:72; apps/api/src/modules/requests/decline.ts:101","apps/api/src/modules/home/sections/inbox.ts:64; apps/api/src/modules/requests/routes.ts:412; apps/api/src/modules/requests/routes.ts:488; apps/api/src/modules/requests/routes.ts:694","check:requests_status_check; generated:search_vector"
"requests","summary","summary","text","false","ACTIVE","Intake queue, ownership, assignment, estimated return and disposition links.","Current runtime query, row projection, filtering, authorization or processing reads this field; see evidence and table purpose.","packages/db/src/schema/requests.ts:90","0061_requests","apps/api/src/lib/notifications/audience.ts:342; apps/api/src/modules/audit-log/routes.ts:450; apps/api/src/modules/home/sections/inbox.ts:52; apps/api/src/modules/requests/routes.ts:413; apps/api/src/modules/requests/routes.ts:489","apps/api/src/modules/requests/routes.ts:314","apps/api/src/lib/notifications/audience.ts:342; apps/api/src/modules/audit-log/routes.ts:450; apps/api/src/modules/home/sections/inbox.ts:52; apps/api/src/modules/requests/routes.ts:413","generated:search_vector"
"requests","description","description","text","true","ACTIVE","Intake queue, ownership, assignment, estimated return and disposition links.","Current runtime query, row projection, filtering, authorization or processing reads this field; see evidence and table purpose.","packages/db/src/schema/requests.ts:93","0061_requests","apps/api/src/modules/requests/routes.ts:490; apps/api/src/modules/requests/projection.ts:552; apps/api/src/modules/requests/convert.ts:243; apps/api/src/lib/conversion-draft.ts:95; apps/api/src/modules/requests/routes.ts:379","apps/api/src/modules/requests/routes.ts:315","apps/api/src/modules/requests/routes.ts:490; apps/api/src/modules/requests/projection.ts:552; apps/api/src/modules/requests/convert.ts:243; apps/api/src/lib/conversion-draft.ts:95","generated:search_vector"
"requests","urgency","urgency","text","false","ACTIVE","Intake queue, ownership, assignment, estimated return and disposition links.","Current runtime query, row projection, filtering, authorization or processing reads this field; see evidence and table purpose.","packages/db/src/schema/requests.ts:97","0061_requests","apps/api/src/modules/home/sections/inbox.ts:47; apps/api/src/modules/home/sections/inbox.ts:53; apps/api/src/modules/requests/routes.ts:491; apps/api/src/modules/requests/projection.ts:553; apps/api/src/modules/requests/inbox.ts:204","apps/api/src/modules/requests/routes.ts:316","apps/api/src/modules/home/sections/inbox.ts:47; apps/api/src/modules/home/sections/inbox.ts:53; apps/api/src/modules/requests/routes.ts:491; apps/api/src/modules/requests/projection.ts:553","check:requests_urgency_check"
"requests","custom_fields","customFields","jsonb","false","ACTIVE","Intake queue, ownership, assignment, estimated return and disposition links.","Current runtime query, row projection, filtering, authorization or processing reads this field; see evidence and table purpose.","packages/db/src/schema/requests.ts:100","0061_requests","apps/api/src/modules/requests/routes.ts:492; apps/api/src/modules/requests/projection.ts:554; apps/api/src/modules/requests/convert.ts:244; apps/api/src/lib/conversion-draft.ts:108; apps/api/src/modules/requests/routes.ts:381","apps/api/src/modules/requests/routes.ts:317","apps/api/src/modules/requests/routes.ts:492; apps/api/src/modules/requests/projection.ts:554; apps/api/src/modules/requests/convert.ts:244; apps/api/src/lib/conversion-draft.ts:108",""
"requests","converted_matter_id","convertedMatterId","text","true","ACTIVE","Intake queue, ownership, assignment, estimated return and disposition links.","Current runtime query, row projection, filtering, authorization or processing reads this field; see evidence and table purpose.","packages/db/src/schema/requests.ts:112","0061_requests","apps/api/src/modules/comments/audience.ts:392; apps/api/src/lib/notifications/audience.ts:399; apps/api/src/modules/requests/projection.ts:447; apps/api/src/lib/conversion-draft.ts:120; apps/api/src/lib/conversion-draft.ts:121","","apps/api/src/modules/comments/audience.ts:392; apps/api/src/lib/notifications/audience.ts:399; apps/api/src/modules/requests/projection.ts:447; apps/api/src/lib/conversion-draft.ts:120","index:requests_converted_matter_idx; foreign_key:requests_converted_matter_id_matters_id_fk; check:requests_converted_target_check"
"requests","converted_contract_id","convertedContractId","text","true","ACTIVE","Intake queue, ownership, assignment, estimated return and disposition links.","Current runtime query, row projection, filtering, authorization or processing reads this field; see evidence and table purpose.","packages/db/src/schema/requests.ts:115","0061_requests","apps/api/src/modules/comments/audience.ts:391; apps/api/src/lib/notifications/audience.ts:398; apps/api/src/modules/requests/projection.ts:431; apps/api/src/lib/conversion-draft.ts:120; apps/api/src/lib/conversion-draft.ts:123","","apps/api/src/modules/comments/audience.ts:391; apps/api/src/lib/notifications/audience.ts:398; apps/api/src/modules/requests/projection.ts:431; apps/api/src/lib/conversion-draft.ts:120","index:requests_converted_contract_idx; foreign_key:requests_converted_contract_id_contracts_id_fk; check:requests_converted_target_check"
"requests","declined_reason","declinedReason","text","true","ACTIVE","Intake queue, ownership, assignment, estimated return and disposition links.","Current runtime query, row projection, filtering, authorization or processing reads this field; see evidence and table purpose.","packages/db/src/schema/requests.ts:117","0061_requests","apps/api/src/modules/requests/routes.ts:493; apps/api/src/modules/requests/projection.ts:555","apps/api/src/modules/requests/decline.ts:101","apps/api/src/modules/requests/routes.ts:493; apps/api/src/modules/requests/projection.ts:555",""
"requests","created_at","createdAt","timestamp with time zone","false","ACTIVE","Intake queue, ownership, assignment, estimated return and disposition links.","Current runtime query, row projection, filtering, authorization or processing reads this field; see evidence and table purpose.","packages/db/src/schema/requests.ts:118","0061_requests","apps/api/src/modules/home/sections/inbox.ts:58; apps/api/src/modules/home/sections/inbox.ts:65; apps/api/src/modules/requests/routes.ts:414; apps/api/src/modules/requests/routes.ts:440; apps/api/src/modules/requests/routes.ts:494","","apps/api/src/modules/home/sections/inbox.ts:58; apps/api/src/modules/home/sections/inbox.ts:65; apps/api/src/modules/requests/routes.ts:414; apps/api/src/modules/requests/routes.ts:440","index:requests_requester_idx"
"requests","updated_at","updatedAt","timestamp with time zone","false","PASSIVE_METADATA","Intake queue, ownership, assignment, estimated return and disposition links.","Automatically refreshed by Drizzle. No application reader identified after projections and generic helpers were checked. Retained by schema timestamp convention; not proven functionally integral.","packages/db/src/schema/requests.ts:119","0061_requests","","","packages/db/src/schema/requests.ts:119; docs/decision-records/SCHEMA.md:18",""
"requests","archived_at","archivedAt","timestamp with time zone","true","ACTIVE","Intake queue, ownership, assignment, estimated return and disposition links.","Current runtime query, row projection, filtering, authorization or processing reads this field; see evidence and table purpose.","packages/db/src/schema/requests.ts:124","0061_requests","apps/api/src/lib/conversion-draft.ts:78; apps/api/src/modules/comments/audience.ts:395; apps/api/src/lib/notifications/audience.ts:346; apps/api/src/lib/notifications/audience.ts:400; apps/api/src/lib/notifications/audience.ts:466","","apps/api/src/lib/conversion-draft.ts:78; apps/api/src/modules/comments/audience.ts:395; apps/api/src/lib/notifications/audience.ts:346; apps/api/src/lib/notifications/audience.ts:400",""
"requests","search_vector","searchVector","tsvector","true","GENERATED_SEARCH","Intake queue, ownership, assignment, estimated return and disposition links.","PostgreSQL maintains a stored search vector consumed by search queries and its GIN index.","packages/db/src/schema/requests.ts:127","0080_calm_cloak","apps/api/src/modules/search/routes.ts:371","","apps/api/src/modules/search/routes.ts:371","index:requests_search_vector_idx"
"sessions","id","id","text","false","FRAMEWORK","Better Auth server sessions, expiry and client metadata.","Better Auth core model/adapter owns this field; absence from application queries does not make it unused.","packages/db/src/schema/auth.ts:84","0000_auth","apps/api/src/modules/users/routes.ts:334; apps/api/src/auth/guards.ts:74","","apps/api/src/auth/instance.ts:216; apps/api/node_modules/better-auth/dist/db/internal-adapter.mjs","foreign_key:sessions_user_id_users_id_fk; primary_key:sessions_pkey"
"sessions","user_id","userId","text","false","FRAMEWORK","Better Auth server sessions, expiry and client metadata.","Better Auth core model/adapter owns this field; absence from application queries does not make it unused.","packages/db/src/schema/auth.ts:85","0000_auth","apps/api/src/modules/users/routes.ts:245; apps/api/src/modules/users/routes.ts:333","","apps/api/src/auth/instance.ts:216; apps/api/node_modules/better-auth/dist/db/internal-adapter.mjs","index:sessions_user_id_idx; foreign_key:sessions_user_id_users_id_fk"
"sessions","token","token","text","false","FRAMEWORK","Better Auth server sessions, expiry and client metadata.","Better Auth core model/adapter owns this field; absence from application queries does not make it unused.","packages/db/src/schema/auth.ts:88","0000_auth","","","apps/api/src/auth/instance.ts:216; apps/api/node_modules/better-auth/dist/db/internal-adapter.mjs","index:sessions_token_unique"
"sessions","expires_at","expiresAt","timestamp with time zone","false","FRAMEWORK","Better Auth server sessions, expiry and client metadata.","Better Auth core model/adapter owns this field; absence from application queries does not make it unused.","packages/db/src/schema/auth.ts:89","0000_auth","apps/api/src/auth/guards.ts:75","","apps/api/src/auth/instance.ts:216; apps/api/node_modules/better-auth/dist/db/internal-adapter.mjs",""
"sessions","ip_address","ipAddress","text","true","FRAMEWORK","Better Auth server sessions, expiry and client metadata.","Better Auth core model/adapter owns this field; absence from application queries does not make it unused.","packages/db/src/schema/auth.ts:90","0000_auth","","","apps/api/src/auth/instance.ts:216; apps/api/node_modules/better-auth/dist/db/internal-adapter.mjs",""
"sessions","user_agent","userAgent","text","true","FRAMEWORK","Better Auth server sessions, expiry and client metadata.","Better Auth core model/adapter owns this field; absence from application queries does not make it unused.","packages/db/src/schema/auth.ts:91","0000_auth","","","apps/api/src/auth/instance.ts:216; apps/api/node_modules/better-auth/dist/db/internal-adapter.mjs",""
"sessions","impersonated_by","impersonatedBy","text","true","FRAMEWORK","Better Auth server sessions, expiry and client metadata.","Better Auth core model/adapter owns this field; absence from application queries does not make it unused.","packages/db/src/schema/auth.ts:94","0000_auth","","","apps/api/src/auth/instance.ts:216; apps/api/node_modules/better-auth/dist/db/internal-adapter.mjs",""
"sessions","created_at","createdAt","timestamp with time zone","false","FRAMEWORK","Better Auth server sessions, expiry and client metadata.","Better Auth core model/adapter owns this field; absence from application queries does not make it unused.","packages/db/src/schema/auth.ts:95","0000_auth","","","apps/api/src/auth/instance.ts:216; apps/api/node_modules/better-auth/dist/db/internal-adapter.mjs",""
"sessions","updated_at","updatedAt","timestamp with time zone","false","FRAMEWORK","Better Auth server sessions, expiry and client metadata.","Better Auth core model/adapter owns this field; absence from application queries does not make it unused.","packages/db/src/schema/auth.ts:96","0000_auth","","","apps/api/src/auth/instance.ts:216; apps/api/node_modules/better-auth/dist/db/internal-adapter.mjs",""
"signing_connectors","id","id","text","false","ACTIVE","Runtime signing provider credentials and polling/webhook configuration.","Current runtime query, row projection, filtering, authorization or processing reads this field; see evidence and table purpose.","packages/db/src/schema/signing-connectors.ts:57","0042_signing_connectors","packages/db/src/rewrap.ts:83; packages/db/src/rewrap.ts:84; apps/api/src/modules/onboarding/routes.ts:105; apps/api/src/modules/signing-connector/routes.ts:314; apps/api/src/modules/signing-connector/routes.ts:494","","packages/db/src/rewrap.ts:83; packages/db/src/rewrap.ts:84; apps/api/src/modules/onboarding/routes.ts:105; apps/api/src/modules/signing-connector/routes.ts:314","primary_key:signing_connectors_pkey"
"signing_connectors","provider","provider","text","false","ACTIVE","Runtime signing provider credentials and polling/webhook configuration.","Current runtime query, row projection, filtering, authorization or processing reads this field; see evidence and table purpose.","packages/db/src/schema/signing-connectors.ts:59","0042_signing_connectors","apps/api/src/lib/signing/resolver.ts:98; apps/api/src/modules/signing-connector/routes.ts:194; apps/api/src/modules/signing-connector/routes.ts:251; apps/api/src/modules/signing-connector/routes.ts:452","apps/api/src/modules/signing-connector/routes.ts:267","apps/api/src/lib/signing/resolver.ts:98; apps/api/src/modules/signing-connector/routes.ts:194; apps/api/src/modules/signing-connector/routes.ts:251; apps/api/src/modules/signing-connector/routes.ts:452","index:signing_connectors_provider_idx; check:signing_connectors_provider_check"
"signing_connectors","environment","environment","text","false","ACTIVE","Runtime signing provider credentials and polling/webhook configuration.","Current runtime query, row projection, filtering, authorization or processing reads this field; see evidence and table purpose.","packages/db/src/schema/signing-connectors.ts:60","0042_signing_connectors","apps/api/src/lib/signing/resolver.ts:116; apps/api/src/modules/signing-connector/routes.ts:172; apps/api/src/modules/signing-connector/routes.ts:287; apps/api/src/modules/signing-connector/routes.ts:329; apps/api/src/modules/signing-connector/routes.ts:330","apps/api/src/modules/signing-connector/routes.ts:268; apps/api/src/modules/signing-connector/routes.ts:298","apps/api/src/lib/signing/resolver.ts:116; apps/api/src/modules/signing-connector/routes.ts:172; apps/api/src/modules/signing-connector/routes.ts:287; apps/api/src/modules/signing-connector/routes.ts:329","check:signing_connectors_environment_check"
"signing_connectors","update_mode","updateMode","text","false","ACTIVE","Runtime signing provider credentials and polling/webhook configuration.","Current runtime query, row projection, filtering, authorization or processing reads this field; see evidence and table purpose.","packages/db/src/schema/signing-connectors.ts:61","0095_signing_update_mode","apps/api/src/lib/signing/resolver.ts:112; apps/api/src/modules/signing-connector/routes.ts:173; apps/api/src/modules/signing-connector/routes.ts:255; apps/api/src/modules/signing-connector/routes.ts:288; apps/api/src/modules/signing-connector/routes.ts:323","apps/api/src/modules/signing-connector/routes.ts:273; apps/api/src/modules/signing-connector/routes.ts:299","apps/api/src/lib/signing/resolver.ts:112; apps/api/src/modules/signing-connector/routes.ts:173; apps/api/src/modules/signing-connector/routes.ts:255; apps/api/src/modules/signing-connector/routes.ts:288","check:signing_connectors_update_mode_check"
"signing_connectors","webhook_url","webhookUrl","text","true","ACTIVE","Runtime signing provider credentials and polling/webhook configuration.","Current runtime query, row projection, filtering, authorization or processing reads this field; see evidence and table purpose.","packages/db/src/schema/signing-connectors.ts:63","0095_signing_update_mode","apps/api/src/modules/signing-connector/routes.ts:149; apps/api/src/modules/signing-connector/routes.ts:174; apps/api/src/modules/signing-connector/routes.ts:326; apps/api/src/modules/signing-connector/routes.ts:327","apps/api/src/modules/signing-connector/routes.ts:274","apps/api/src/modules/signing-connector/routes.ts:149; apps/api/src/modules/signing-connector/routes.ts:174; apps/api/src/modules/signing-connector/routes.ts:326; apps/api/src/modules/signing-connector/routes.ts:327",""
"signing_connectors","integration_key","integrationKey","text","false","ACTIVE","Runtime signing provider credentials and polling/webhook configuration.","Current runtime query, row projection, filtering, authorization or processing reads this field; see evidence and table purpose.","packages/db/src/schema/signing-connectors.ts:65","0042_signing_connectors","apps/api/src/lib/signing/resolver.ts:117; apps/api/src/modules/signing-connector/routes.ts:175; apps/api/src/modules/signing-connector/routes.ts:289; apps/api/src/modules/signing-connector/routes.ts:332; apps/api/src/modules/signing-connector/routes.ts:335","apps/api/src/modules/signing-connector/routes.ts:269; apps/api/src/modules/signing-connector/routes.ts:301","apps/api/src/lib/signing/resolver.ts:117; apps/api/src/modules/signing-connector/routes.ts:175; apps/api/src/modules/signing-connector/routes.ts:289; apps/api/src/modules/signing-connector/routes.ts:332",""
"signing_connectors","api_user_id","apiUserId","text","false","ACTIVE","Runtime signing provider credentials and polling/webhook configuration.","Current runtime query, row projection, filtering, authorization or processing reads this field; see evidence and table purpose.","packages/db/src/schema/signing-connectors.ts:72","0042_signing_connectors","apps/api/src/lib/signing/resolver.ts:118; apps/api/src/modules/signing-connector/routes.ts:176; apps/api/src/modules/signing-connector/routes.ts:339; apps/api/src/modules/signing-connector/routes.ts:340","apps/api/src/modules/signing-connector/routes.ts:270; apps/api/src/modules/signing-connector/routes.ts:302","apps/api/src/lib/signing/resolver.ts:118; apps/api/src/modules/signing-connector/routes.ts:176; apps/api/src/modules/signing-connector/routes.ts:339; apps/api/src/modules/signing-connector/routes.ts:340",""
"signing_connectors","private_key","privateKey","text","false","ACTIVE","Runtime signing provider credentials and polling/webhook configuration.","Current runtime query, row projection, filtering, authorization or processing reads this field; see evidence and table purpose.","packages/db/src/schema/signing-connectors.ts:77","0042_signing_connectors","apps/api/src/lib/signing/resolver.ts:119; apps/api/src/modules/signing-connector/routes.ts:177","apps/api/src/modules/signing-connector/routes.ts:271","apps/api/src/lib/signing/resolver.ts:119; apps/api/src/modules/signing-connector/routes.ts:177",""
"signing_connectors","webhook_secret","webhookSecret","text","false","ACTIVE","Runtime signing provider credentials and polling/webhook configuration.","Current runtime query, row projection, filtering, authorization or processing reads this field; see evidence and table purpose.","packages/db/src/schema/signing-connectors.ts:79","0042_signing_connectors","apps/api/src/lib/signing/resolver.ts:112; apps/api/src/lib/signing/resolver.ts:120; apps/api/src/modules/signing-connector/routes.ts:178; apps/api/src/modules/signing-connector/routes.ts:256","apps/api/src/modules/signing-connector/routes.ts:272","apps/api/src/lib/signing/resolver.ts:112; apps/api/src/lib/signing/resolver.ts:120; apps/api/src/modules/signing-connector/routes.ts:178; apps/api/src/modules/signing-connector/routes.ts:256",""
"signing_connectors","disabled_at","disabledAt","timestamp with time zone","true","ACTIVE","Runtime signing provider credentials and polling/webhook configuration.","Current runtime query, row projection, filtering, authorization or processing reads this field; see evidence and table purpose.","packages/db/src/schema/signing-connectors.ts:95","0045_signing_connector_disabled_at","apps/api/src/lib/signing/resolver.ts:98; apps/api/src/modules/signing-connector/routes.ts:170; apps/api/src/modules/signing-connector/routes.ts:171; apps/api/src/modules/signing-connector/routes.ts:483; apps/api/src/modules/signing-connector/routes.ts:530","apps/api/src/modules/signing-connector/routes.ts:493; apps/api/src/modules/signing-connector/routes.ts:535","apps/api/src/lib/signing/resolver.ts:98; apps/api/src/modules/signing-connector/routes.ts:170; apps/api/src/modules/signing-connector/routes.ts:171; apps/api/src/modules/signing-connector/routes.ts:483",""
"signing_connectors","created_at","createdAt","timestamp with time zone","false","PASSIVE_METADATA","Runtime signing provider credentials and polling/webhook configuration.","Stamped on insertion. No application reader identified after projections and generic helpers were checked. Retained by schema timestamp convention; not proven functionally integral.","packages/db/src/schema/signing-connectors.ts:96","0042_signing_connectors","","","packages/db/src/schema/signing-connectors.ts:96; docs/decision-records/SCHEMA.md:18",""
"signing_connectors","updated_at","updatedAt","timestamp with time zone","false","ACTIVE","Runtime signing provider credentials and polling/webhook configuration.","Current runtime query, row projection, filtering, authorization or processing reads this field; see evidence and table purpose.","packages/db/src/schema/signing-connectors.ts:99","0042_signing_connectors","apps/api/src/lib/signing/resolver.ts:113; apps/api/src/modules/signing-connector/routes.ts:180","apps/api/src/modules/signing-connector/routes.ts:312; apps/api/src/modules/signing-connector/routes.ts:493; apps/api/src/modules/signing-connector/routes.ts:535","apps/api/src/lib/signing/resolver.ts:113; apps/api/src/modules/signing-connector/routes.ts:180",""
"sso_providers","id","id","text","false","FRAMEWORK","Administrator-registered IdPs and encrypted OIDC configuration.","Configured SSO plugin model consumes this column, including optional SAML/organization compatibility fields.","packages/db/src/schema/auth.ts:184","0000_auth","packages/db/src/rewrap.ts:86; apps/api/src/modules/auth/routes.ts:616; apps/api/src/modules/auth/routes.ts:750; apps/api/src/modules/auth/routes.ts:780; apps/api/src/modules/auth/routes.ts:663","","apps/api/src/auth/instance.ts:372; apps/api/node_modules/@better-auth/sso/dist/index.mjs","foreign_key:sso_providers_user_id_users_id_fk; primary_key:sso_providers_pkey"
"sso_providers","provider_id","providerId","text","false","FRAMEWORK","Administrator-registered IdPs and encrypted OIDC configuration.","Configured SSO plugin model consumes this column, including optional SAML/organization compatibility fields.","packages/db/src/schema/auth.ts:186","0000_auth","apps/api/src/modules/auth/routes.ts:268; apps/api/src/modules/auth/routes.ts:614; apps/api/src/modules/auth/routes.ts:617; apps/api/src/modules/auth/routes.ts:722; apps/api/src/modules/auth/routes.ts:778","","apps/api/src/auth/instance.ts:372; apps/api/node_modules/@better-auth/sso/dist/index.mjs","index:sso_providers_provider_id_unique"
"sso_providers","issuer","issuer","text","false","FRAMEWORK","Administrator-registered IdPs and encrypted OIDC configuration.","Configured SSO plugin model consumes this column, including optional SAML/organization compatibility fields.","packages/db/src/schema/auth.ts:187","0000_auth","apps/api/src/modules/auth/routes.ts:618; apps/api/src/modules/auth/routes.ts:782; apps/api/src/auth/instance.ts:231; apps/api/src/modules/auth/routes.ts:665; apps/api/src/modules/auth/routes.ts:740","","apps/api/src/auth/instance.ts:372; apps/api/node_modules/@better-auth/sso/dist/index.mjs",""
"sso_providers","domain","domain","text","false","FRAMEWORK","Administrator-registered IdPs and encrypted OIDC configuration.","Configured SSO plugin model consumes this column, including optional SAML/organization compatibility fields.","packages/db/src/schema/auth.ts:189","0000_auth","apps/api/src/modules/auth/routes.ts:619; apps/api/src/modules/auth/routes.ts:783; apps/api/src/modules/auth/routes.ts:666; apps/api/src/modules/auth/routes.ts:741; apps/api/src/modules/auth/routes.ts:791","","apps/api/src/auth/instance.ts:372; apps/api/node_modules/@better-auth/sso/dist/index.mjs",""
"sso_providers","oidc_config","oidcConfig","text","true","FRAMEWORK","Administrator-registered IdPs and encrypted OIDC configuration.","Configured SSO plugin model consumes this column, including optional SAML/organization compatibility fields.","packages/db/src/schema/auth.ts:191","0000_auth","","","apps/api/src/auth/instance.ts:372; apps/api/node_modules/@better-auth/sso/dist/index.mjs",""
"sso_providers","saml_config","samlConfig","text","true","FRAMEWORK","Administrator-registered IdPs and encrypted OIDC configuration.","Configured SSO plugin model consumes this column, including optional SAML/organization compatibility fields.","packages/db/src/schema/auth.ts:192","0000_auth","","","apps/api/src/auth/instance.ts:372; apps/api/node_modules/@better-auth/sso/dist/index.mjs",""
"sso_providers","organization_id","organizationId","text","true","FRAMEWORK","Administrator-registered IdPs and encrypted OIDC configuration.","Configured SSO plugin model consumes this column, including optional SAML/organization compatibility fields.","packages/db/src/schema/auth.ts:193","0000_auth","","","apps/api/src/auth/instance.ts:372; apps/api/node_modules/@better-auth/sso/dist/index.mjs",""
"sso_providers","domain_verified","domainVerified","boolean","false","FRAMEWORK","Administrator-registered IdPs and encrypted OIDC configuration.","Configured SSO plugin model consumes this column, including optional SAML/organization compatibility fields.","packages/db/src/schema/auth.ts:194","0000_auth","","apps/api/src/modules/auth/routes.ts:613; apps/api/src/modules/auth/routes.ts:777","apps/api/src/auth/instance.ts:372; apps/api/node_modules/@better-auth/sso/dist/index.mjs",""
"sso_providers","user_id","userId","text","false","FRAMEWORK","Administrator-registered IdPs and encrypted OIDC configuration.","Configured SSO plugin model consumes this column, including optional SAML/organization compatibility fields.","packages/db/src/schema/auth.ts:196","0000_auth","","","apps/api/src/auth/instance.ts:372; apps/api/node_modules/@better-auth/sso/dist/index.mjs","foreign_key:sso_providers_user_id_users_id_fk"
"sso_providers","created_at","createdAt","timestamp with time zone","false","ACTIVE","Administrator-registered IdPs and encrypted OIDC configuration.","Current runtime query, row projection, filtering, authorization or processing reads this field; see evidence and table purpose.","packages/db/src/schema/auth.ts:199","0000_auth","apps/api/src/modules/auth/routes.ts:270; apps/api/src/modules/auth/routes.ts:660","","apps/api/src/modules/auth/routes.ts:270; apps/api/src/modules/auth/routes.ts:660",""
"sso_providers","updated_at","updatedAt","timestamp with time zone","false","PASSIVE_METADATA","Administrator-registered IdPs and encrypted OIDC configuration.","Written/defaulted by table mutation paths. No application reader identified after projections and generic helpers were checked. Retained by schema timestamp convention; not proven functionally integral.","packages/db/src/schema/auth.ts:200","0000_auth","","apps/api/src/modules/auth/routes.ts:613; apps/api/src/modules/auth/routes.ts:777","packages/db/src/schema/auth.ts:200; docs/decision-records/SCHEMA.md:18",""
"two_factors","id","id","text","false","FRAMEWORK","Better Auth TOTP credentials, recovery codes and account lockout.","Configured two-factor plugin owns enrollment, verification, recovery codes and lockout.","packages/db/src/schema/auth.ts:219","0000_auth","","","apps/api/src/auth/instance.ts:400; apps/api/node_modules/better-auth/dist/plugins/two-factor/schema.mjs:1","foreign_key:two_factors_user_id_users_id_fk; primary_key:two_factors_pkey"
"two_factors","secret","secret","text","false","FRAMEWORK","Better Auth TOTP credentials, recovery codes and account lockout.","Configured two-factor plugin owns enrollment, verification, recovery codes and lockout.","packages/db/src/schema/auth.ts:220","0000_auth","","","apps/api/src/auth/instance.ts:400; apps/api/node_modules/better-auth/dist/plugins/two-factor/schema.mjs:1",""
"two_factors","backup_codes","backupCodes","text","false","FRAMEWORK","Better Auth TOTP credentials, recovery codes and account lockout.","Configured two-factor plugin owns enrollment, verification, recovery codes and lockout.","packages/db/src/schema/auth.ts:221","0000_auth","","","apps/api/src/auth/instance.ts:400; apps/api/node_modules/better-auth/dist/plugins/two-factor/schema.mjs:1",""
"two_factors","user_id","userId","text","false","FRAMEWORK","Better Auth TOTP credentials, recovery codes and account lockout.","Configured two-factor plugin owns enrollment, verification, recovery codes and lockout.","packages/db/src/schema/auth.ts:222","0000_auth","","","apps/api/src/auth/instance.ts:400; apps/api/node_modules/better-auth/dist/plugins/two-factor/schema.mjs:1","index:two_factors_user_id_unique; foreign_key:two_factors_user_id_users_id_fk"
"two_factors","verified","verified","boolean","true","FRAMEWORK","Better Auth TOTP credentials, recovery codes and account lockout.","Configured two-factor plugin owns enrollment, verification, recovery codes and lockout.","packages/db/src/schema/auth.ts:225","0000_auth","","","apps/api/src/auth/instance.ts:400; apps/api/node_modules/better-auth/dist/plugins/two-factor/schema.mjs:1",""
"two_factors","failed_verification_count","failedVerificationCount","integer","true","FRAMEWORK","Better Auth TOTP credentials, recovery codes and account lockout.","Configured two-factor plugin owns enrollment, verification, recovery codes and lockout.","packages/db/src/schema/auth.ts:226","0000_auth","","","apps/api/src/auth/instance.ts:400; apps/api/node_modules/better-auth/dist/plugins/two-factor/schema.mjs:1",""
"two_factors","locked_until","lockedUntil","timestamp with time zone","true","FRAMEWORK","Better Auth TOTP credentials, recovery codes and account lockout.","Configured two-factor plugin owns enrollment, verification, recovery codes and lockout.","packages/db/src/schema/auth.ts:227","0000_auth","","","apps/api/src/auth/instance.ts:400; apps/api/node_modules/better-auth/dist/plugins/two-factor/schema.mjs:1",""
"two_factors","created_at","createdAt","timestamp with time zone","false","PASSIVE_METADATA","Better Auth TOTP credentials, recovery codes and account lockout.","Stamped on insertion. No application reader identified after projections and generic helpers were checked. Retained by schema timestamp convention; not proven functionally integral.","packages/db/src/schema/auth.ts:228","0000_auth","","","packages/db/src/schema/auth.ts:228; docs/decision-records/SCHEMA.md:18",""
"two_factors","updated_at","updatedAt","timestamp with time zone","false","UNMAINTAINED_CANDIDATE","Better Auth TOTP credentials, recovery codes and account lockout.","Defaults to insertion time; the configured two-factor plugin schema has no updatedAt field and Drizzle has no onUpdate hook. No application reader. It does not measure last factor modification.","packages/db/src/schema/auth.ts:229","0000_auth","","","packages/db/src/schema/auth.ts:217; apps/api/node_modules/better-auth/dist/plugins/two-factor/schema.mjs:1",""
"users","id","id","text","false","ACTIVE","People, roles, authentication flags and personal settings.","Current runtime query, row projection, filtering, authorization or processing reads this field; see evidence and table purpose.","packages/db/src/schema/auth.ts:38","0000_auth","apps/api/src/lib/approvers.ts:60; apps/api/src/lib/approvers.ts:67; apps/api/src/lib/task-assignment.ts:33; apps/api/src/lib/matter-access.ts:180; apps/api/src/lib/matter-access.ts:187","","apps/api/src/lib/approvers.ts:60; apps/api/src/lib/approvers.ts:67; apps/api/src/lib/task-assignment.ts:33; apps/api/src/lib/matter-access.ts:180","primary_key:users_pkey"
"users","email","email","text","false","ACTIVE","People, roles, authentication flags and personal settings.","Current runtime query, row projection, filtering, authorization or processing reads this field; see evidence and table purpose.","packages/db/src/schema/auth.ts:39","0000_auth","apps/api/src/lib/approvers.ts:62; apps/api/src/pipeline/notification-email.ts:186; apps/api/src/pipeline/morning-round.ts:403; apps/api/src/modules/auth/routes.ts:371; apps/api/src/modules/audit-log/routes.ts:200","","apps/api/src/lib/approvers.ts:62; apps/api/src/pipeline/notification-email.ts:186; apps/api/src/pipeline/morning-round.ts:403; apps/api/src/modules/auth/routes.ts:371","index:users_email_unique"
"users","display_name","displayName","text","false","ACTIVE","People, roles, authentication flags and personal settings.","Current runtime query, row projection, filtering, authorization or processing reads this field; see evidence and table purpose.","packages/db/src/schema/auth.ts:40","0000_auth","apps/api/src/lib/approvers.ts:61; apps/api/src/lib/matter-access.ts:190; apps/api/src/lib/matter-access.ts:202; apps/api/src/lib/key-date-reminders.ts:51; apps/api/src/lib/key-date-reminders.ts:65","","apps/api/src/lib/approvers.ts:61; apps/api/src/lib/matter-access.ts:190; apps/api/src/lib/matter-access.ts:202; apps/api/src/lib/key-date-reminders.ts:51",""
"users","role","role","text","false","ACTIVE","People, roles, authentication flags and personal settings.","Current runtime query, row projection, filtering, authorization or processing reads this field; see evidence and table purpose.","packages/db/src/schema/auth.ts:41","0000_auth","apps/api/src/lib/approvers.ts:63; apps/api/src/lib/matter-access.ts:190; apps/api/src/lib/matter-access.ts:196; apps/api/src/lib/matter-access.ts:197; apps/api/src/lib/key-date-reminders.ts:62","apps/api/src/modules/auth/routes.ts:314; apps/api/src/modules/users/routes.ts:185","apps/api/src/lib/approvers.ts:63; apps/api/src/lib/matter-access.ts:190; apps/api/src/lib/matter-access.ts:196; apps/api/src/lib/matter-access.ts:197","check:users_role_check"
"users","theme","theme","text","false","ACTIVE","People, roles, authentication flags and personal settings.","Current runtime query, row projection, filtering, authorization or processing reads this field; see evidence and table purpose.","packages/db/src/schema/auth.ts:43","0002_theme","apps/api/src/auth/guards.ts:40","","apps/api/src/auth/guards.ts:40","check:users_theme_check"
"users","timezone","timezone","text","true","ACTIVE","People, roles, authentication flags and personal settings.","Current runtime query, row projection, filtering, authorization or processing reads this field; see evidence and table purpose.","packages/db/src/schema/auth.ts:46","0007_timezone","apps/api/src/pipeline/morning-round.ts:406; apps/api/src/auth/guards.ts:41","","apps/api/src/pipeline/morning-round.ts:406; apps/api/src/auth/guards.ts:41",""
"users","email_verified","emailVerified","boolean","false","FRAMEWORK","People, roles, authentication flags and personal settings.","Configured Better Auth core/admin/two-factor models maintain or consume this field; admin-plugin bans/impersonation are not independent product features.","packages/db/src/schema/auth.ts:47","0000_auth","","apps/api/src/auth/instance.ts:315","apps/api/src/auth/instance.ts:333; apps/api/node_modules/better-auth/dist/plugins/admin/schema.mjs:1; apps/api/node_modules/better-auth/dist/plugins/two-factor/schema.mjs:1",""
"users","image","image","text","true","ACTIVE","People, roles, authentication flags and personal settings.","Current runtime query, row projection, filtering, authorization or processing reads this field; see evidence and table purpose.","packages/db/src/schema/auth.ts:48","0000_auth","apps/api/src/lib/matter-access.ts:190; apps/api/src/lib/contract-access.ts:858; apps/api/src/modules/contract-approvals/routes.ts:240; apps/api/src/modules/contract-approvals/routes.ts:264; apps/api/src/modules/comments/routes.ts:402","","apps/api/src/lib/matter-access.ts:190; apps/api/src/lib/contract-access.ts:858; apps/api/src/modules/contract-approvals/routes.ts:240; apps/api/src/modules/contract-approvals/routes.ts:264",""
"users","two_factor_enabled","twoFactorEnabled","boolean","true","FRAMEWORK","People, roles, authentication flags and personal settings.","Configured Better Auth core/admin/two-factor models maintain or consume this field; admin-plugin bans/impersonation are not independent product features.","packages/db/src/schema/auth.ts:52","0000_auth","","","apps/api/src/auth/instance.ts:333; apps/api/node_modules/better-auth/dist/plugins/admin/schema.mjs:1; apps/api/node_modules/better-auth/dist/plugins/two-factor/schema.mjs:1",""
"users","banned","banned","boolean","true","FRAMEWORK","People, roles, authentication flags and personal settings.","Configured Better Auth core/admin/two-factor models maintain or consume this field; admin-plugin bans/impersonation are not independent product features.","packages/db/src/schema/auth.ts:55","0000_auth","","","apps/api/src/auth/instance.ts:333; apps/api/node_modules/better-auth/dist/plugins/admin/schema.mjs:1; apps/api/node_modules/better-auth/dist/plugins/two-factor/schema.mjs:1",""
"users","ban_reason","banReason","text","true","FRAMEWORK","People, roles, authentication flags and personal settings.","Configured Better Auth core/admin/two-factor models maintain or consume this field; admin-plugin bans/impersonation are not independent product features.","packages/db/src/schema/auth.ts:56","0000_auth","","","apps/api/src/auth/instance.ts:333; apps/api/node_modules/better-auth/dist/plugins/admin/schema.mjs:1; apps/api/node_modules/better-auth/dist/plugins/two-factor/schema.mjs:1",""
"users","ban_expires","banExpires","timestamp with time zone","true","FRAMEWORK","People, roles, authentication flags and personal settings.","Configured Better Auth core/admin/two-factor models maintain or consume this field; admin-plugin bans/impersonation are not independent product features.","packages/db/src/schema/auth.ts:57","0000_auth","","","apps/api/src/auth/instance.ts:333; apps/api/node_modules/better-auth/dist/plugins/admin/schema.mjs:1; apps/api/node_modules/better-auth/dist/plugins/two-factor/schema.mjs:1",""
"users","created_at","createdAt","timestamp with time zone","false","ACTIVE","People, roles, authentication flags and personal settings.","Current runtime query, row projection, filtering, authorization or processing reads this field; see evidence and table purpose.","packages/db/src/schema/auth.ts:58","0000_auth","apps/api/src/modules/users/routes.ts:137","","apps/api/src/modules/users/routes.ts:137",""
"users","updated_at","updatedAt","timestamp with time zone","false","FRAMEWORK","People, roles, authentication flags and personal settings.","Configured Better Auth core/admin/two-factor models maintain or consume this field; admin-plugin bans/impersonation are not independent product features.","packages/db/src/schema/auth.ts:59","0000_auth","","apps/api/src/modules/auth/routes.ts:192","apps/api/src/auth/instance.ts:333; apps/api/node_modules/better-auth/dist/plugins/admin/schema.mjs:1; apps/api/node_modules/better-auth/dist/plugins/two-factor/schema.mjs:1",""
"users","archived_at","archivedAt","timestamp with time zone","true","ACTIVE","People, roles, authentication flags and personal settings.","Current runtime query, row projection, filtering, authorization or processing reads this field; see evidence and table purpose.","packages/db/src/schema/auth.ts:60","0000_auth","apps/api/src/lib/approvers.ts:64; apps/api/src/lib/matter-access.ts:194; apps/api/src/lib/key-date-reminders.ts:56; apps/api/src/lib/entity-access.ts:141; apps/api/src/lib/custom-fields.ts:346","apps/api/src/modules/users/routes.ts:239; apps/api/src/modules/users/routes.ts:286","apps/api/src/lib/approvers.ts:64; apps/api/src/lib/matter-access.ts:194; apps/api/src/lib/key-date-reminders.ts:56; apps/api/src/lib/entity-access.ts:141",""
"users","last_active_at","lastActiveAt","timestamp with time zone","true","ACTIVE","People, roles, authentication flags and personal settings.","Current runtime query, row projection, filtering, authorization or processing reads this field; see evidence and table purpose.","packages/db/src/schema/auth.ts:65","0006_last_active","apps/api/src/modules/users/routes.ts:51","apps/api/src/auth/instance.ts:481; apps/api/src/auth/instance.ts:499","apps/api/src/modules/users/routes.ts:51",""
"verifications","id","id","text","false","FRAMEWORK","Short-lived magic-link and password-reset verification state.","Better Auth core model/adapter owns this field; absence from application queries does not make it unused.","packages/db/src/schema/auth.ts:241","0000_auth","","","apps/api/src/auth/instance.ts:216; apps/api/node_modules/better-auth/dist/db/internal-adapter.mjs","primary_key:verifications_pkey"
"verifications","identifier","identifier","text","false","FRAMEWORK","Short-lived magic-link and password-reset verification state.","Better Auth core model/adapter owns this field; absence from application queries does not make it unused.","packages/db/src/schema/auth.ts:242","0000_auth","","","apps/api/src/auth/instance.ts:216; apps/api/node_modules/better-auth/dist/db/internal-adapter.mjs","index:verifications_identifier_idx"
"verifications","value","value","text","false","FRAMEWORK","Short-lived magic-link and password-reset verification state.","Better Auth core model/adapter owns this field; absence from application queries does not make it unused.","packages/db/src/schema/auth.ts:243","0000_auth","apps/api/src/modules/auth/routes.ts:529","","apps/api/src/auth/instance.ts:216; apps/api/node_modules/better-auth/dist/db/internal-adapter.mjs",""
"verifications","expires_at","expiresAt","timestamp with time zone","false","FRAMEWORK","Short-lived magic-link and password-reset verification state.","Better Auth core model/adapter owns this field; absence from application queries does not make it unused.","packages/db/src/schema/auth.ts:244","0000_auth","","","apps/api/src/auth/instance.ts:216; apps/api/node_modules/better-auth/dist/db/internal-adapter.mjs",""
"verifications","created_at","createdAt","timestamp with time zone","false","FRAMEWORK","Short-lived magic-link and password-reset verification state.","Better Auth core model/adapter owns this field; absence from application queries does not make it unused.","packages/db/src/schema/auth.ts:245","0000_auth","","","apps/api/src/auth/instance.ts:216; apps/api/node_modules/better-auth/dist/db/internal-adapter.mjs",""
"verifications","updated_at","updatedAt","timestamp with time zone","false","FRAMEWORK","Short-lived magic-link and password-reset verification state.","Better Auth core model/adapter owns this field; absence from application queries does not make it unused.","packages/db/src/schema/auth.ts:246","0000_auth","","","apps/api/src/auth/instance.ts:216; apps/api/node_modules/better-auth/dist/db/internal-adapter.mjs",""
